Ticker,MaxDrawdown,DebtToEquity,ReturnSD,PriceChange12M,RSI,EarningsGrowth,ROE,ROA,OperatingMargin,EBITDAMargin,LogMarketCap,RevenueGrowth,PE,Sector,MaxDrawdown_ZScore,DebtToEquity_ZScore,ReturnSD_ZScore,PriceChange12M_ZScore,RSI_ZScore,EarningsGrowth_ZScore,ROE_ZScore,ROA_ZScore,OperatingMargin_ZScore,EBITDAMargin_ZScore,LogMarketCap_ZScore,RevenueGrowth_ZScore,PE_ZScore,Risk_Score,Momentum_Score,Quality_Score,Size_Score,Growth_Score
ALLE,0.2984056471895669,104.895,0.01722088380552595,-0.12052286,43.88442410257682,0.162,0.3373,0.1103,0.22102,0.24468,23.29405245058418,0.127,20.420982,industrials,-0.016047187639676084,0.02260654932590029,-0.7754160494639812,-0.5530199492408929,0.6839476250739536,-0.1929957887425361,-0.058338439652283164,0.9079264617390748,0.6829913063315821,0.5108063784847229,-0.31615107822065364,-0.006626387825990022,-0.329357556220832,-0.25628556259258567,-0.02068937096982515,0.5108464267257742,-0.31615107822065364,-0.006626387825990022
FBIN,0.47934133907000726,121.292,0.02983905555758632,-0.27854997,34.228527092914106,,0.06406,0.054190002,0.11015,0.16804,22.23599778504201,-0.041,30.934958,industrials,1.4280786459831334,0.17416574087497128,0.7973486462888817,-1.0544365827393793,-0.38263422375808215,0.0,-0.11962211255467617,-0.42438564151810193,-0.4983266674991936,-0.22410642527903532,-1.2569726233736436,-1.0819084123161975,-0.11101620813906539,0.7998643443823288,-0.4790236021658205,-0.3166102117127517,-1.2569726233736436,-1.0819084123161975
OSK,0.3306170988599786,24.359,0.025917728480232816,0.016049385,37.19636157773744,-0.076,0.12387,0.05014,0.08405,0.09823,22.796854636697248,0.067,15.084311,industrials,0.2410463079127222,-0.721796149374836,0.3085833236299703,-0.11967914260821758,-0.05480984983583847,-0.4348934502275813,-0.10620761805792561,-0.5205515099042634,-0.7764217258286176,-0.8935253035507987,-0.7582590625638764,-0.3906556822867783,-0.44018298899801056,-0.05738883927738118,-0.20312748089054578,-0.5741765393354012,-0.7582590625638764,-0.3906556822867783
GWW,0.13349190768347355,61.977,0.014780580633316023,0.32274365,40.701344806000236,0.205,0.46091,0.19934,0.16072,0.17066,24.79530469734544,0.103,31.844582,industrials,-1.3322949056270261,-0.37408902809088485,-1.0795823543455738,0.8534551877582159,0.33234749950051184,-0.14929158939859935,-0.03061455293194646,3.0221498426420466,0.040495826742912786,-0.1989828403904516,1.0187614782478527,-0.1602381056103054,-0.09212625343424885,-0.928655429354495,0.3455036992867095,0.7082620690156404,1.0187614782478527,-0.1602381056103054
CNH,0.24064178832860425,335.044,0.026357122692340123,0.20479703,64.81093448204392,-0.353,0.03914,0.0086900005,0.05538,0.05796,23.75169955161139,0.02,51.4,industrials,-0.4770854712635594,2.1498979060269505,0.36335066377238645,0.47921309010215374,2.9954714646301546,-0.7164298041408482,-0.12521129835736844,-1.5047671217788872,-1.0819000906678737,-1.279680556781051,0.0907884370477554,-0.6914786296143959,0.31397666409404323,0.6787210328452592,0.9194182501971534,-0.997889766896295,0.0907884370477554,-0.6914786296143959
KRMN,0.7187960975670444,207.854,0.045844661798929126,-0.5523771,16.8426222562139,1.118,0.09503,0.05138,0.20229,0.26108998,22.181123110300813,0.582,120.074066,industrials,3.339270402212102,0.9742673898882468,2.792332779104734,-1.9232841980957094,-2.3030659046044035,0.7786603641133598,-0.11267600162733349,-0.49110814745682735,0.4834234732852176,0.6681642126640964,-1.3057671497446652,2.905595761834988,1.74011537210481,2.3686235237350277,-1.1492299128622512,0.1369508842162883,-1.3057671497446652,2.905595761834988
SITE,0.46339970306817097,66.846,0.02578948657142398,-0.30086297,44.03097182917172,0.098,0.10059,0.04585,0.12909001,0.08104999,22.09508551141343,0.047,24.607628,industrials,1.3008415699745168,-0.32908435018319276,0.2925988885902777,-1.1252352535703003,0.7001351574199697,-0.25804389939397676,-0.11142897622352255,-0.6224160461135372,-0.29652118145666956,-1.0582670743987814,-1.3822717287259438,-0.5186654471070411,-0.2424144310338299,0.42145203612720056,-0.2277146651814358,-0.5221583195481276,-1.3822717287259438,-0.5186654471070411
OTIS,0.30461504173604254,,0.013769637653980987,-0.289411,37.906143481536745,0.13,,0.14249,0.15133001,0.17705,23.92131235234541,0.073,16.88189,industrials,0.03351266969155403,-2.627048425757539e-16,-1.2055891529975054,-1.0888983981767817,0.023592031881024086,-0.22551984406825645,0.0,1.672266653015655,-0.05955435780738272,-0.13770814289501296,0.24160803310571122,-0.35225275284069957,-0.40285307478254406,-0.39069216110198385,-0.43027540345467136,0.36875103807831483,0.24160803310571122,-0.35225275284069957
WAB,0.10846741332138131,61.686,0.016464491773337545,0.47182488,45.354853046848355,0.189,0.11553001,0.061669998,0.19188,0.22128999,24.604990817445636,0.175,39.23224,industrials,-1.5320261936115194,-0.3767787716257253,-0.869694896491122,1.3264867357275079,0.8463699065448339,-0.16555361706145952,-0.10807815392079059,-0.2467757759266745,0.37250509944578064,0.2865159579580743,0.8495344955761731,0.30059704774264057,0.06129155985418235,-0.9261666205761223,0.6691010084036275,0.07604178188909745,0.8495344955761731,0.30059704774264057
FIX,0.26469436801983537,11.498,0.03573094279069679,0.99890757,45.32492734627223,0.919,0.55292,0.17039,0.17062001,0.17837,24.787401749982173,0.503,40.9834,industrials,-0.2851114536643643,-0.8406717218888693,1.5317301726839447,2.9989088156802857,0.8430643401105468,0.5764013950565363,-0.009978076780031734,2.3347423080829612,0.14598026576252496,-0.125050458905345,1.0117341824079338,2.39995719079495,0.09765750125512027,0.1353156657102371,1.4727915169491228,0.5864235095400273,1.0117341824079338,2.39995719079495
KBR,0.36549198008051814,170.402,0.021196019427973428,-0.2544567,40.188322219042355,0.331,0.27531,0.052010003,0.07611,0.08727,22.212239118258726,0.016,10.590362,industrials,0.5193977840183197,0.6280946240227954,-0.2799438772141371,-0.9779891533497633,0.2756794780062308,-0.021228121553575396,-0.07224187576419702,-0.47614894852781786,-0.861022291465998,-0.9986224372831941,-1.2780988149796038,-0.7170805825784484,-0.5335078056868356,0.28918284360899266,-0.24117926563236933,-0.6020088882603017,-1.2780988149796038,-0.7170805825784484
SNA,0.12808091729269677,21.595,0.01231759540825183,0.06326032,26.956282611761395,0.051,0.17932,0.09849,0.25397,0.26835,23.656859427872146,0.042,18.729382,industrials,-1.3754823548671076,-0.7473440914033556,-1.3865758145914577,0.030120142413294682,-1.185919921203333,-0.3058136056536286,-0.0937710067915016,0.6275021790743835,1.0340729987436326,0.7377816663903614,0.006456658487773258,-0.5506678883121068,-0.36448662864929443,-1.1698007536206403,-0.4872044614812223,0.576396459354219,0.006456658487773258,-0.5506678883121068
AMTM,0.5171862129335013,79.871,0.029458357685232712,-0.27833003,35.152152571868314,5.75,0.04287,0.03081,0.04384,0.0712,22.21176842247063,-0.02,21.831327,industrials,1.7301349149727927,-0.20869290846052108,0.7498973843191579,-1.0537387178327082,-0.28061136974612083,5.486517372511383,-0.12437471476812118,-0.9795355390243716,-1.204858595385175,-1.1527201507028653,-1.2785173573792312,-0.9474981592549213,-0.30006924240307364,0.7571131302771432,1.3840557616441844,-0.8653722499701332,-1.2785173573792312,-0.9474981592549213
FCN,0.3025183243348113,95.02,0.01906415882122094,-0.17981994,35.1351278975106,-0.066,0.15634,0.06876,0.092250004,0.11165,22.035384157134416,0.053,15.994055,industrials,0.01677786334430595,-0.06866911186499289,-0.5456650263987729,-0.7411683133405114,-0.2824919002275503,-0.42472968293829366,-0.09892507941372745,-0.07842618025002525,-0.6890508219710885,-0.76483884965584,-1.4353581355154512,-0.48026251766096234,-0.4212905422804892,-0.19918542497315328,-0.4827966321687851,-0.4078102328226703,-1.4353581355154512,-0.48026251766096234
WM,0.16219718584638007,235.301,0.012835234082256796,-0.04527223,31.19367549092938,0.083,0.29841,0.06566,0.18986,0.30288,25.123990627251345,0.04,29.341007,industrials,-1.1031856938095246,1.2279628909218105,-1.322055862919505,-0.31425131287691577,-0.7178612492054882,-0.2732895503279082,-0.06706088892462272,-0.15203458636861494,0.35098203362871416,1.068895172574633,1.3110288010195574,-0.563468864794133,-0.14411742599578106,-0.3990928886024063,-0.43513403747010404,0.30019543272752736,1.3110288010195574,-0.563468864794133
CPRT,0.4069055859891233,0.97,0.019662489675209192,-0.39107025,38.084523696439035,-0.15,0.1616,0.10268,0.32011002,0.39995,23.952895413521965,0.024,17.48718,industrials,0.8499376434265461,-0.9379831305995249,-0.47108737267657436,-1.41146101986227,0.043295752748712425,-0.5101053281683096,-0.09774533955328761,0.7269922505701546,1.738793792606057,1.9997144035421175,0.2696916712999265,-0.6658766766503433,-0.39028315503187955,-0.18637761994985103,-0.626090198427289,1.0919387767912605,0.2696916712999265,-0.6658766766503433
KEX,0.15538365570555127,35.618,0.018322797695812812,0.5761558,39.123747835602344,0.0,0.10414,0.05133,0.13833,0.22307,22.659125631677803,0.078,20.285936,industrials,-1.1575674180137263,-0.6177280309598219,-0.6380703785968934,1.6575265090689295,0.1580875325896203,-0.3576488188289954,-0.11063276396029793,-0.49229537981357885,-0.19806924436803752,0.30358474892659626,-0.8807276074649844,-0.32025031163563383,-0.3321620257852527,-0.8044552758568139,0.48598840760985146,-0.12435315980382952,-0.8807276074649844,-0.32025031163563383
LUV,0.33491319051174234,97.275,0.02783131195434287,0.30238318,48.14528459315122,0.205,0.11099,0.02318,0.033800002,0.07774,23.737359926208246,0.164,26.025,industrials,0.27533526921960966,-0.04782591024621162,0.5470977922545535,0.7888518527744467,1.1545985086847095,-0.14929158939859935,-0.10909641071999127,-1.1607071966646423,-1.311834604175876,-1.0900070800267825,0.07803765113085796,0.23019167709149616,-0.21298018910543387,0.25820238374265053,0.5980529240201856,-0.917911322896823,0.07803765113085796,0.23019167709149616
GTES,0.24991082039928797,60.695,0.02561105332322919,0.034563065,45.73786618745812,2.058,0.10384,0.04438,0.15346,0.21109,22.615256786791516,0.066,18.84892,industrials,-0.40310532656774267,-0.38593868861207214,0.27035846273274805,-0.06093563271761552,0.8886771995109582,1.7340544893063952,-0.11070004950366903,-0.6573206774020296,-0.036859350401593556,0.18870667756582102,-0.9197357568301632,-0.39705617052779146,-0.36200421019342216,-0.17289518414902227,0.8539320186999126,-0.1540433499353678,-0.9197357568301632,-0.39705617052779146
PCAR,0.2033806334204505,72.91,0.016965473826989857,0.14420223,23.76836186754177,0.042,0.12755999,0.041160002,0.12024,0.11762,24.78025694231061,0.005,23.513918,industrials,-0.7744828273863241,-0.2730341618832864,-0.8072510731962405,0.2869470882527616,-1.5380548288040652,-0.3149609962139875,-0.10538000811731259,-0.7337783936875284,-0.3908178882446384,-0.7075915970662049,1.0053810239064918,-0.7874859532295929,-0.26512725782842295,-0.6182560208219504,-0.522022912255097,-0.4843919717789211,1.0053810239064918,-0.7874859532295929
WSO,0.3359335592249259,15.411,0.022045534870655494,-0.25550085,45.80783684488586,-0.117,0.16744,0.08369,0.1094,0.096260004,23.247924012827728,0.021,25.782795,industrials,0.28347927222539876,-0.8045034522949488,-0.1740578643272817,-0.9813022189235593,0.8964060964833054,-0.4765648961136605,-0.09643551430899695,0.27608140147595606,-0.5063179048075104,-0.9124158996333064,-0.3571684561491177,-0.6850781413733827,-0.21801000524845568,-0.23169401479894391,-0.1871536728513048,-0.3097719793184644,-0.3571684561491177,-0.6850781413733827
CNM,0.3125740594518211,130.656,0.020759735089834256,-0.21618062,38.6894670123583,0.092,0.23561001,0.07126,0.10583,0.12146,22.758065163011292,0.025,17.140495,industrials,0.09703702452814632,0.26071817544626485,-0.33432359384964344,-0.8565399717687122,0.11011725671525993,-0.26414215976754934,-0.0811459937607871,-0.01906456241245297,-0.5443561943950983,-0.670769243641716,-0.7927506382427114,-0.6594761884093302,-0.3974826835698681,0.007810535374922582,-0.33685495827366724,-0.3288339985525136,-0.7927506382427114,-0.6594761884093302
SARO,0.35537436382837595,93.207,0.0226601406668656,-0.20446235,25.219688663076113,0.45,0.12302,0.05608,0.10532,0.12461001,22.67843725121514,0.046,22.473684,industrials,0.4386447227922608,-0.08542686110439436,-0.0974516556721732,-0.8193581521820203,-1.37774255379829,0.09972070918894721,-0.10639826043081037,-0.3795083059221917,-0.5497902357647536,-0.6405633109566446,-0.8635557274816245,-0.5250659353480542,-0.2867295606946734,0.08525540200523107,-0.6991266655971211,-0.4190650282686001,-0.8635557274816245,-0.5250659353480542
AME,0.13567130468554744,20.522,0.014975478788357924,0.34733784,48.87897886233191,0.142,0.14562,0.08162,0.26182,0.31799,24.762712125944276,0.15,36.646446,industrials,-1.3149001977078463,-0.7572619429940217,-1.0552896958257516,0.931492025573083,1.2356417291454411,-0.21332332332111134,-0.10132941616352124,0.2269299819064462,1.117714615904015,1.2137872976381818,0.9897801841949226,0.14058484171731211,0.007592964021193635,-1.0424839455092065,0.6512701437991375,0.6142756198212804,0.9897801841949226,0.14058484171731211
GE,0.20851491484155843,113.225,0.020892490066866838,0.05653417,29.166666666666657,0.194,0.48231998,0.05065,0.20571,0.22676,26.504072326755836,0.211,37.444843,industrials,-0.7335039118376385,0.09960161339882585,-0.31777663719340404,0.00877821260513808,-0.9417628522587816,-0.16047173341681573,-0.025812612472398896,-0.5084417398653985,0.5198635154111423,0.3389687291704411,2.5381965828466395,0.5310146244191136,0.02417309291671693,-0.3172263118774055,-0.36448545769015306,0.08114447306094649,2.5381965828466395,0.5310146244191136
PH,0.1934068978641137,56.66,0.016719362045844052,0.27993512,37.804191535480015,0.193,0.25076,0.09787,0.23458,0.26345,25.514835253637802,0.098,34.134335,industrials,-0.8540875146922753,-0.42323461700754095,-0.8379271432482884,0.7176246394578706,0.012330510035006709,-0.1614881101457445,-0.07774807606339827,0.6127804978506657,0.8274728768659497,0.6907948091559878,1.6585675977255145,-0.19224054681537103,-0.044575473710738986,-0.7050830916493682,0.18948901311571095,0.5133250269523012,1.6585675977255145,-0.19224054681537103
WCC,0.20542363569920138,128.65,0.028509565688384232,0.7163948,52.68052415761825,0.104,0.14308,0.051799998,0.06082,0.06347,23.586828485563526,0.13,24.86791,industrials,-0.7581767446105502,0.2421765069552338,0.6316372603029753,2.1025018507378004,1.655557062273757,-0.2519456390204043,-0.10189910043072985,-0.48113544314940954,-1.0239369827248828,-1.2268443152787245,-0.055814811500550766,0.012575076897049411,-0.23700921394360464,0.03854567421588632,1.1687044246637177,-0.7084539603959367,-0.055814811500550766,0.012575076897049411
CR,0.23388129389019935,51.181,0.020200891700655497,0.15759361,42.068482913671915,0.106,0.16521999,0.12728,0.35463002,0.2882,23.190723557077458,0.256,36.367203,industrials,-0.5310438946409387,-0.4738775889229742,-0.4039794180233564,0.3294376500145945,0.4833603664594277,-0.24991288556254673,-0.09693342957279451,1.3111105700918655,2.106603808450184,0.928126383962264,-0.4080310655350397,0.8190365952647048,0.0017939881568398075,-0.4696336338624231,0.18762837697049184,1.0622268332328797,-0.4080310655350397,0.8190365952647048
LHX,0.36747875602928454,52.753,0.01793220296255784,-0.20138466,17.731360469638304,0.283,0.0934,0.04384,0.12566,0.18062,24.509541926882516,0.084,23.868952,industrials,0.535255100191902,-0.4593474279718771,-0.6867552133638728,-0.8095927077671224,-2.2048966671059818,-0.07001420454215598,-0.1130415864129831,-0.6701427868549453,-0.33306787996320253,-0.10347486119568351,0.7646614019381264,-0.28184738218955496,-0.2577543475064989,-0.2036158470479493,-1.0281678598050867,-0.3049317786067036,0.7646614019381264,-0.28184738218955496
SWK,0.26135771413950043,58.172,0.023624455958854575,0.1992166,37.03491765769728,2.478,0.06886,0.038,0.08443,0.117460005,23.316919568697756,0.004,21.660145,industrials,-0.3117427281043101,-0.4092590423522872,0.022743335854014203,0.46150650530114107,-0.07264280254306121,2.1609327154564753,-0.11854554386073865,-0.808811526123514,-0.7723728322590704,-0.7091258138464526,-0.2958176511327559,-0.793886441470606,-0.30362414005999555,-0.23275281153419436,0.8499321394048517,-0.602213929022444,-0.2958176511327559,-0.793886441470606
GEV,0.2554346724951537,28.364,0.03313685198637555,0.5878743,44.72286003305783,0.328,0.82577,0.02544,0.07466,0.09493,26.25723775738733,0.219,27.622494,industrials,-0.35901707935766536,-0.684777514127289,1.2083953413960922,1.6947090584406923,0.7765605168606768,-0.024277251740361685,0.051218124915978866,-1.1070442941394767,-0.8764720169287437,-0.9251695135249689,2.3187114385403644,0.5822185303472187,-0.1798053945736094,0.05486691597037926,0.8156641078536692,-0.7143669249193025,2.3187114385403644,0.5822185303472187
PSN,0.5484376830394605,59.881,0.03699778976174439,-0.5246539,38.761277651672984,,0.082440004,0.03615,0.02224,0.07477,22.199359131541065,-0.005,28.650352,industrials,1.9795663834114718,-0.39346257602568097,1.6896335702708245,-1.8353190786057356,0.11804939646047678,0.0,-0.1154997507003332,-0.8527391233233174,-1.435006229864698,-1.1184868690035357,-1.2895516910926255,-0.8514908356397244,-0.15846010128431248,1.0919124592188718,-0.572423227381753,-0.8804329932229711,-1.2895516910926255,-0.8514908356397244
CXT,0.4698027778055563,114.1,0.023494956867508576,-0.2873389,48.646672625957706,0.419,0.11484,0.05825,0.15592,0.23844999,21.72063404432178,0.22,19.382715,industrials,1.351947272485583,0.1076893302132088,0.006602202019169651,-1.082323669282023,1.2099813876112195,0.06821303059215557,-0.10823291291339555,-0.32798242163917884,-0.010648092030314615,0.4510658498237592,-1.7152337384661946,0.5886190185882318,-0.3509190108454964,0.48874626823932044,0.06529024964045067,0.001050605810217542,-1.7152337384661946,0.5886190185882318
LSTR,0.2716710949779462,16.625,0.022296039915010384,0.3842361,34.452139020478896,0.201,0.14977999,0.07333,0.04615,0.04903,22.467810118677882,0.181,43.69042,industrials,-0.2294271852393254,-0.7932823229090507,-0.1428342054953243,1.0485694138209087,-0.3579342478900422,-0.15335709631431438,-0.10039639220496017,0.03008685715705689,-1.180245584475559,-1.365311706802063,-1.0508452416612195,0.33899997718871944,0.15387356985602857,-0.3885145712145668,0.17909268987218405,-0.6539667065813813,-1.0508452416612195,0.33899997718871944
TDY,0.18387182843282915,18.565,0.016387303064004616,0.053071856,31.76662287068328,0.212,0.09154,0.05139,0.20198,0.24981001,24.06006994701066,0.098,29.328661,industrials,-0.9301910183625409,-0.7753506993434474,-0.8793159160282619,-0.0022076355192418404,-0.6545739880665327,-0.14217695229609803,-0.11345875678188391,-0.4908707009854772,0.4801204285311133,0.5599988371542963,0.3649911992748983,-0.19224054681537103,-0.14437381256955845,-0.8616192112447499,-0.2663195252939575,0.10894745197951212,0.3649911992748983,-0.19224054681537103
GNRC,0.4077620839186907,49.003,0.03624065803915213,0.24842644,48.447079308793235,0.92,0.09491,0.04721,0.17932,0.14333999,23.226608261358695,0.106,48.808964,industrials,0.8567737229953579,-0.49400907146208967,1.5952625261349553,0.6176482730509858,1.1879344862179293,0.5774177717854652,-0.11270291584468195,-0.5901233260098978,0.23867851198916906,-0.4609586382499755,-0.3761224089894616,-0.14103664088726597,0.2601692088394006,0.6526757258894079,0.79433351035146,-0.23127659202884654,-0.3761224089894616,-0.14103664088726597
AIT,0.1294102093542044,25.967,0.0162416286745909,0.30300796,40.62553981521396,0.134,0.22368999,0.11102,0.117740005,0.12389,23.225218565297517,0.104,30.682365,industrials,-1.3648727013128417,-0.706933236646233,-0.8974731848661848,0.7908342663253697,0.3239741472223537,-0.2214543371525414,-0.08381947716976815,0.9250226076762955,-0.41745529266411235,-0.6474675981152815,-0.3773581258556602,-0.15383761736929225,-0.11626174951523155,-0.9897597076084198,0.29778469213172737,-0.055929940068216624,-0.3773581258556602,-0.15383761736929225
PAYX,0.32113334673396715,124.704,0.018668613889365467,-0.19534922,27.77431994177543,0.139,0.47055,0.1019,0.38504001,0.46618998,24.280443034146668,0.059,19.7,industrials,0.16535238980010186,0.2057032148985993,-0.5949668679515857,-0.7904423859870044,-1.0955602407938514,-0.21637245350789758,-0.02845244413828861,0.7084714258048322,2.4306217372949046,2.6348998083314603,0.5609468101725561,-0.44185958821488347,-0.3443300254201804,-0.07463708775096152,-0.7007916934295845,1.436385131823227,0.5609468101725561,-0.44185958821488347
WWD,0.2696971673546767,55.941,0.02435966732500082,0.2964579,35.4680543578459,0.364,0.22339001,0.08618,0.17764,0.19163999,23.688635043548683,0.212,36.632107,industrials,-0.24518195338285367,-0.429880409452731,0.1143821646250868,0.7700510663135925,-0.245717137692885,0.012312310501073703,-0.08388675822743635,0.33520557284217817,0.2207781404185393,0.00219752591742429,0.03471151602263245,0.5374151126601268,0.007295189269744291,-0.18689339940349928,0.17888207970726044,0.11857362023767634,0.03471151602263245,0.5374151126601268
CSX,0.13364823612017654,138.068,0.013623202347900413,0.34085715,35.655850805569756,0.227,0.24357,0.07383,0.38424,0.47070998,25.17945569436196,0.101,26.884392,industrials,-1.3310471809154096,0.32922806919278647,-1.2238412646457468,0.9109289350847021,-0.22497330807074256,-0.1269313013621666,-0.07936068625285883,0.041959180724571346,2.4220976442828697,2.6782427868415355,1.360348303915263,-0.1730390820923316,-0.19513339091884058,-0.74188679212279,0.18634144188393098,1.2657347313990295,1.360348303915263,-0.1730390820923316
LDOS,0.4947102401091213,123.276,0.021746413262670055,-0.3618124,32.48209239732495,-0.067,0.27781,0.089099996,0.11715999,0.13508001,23.450380895743386,0.072,11.493396,industrials,1.5507444771097134,0.19250406105752638,-0.21134122946292497,-1.318626488809948,-0.5755438565577969,-0.42574605966722245,-0.07168116290277123,0.4045398474978738,-0.4236353426739567,-0.5401648629476865,-0.17714392280994085,-0.3586532410817127,-0.5147547040130569,0.510635769568105,-0.7733054683449891,-0.15773538025663514,-0.17714392280994085,-0.3586532410817127
TTEK,0.3829587517281902,55.247,0.023360664131971784,0.0005937815,38.2324649430782,-0.023,0.24297,0.085360005,0.14253001,0.15020001,22.855852844684367,-0.039,20.339506,industrials,0.658807625737451,-0.43629512427465306,-0.010136425216099603,-0.16871944129910313,0.05963721208708487,-0.38102548359435695,-0.07949525733960101,0.31573508091469005,-0.1533182088916327,-0.3951768463387614,-0.7057978930162173,-1.069107435834171,-0.3310495497802913,0.0707920254155661,-0.16336923760212507,-0.07806380791382625,-0.7057978930162173,-1.069107435834171
AWI,0.25226573411687603,65.589,0.01715000286497103,-0.16799307,35.08427626608798,0.124,0.36618,0.10623,0.21568,0.26501,22.64658249534111,0.112,22.33517,industrials,-0.3843097440036965,-0.34070293308111205,-0.7842508508200758,-0.7036419082811246,-0.28810892648669373,-0.231618104441829,-0.051861084677092446,0.8112857478995074,0.6260936966963667,0.7057538902346865,-0.8918809564304693,-0.1026337114411871,-0.28960604942626245,-0.5030878426349615,-0.4077896464032158,0.522818062538367,-0.8918809564304693,-0.1026337114411871
GD,0.1619820048253796,35.335,0.014135178343217931,-0.024680853,16.979089160388796,0.134,0.17803,0.06079,0.1038,0.12091,25.220616787189094,0.081,20.283007,industrials,-1.1049031463922767,-0.6203438296552165,-1.1600271252973229,-0.24891531493049904,-2.2879918909924535,-0.2214543371525414,-0.09406033462799732,-0.2676710179162056,-0.5659858100429422,-0.676043278637411,1.3969487218473244,-0.3010488469125944,-0.332222851662022,-0.9617580337816053,-0.9194538476918314,-0.4009401103061391,1.3969487218473244,-0.3010488469125944
PNR,0.5226175193011382,47.067,0.020601624783051005,-0.51610863,24.56648248565355,-0.111,0.17126,0.08663,0.2344,0.25794,22.858284485970948,-0.17,13.763638,industrials,1.7734845147908727,-0.5119037226079701,-0.3540309106804472,-1.808205120021442,-1.4498951307869086,-0.47046663574008796,-0.09557874505673836,0.34589066405294094,0.8255549799119535,0.6379585676536611,-0.7036356791089363,-1.9075713954068922,-0.46760910478857265,0.3025166271674851,-1.2428556288494796,0.4284563666404543,-0.7036356791089363,-1.9075713954068922
XPO,0.24171300139458532,206.167,0.02702948949854456,0.3973844,33.37892251085462,0.528,0.21587,0.06445,0.12314,0.16107,23.748793523194088,0.132,52.375,industrials,-0.46853565753791937,0.9586742718701164,0.4471563684476121,1.0902886879519622,-0.476480794926184,0.1789980940453906,-0.08557338475745657,-0.18076560940199998,-0.35991843731914686,-0.2909428324062978,0.0882043984012976,0.0253760533790757,0.33422426732042715,0.31243166092660307,0.26426866235705626,-0.2293000659712253,0.0882043984012976,0.0253760533790757
CW,0.32816023121517296,41.482,0.022298548384624247,-0.005439937,20.80548594115855,0.276,0.19746,0.08494,0.19395,0.23074,23.723273476484593,0.054,36.76944,industrials,0.22143698706075718,-0.5635264636460601,-0.14252154273192444,-0.187864300796613,-1.8653314847438875,-0.07712884164465726,-0.0897024742689961,0.3057622103947422,0.39456091441673513,0.3771335642301979,0.06551198886941337,-0.4738620294199492,0.01014715244296386,-0.16153700643907576,-0.7101082090617193,0.2469385536931698,0.06551198886941337,-0.4738620294199492
LII,0.37801614155016283,156.082,0.025695235269084026,-0.32938594,32.54284758717672,0.001,0.71757007,0.15994,0.22856002,0.22081,23.230401157042273,0.03,15.999098,industrials,0.6193585210890828,0.49573336141483687,0.28085113909361975,-1.2157380261311497,-0.5688328919883321,-0.35663244210006667,0.026950487973430835,2.086610745521909,0.7633300918375218,0.28191325967155867,-0.37274976852593766,-0.6274737472042645,-0.4211858154465705,0.46531434053251314,-0.7137344534065161,0.7897011462511051,-0.37274976852593766,-0.6274737472042645
TXT,0.2450922552446241,52.285,0.01686413913184573,-0.100984395,27.96046942176278,0.052,0.12126,0.045479998,0.08701,0.10981,23.296290337578235,0.03,14.625719,industrials,-0.44156437435718005,-0.46367320107945564,-0.8198817168512169,-0.4910248185065018,-1.0749983337721272,-0.30479722892469985,-0.10679300228525412,-0.6312016130427921,-0.7448829759184606,-0.7824828940050742,-0.31416115050879323,-0.6274737472042645,-0.4497064647506196,-0.5750397640959509,-0.6236067937344429,-0.5663401213128952,-0.31416115050879323,-0.6274737472042645
ATI,0.22051083302929428,109.699,0.026181399499499984,1.2762318,34.511867455181786,0.557,0.25357,0.0879,0.18198,0.19444,23.973278668443974,0.106,55.54252,industrials,-0.6377593123454485,0.06701042541309533,0.341448026896421,3.878852654393529,-0.35133669778677346,0.2084730191843247,-0.07711783480715567,0.3760463659144278,0.2670207669759992,0.02904725451432609,0.2878164487953743,-0.14103664088726597,0.4000034346759507,-0.07643362001197739,1.2453296585970266,0.14874913814939936,0.2878164487953743,-0.14103664088726597
G,0.42689075240674784,54.308,0.02448738950542034,-0.22125602,43.89884664467506,0.147,0.22447,0.091759995,0.15016,0.16743,22.421841938301416,0.071,9.681547,industrials,1.009447880533405,-0.4449743998046023,0.13030181924506753,-0.8726441072025515,0.6855407263260281,-0.20824143967646752,-0.08364453251415187,0.4677005851324035,-0.07202079455818768,-0.22995580954698797,-1.0917201188278893,-0.36505372932272584,-0.5523809600726675,0.23159176665795678,-0.13178160685099696,0.020519862128268992,-1.0917201188278893,-0.36505372932272584
PWR,0.2852812633542575,67.78,0.027971710519260475,0.54870975,41.98733272867116,0.947,0.15337,0.052259997,0.07217,0.092539996,25.293814880663877,0.411,74.623695,industrials,-0.12079855841662562,-0.32045129017789714,0.5645974673719667,1.5704407805896128,0.4743965887529599,0.6048599434665416,-0.0995912062931013,-0.47021292921194335,-0.9030029247923554,-0.9480876312265163,1.4620364206666572,1.811112272621741,0.7962578556946119,0.041115872925814645,0.8832324376030382,-0.605223672880979,1.4620364206666572,1.811112272621741
XYL,0.3309935304051132,28.642,0.015848865207726544,-0.3226629,32.06114177842592,0.195,0.09182999,0.051149998,0.16995001,0.21674,23.886426334149466,0.015,24.16945,industrials,0.24405077051084054,-0.6822079309565481,-0.9464283367379205,-1.1944059642863456,-0.6220416898427852,-0.15945535668788696,-0.11339371633280995,-0.4965694637871783,0.13884142710042888,0.24288540070341527,0.2105874076009549,-0.7234810708194616,-0.25151397389180974,-0.46152849906120935,-0.6586343369390059,-0.05705908807903603,0.2105874076009549,-0.7234810708194616
DE,0.19898021200855612,230.298,0.02036030935905652,0.47351778,63.525317417148116,0.074,0.18242,0.03759,0.13372,0.17944,25.922132636392043,0.049,37.87648,industrials,-0.8096044895288206,1.1817196369534018,-0.38410914918098005,1.331858271148548,2.853463339999745,-0.2824369408882671,-0.09307572284333362,-0.8185468314488759,-0.24718871635649137,-0.11479006355008388,2.0207361750770985,-0.5058644706250148,0.03313680031551353,-0.003998000585466288,1.300961556753342,-0.31840033354969616,2.0207361750770985,-0.5058644706250148
DRS,0.28162705412568184,9.526,0.02513150187620683,-0.17608792,25.3885977079196,0.6,0.11919,0.06042,0.111719996,0.13152,23.00322043548227,0.101,30.781511,industrials,-0.14996437912123303,-0.8588991248122558,0.21058581099730023,-0.729326693857949,-1.3590850100037217,0.25217721852826136,-0.10725727253451468,-0.2764565373561662,-0.48159838668704935,-0.5743023489931851,-0.5747587236847249,-0.1730390820923316,-0.11420280708499257,-0.26609256431206285,-0.6120781617778032,-0.3599036363927288,-0.5747587236847249,-0.1730390820923316
TKR,0.2076141187093155,65.523,0.021181526793542484,0.54309773,35.1789976394395,-0.634,0.08538,0.06325,0.20501,0.19465,22.8139447383281,0.075,31.725542,industrials,-0.7406935544774064,-0.3413129780065398,-0.2817502802517022,1.5526339613955757,-0.27764608731058477,-1.0020316649698302,-0.11484035327243705,-0.20925918596403448,0.5124050272567132,0.031060976967227715,-0.7430625549099724,-0.33945177635867324,-0.09459833003739623,-0.4545856042452161,0.09098540303838691,0.054841616246867356,-0.7430625549099724,-0.33945177635867324
ADP,0.34600840408201944,91.436,0.017361270289744456,-0.1022256,44.10461320684956,0.098,0.72239,0.062470004,0.23459,0.29212,25.350751889084766,0.068,23.91659,industrials,0.3638909564910144,-0.1017963999367053,-0.757917880119149,-0.49496313537239583,0.7082695189065894,-0.25804389939397676,0.02803152667029964,-0.22777991575076842,0.827579426696727,0.965715869749763,1.5126647728524867,-0.3842551940457652,-0.2567650599962441,-0.16527444118827997,-0.014912505286594399,0.39838672684150533,1.5126647728524867,-0.3842551940457652
GGG,0.22550849606939413,2.07,0.012754767692955112,-0.079660594,39.86385767255445,0.145,0.21240999,0.12705,0.29729,0.32419,23.244547143452127,0.033,24.549519,industrials,-0.5978708070486651,-0.9278157151757291,-1.3320854217791496,-0.4233648549039803,0.2398394109956566,-0.21027419313432505,-0.08634941360052131,1.3056493012508086,1.49564686567201,1.2732400557714711,-0.36017116628045487,-0.6082722824812251,-0.2436211674193498,-0.9525906480011813,-0.13126654568088292,0.9970467022734422,-0.36017116628045487,-0.6082722824812251
DAL,0.22896577341848948,96.649,0.024804484636056272,0.51256466,47.086373064841275,-0.254,0.20125,0.04019,0.07921,0.10993,24.728509938872204,0.187,14.0742,industrials,-0.5702767846535332,-0.05361209393284449,0.16982545519319162,1.4557531846113037,1.037632077240364,-0.6158085079769009,-0.08885243357107458,-0.7568107488978008,-0.8279918439249552,-0.781332195460559,0.9593676208967212,0.3774029066347983,-0.4611597343750422,-0.15135447446439534,0.6258589179582555,-0.6137468054635974,0.9593676208967212,0.3774029066347983
LECO,0.20094223900446373,77.347,0.01851356156758321,0.16743541,42.36931855557598,0.125,0.37736,0.12975,0.18243,0.1975,23.391960487773225,0.12,27.108604,industrials,-0.7939447054275841,-0.23202250530566684,-0.6142930288634331,0.36066547050416375,0.5165904055552795,-0.23060172771290025,-0.049353576760796325,1.3697598485153868,0.27181550936098936,0.05839006739946577,-0.22909131294482613,-0.05142980551308203,-0.19047723131412878,-0.5467534131988946,0.215551382782181,0.4126529621287614,-0.22909131294482613,-0.05142980551308203
TTC,0.13934687939945659,80.671,0.0163661354908876,0.27379704,50.089437283486845,0.498,0.26447,0.09356,0.13983,0.14172,22.93455136438023,0.084,26.059458,industrials,-1.2855638498452342,-0.20129842451594226,-0.8819543023450258,0.6981486431573346,1.3693478964210208,0.14850679217752774,-0.07467312673133925,0.5104410686986913,-0.18208676975140392,-0.4764929727093863,-0.6358192186501116,-0.28184738218955496,-0.21226460765725463,-0.7896055255687341,0.7386677772519611,-0.05570295012335953,-0.6358192186501116,-0.28184738218955496
GXO,0.32657416320926386,202.482,0.025416331426661234,-0.16802973,44.15863079844877,-0.04,0.04502,0.024230001,0.029930001,0.06898,22.35206108853103,0.043,39.6875,industrials,0.2087778938911825,0.9246134302004008,0.24608777356875589,-0.7037582296754984,0.7142362543284447,-0.39830388798614585,-0.12389250170729499,-1.1357752934282146,-1.3530693993417735,-1.1740080737763978,-1.1537692066880345,-0.5442674000710938,0.07074584072068857,0.4598263658867798,-0.12927528777773317,-0.9466863170634203,-1.1537692066880345,-0.5442674000710938
RBA,0.319318540852343,77.606,0.02042595013979858,-0.24288374,42.51433312896206,0.34,0.08066,0.04127,0.17721,0.27291,23.436199259425305,0.111,35.081898,industrials,0.15086764094029245,-0.22962854112860948,-0.37592749619817695,-0.9412683992790686,0.532608587153005,-0.012080730993216536,-0.11589897915480894,-0.7311665299919695,0.21619649769510452,0.781508211081942,-0.1897542249314653,-0.10903419968220024,-0.0248976484225318,-0.15156279879549797,-0.14024684770642673,0.037659799907567015,-0.1897542249314653,-0.10903419968220024
DCI,0.26045163117681425,78.367,0.016297324745604823,0.06371832,34.782595584463365,0.14,0.28205,0.109060004,0.17038,0.18365,23.034693485456838,0.08,22.666668,industrials,-0.3189745672191998,-0.2225945382763289,-0.8905310686940431,0.03157336659832412,-0.32143230792314637,-0.2153560767789688,-0.07073019388979308,0.8784831942702276,0.14342296327403298,-0.07441972294667266,-0.5467729073823339,-0.30744933515360756,-0.282721905862837,-0.47736672472985725,-0.16840500603459704,0.2191890601769487,-0.5467729073823339,-0.30744933515360756
LOAR,0.34371185593914816,80.445,0.02670886125604994,-0.20532697,26.459628123890468,0.052,0.05842,0.048860002,0.26183,0.36545,22.474848081523216,0.394,89.159424,industrials,0.3455612147644876,-0.2033873662302859,0.4071923554221524,-0.822101572913156,-1.2407799369402452,-0.30479722892469985,-0.12088708077005275,-0.550944610747806,1.1178211657347927,1.6688885719939746,-1.0445870895122622,1.7023039725245184,1.098118033538962,0.18312206798545136,-0.789226246259367,0.5287195115527271,-1.0445870895122622,1.7023039725245184
TT,0.16097174528214644,53.404,0.018049602592402677,0.070943356,46.18704870122459,0.071,0.36643,0.110010006,0.19251,0.19399,25.322881419528652,0.106,33.90698,industrials,-1.1129664637504189,-0.4533301666619762,-0.6721221907087276,0.05449825099332048,0.9382935029488095,-0.28548607107505336,-0.051805013390949874,0.9010406565377991,0.37921773878476667,0.024732134972393738,1.4878823687992089,-0.14103664088726597,-0.04929690328154366,-0.7461396070403742,0.23576856095569224,0.3132963792260024,1.4878823687992089,-0.14103664088726597
AXON,0.5444801415130922,50.363,0.039348285237280824,-0.41767865,29.509255252891023,-0.182,0.06221,0.00509,0.0517,0.05129,24.259123266861632,0.353,175.31949,industrials,1.9479795367453094,-0.4814384487563059,1.9826059892622605,-1.495888902842482,-0.9039208198387714,-0.54262938349403,-0.12003704007213126,-1.590247863337315,-1.121110428394015,-1.3436402175470252,0.5419892864711402,1.4398839546429791,2.8873845261820854,1.149715692417088,-0.9808130353917611,-1.0437588873376216,0.5419892864711402,1.4398839546429791
HAYW,0.292894272169072,63.255,0.020647899432439103,-0.19028872,28.014844762532448,0.05,0.104119994,0.05047,0.24106,0.26161,21.677369966015274,0.063,17.239437,industrials,-0.060035849927155716,-0.3622763399894203,-0.34826310720653597,-0.7743855279338572,-1.0689920816931182,-0.3068299823825574,-0.1106372510089002,-0.5127157763497037,0.8965171672098066,0.6731507648067535,-1.7537041297678484,-0.4162576352508309,-0.3954279775612273,-0.25685843237437067,-0.7167358640031777,0.23657872616448905,-1.7537041297678484,-0.4162576352508309
RBC,0.2632649805566785,25.364,0.01767980451959047,0.33854234,38.47338557105766,0.475,0.09747,0.06024,0.2718,0.31401,23.483607646967688,0.192,49.526787,industrials,-0.2965200118120037,-0.7125068289194592,-0.7182148707660834,0.9035840925612348,0.08624909170375517,0.1251301274121662,-0.11212874587458194,-0.2807305738404714,1.224051347020017,1.1756224625784253,-0.14759871645593572,0.409405347839864,0.2750760758042954,-0.5757472371658487,0.3716544372257187,0.5017036224708472,-0.14759871645593572,0.409405347839864
DOV,0.19647721670892834,42.316,0.016499520017324777,0.14002407,36.882475144296315,0.141,0.14914,0.07061,0.18691999,0.22670999,23.949789780252864,0.069,22.617895,industrials,-0.8295819750987623,-0.5558177141338367,-0.8653288768664216,0.27368987611100926,-0.08948146782926865,-0.21433970005004008,-0.10053993245463373,-0.0344985830502217,0.3196562768302817,0.3384891755520144,0.2669301441444115,-0.37785470580475206,-0.2837347636599246,-0.7502428553663402,-0.010043763922766485,0.13077673421936017,0.2669301441444115,-0.37785470580475206
LMT,0.26871804043999065,234.238,0.01786732533074166,0.026472926,24.72496137093306,4.438,0.89165,0.08638,0.119569995,0.12569,25.489961072200906,0.105,18.763817,industrials,-0.2529967877983202,1.2181374703804517,-0.6948417453012654,-0.08660547039239683,-1.4323896931985511,4.153031104156847,0.06599403024027127,0.3399545022691837,-0.39795678018165015,-0.6302071199475524,1.636449491189039,-0.1474371291282791,-0.36377152483688363,0.09009964576028873,0.8780119801886329,-0.15555384190493687,1.636449491189039,-0.1474371291282791
TDG,0.2579241311961207,,0.01730220971670481,-0.14333898,29.034214162448293,0.109,,0.11817,0.46005002,0.50918996,24.814979665019884,0.225,33.33128,industrials,-0.3391476352229004,-2.627048425757539e-16,-0.7652793573610895,-0.6254150090499186,-0.9563934387998647,-0.24686375537576047,0.0,1.0947968346917523,3.2298521245071914,3.047233261666345,1.0362564471668927,0.6206214597932976,-0.06125233423275303,-0.3681423308613301,-0.6095574010751813,1.8429705552163222,1.0362564471668927,0.6206214597932976
BA,0.26872891591127135,790.875,0.021651841897148028,-0.13682562,28.629155398195905,,1.73537,-0.01984,4.0000003e-05,-0.03085,25.714027279142876,0.08,67.65455,industrials,-0.2529099859690843,6.36319166970351,-0.22312887254187558,-0.6047482573516582,-1.0011358718674086,0.0,0.2552278924171379,-2.182201916413585,-1.6715468541589098,-2.1312933712677333,1.8356890219024093,-0.30744933515360756,0.6515312066821639,1.962384270397517,-0.5352947097396888,-1.4324535623557726,1.8356890219024093,-0.30744933515360756
HEI-A,0.27106797497077234,45.034,0.018695967121350722,-0.0785566,24.82259965561815,0.325,0.17728001,0.085039996,0.25136998,0.28475,24.186210648271658,0.231,38.439392,industrials,-0.23424094627277653,-0.5306949549321307,-0.5915574835790738,-0.4198619056006454,-1.4216046545747962,-0.02732638192714797,-0.0942285462435736,0.30813658012965667,1.0063698296418062,0.8950438008074497,0.47715543174037406,0.6590243892393765,0.0448266657794829,-0.45216446159466034,-0.6229309807008632,0.5288304160838347,0.47715543174037406,0.6590243892393765
RRX,0.3788992122169329,68.843,0.03263475775050519,0.088769436,38.33422277694145,0.471,0.047670003,0.032360002,0.123459995,0.201,23.057892705303765,0.042,32.04752,industrials,0.6264066891400821,-0.3106258696365382,1.145812892556864,0.11106002081923641,0.07087729247178678,0.12106462049645116,-0.1232981454013282,-0.9427312884757827,-0.3565088960091804,0.09195210828116143,-0.5261441756413846,-0.5506678883121068,-0.08791188614855051,0.48719790402013596,0.10100064459582479,-0.33264655540128246,-0.5261441756413846,-0.5506678883121068
ETN,0.18325728765955943,105.059,0.02482539210958091,0.15897179,49.65182353847086,-0.159,0.19684,0.07052,0.16563,0.22111,25.840656880524943,0.214,44.07282,industrials,-0.9350959334584512,0.024122418534538934,0.17243142195946,0.3338105856201052,1.321009468953704,-0.5192527187286685,-0.08984153105862967,-0.03663560129237446,0.0928117936546933,0.2847900060328468,1.9482879840489784,0.550216089142153,0.16181478367527896,-0.24618069765481743,0.3785224452817135,0.062781166834134,1.9482879840489784,0.550216089142153
LYFT,0.4851444942754699,42.738,0.029926545218227952,-0.33348078,38.46154022498916,0.345,1.52579,-0.0086199995,0.025799999,0.0068800002,22.460549634092107,0.161,2.1944444,industrials,1.474396131834786,-0.5519171238530716,0.8082536055971181,-1.2287308656984552,0.08494066524713927,-0.006998847348572781,0.20822221181809114,-1.9157869636862375,-1.3970745007628709,-1.7694945686452237,-1.0573012600022451,0.21099021236845672,-0.7078639167496181,0.5769108711929442,-0.3835963492666296,-1.21853345531906,-1.0573012600022451,0.21099021236845672
TRU,0.30176638854534094,113.212,0.026268838614125278,-0.2184537,30.135625719533053,0.321,0.15626,0.04938,0.19701,0.31186,23.1837595683593,0.149,16.930748,industrials,0.010776339335890584,0.09948145303472654,0.3523466860058989,-0.8637524058964562,-0.8347324917428633,-0.03139188884286302,-0.09894302222529308,-0.5385974417268852,0.4271651626346674,1.1550057803225267,-0.4142234399364973,0.13418435347629898,-0.4018384518097905,0.15420149279217202,-0.5766255954940608,0.23615761975125396,-0.4142234399364973,0.13418435347629898
BAH,0.41352275183754256,346.09,0.02640959745845904,-0.3239259,41.29597985939029,-0.245,0.68637,0.09193,0.09964,0.113129996,22.845549281197993,-0.042,10.949526,industrials,0.9027520994786076,2.251997243091721,0.3698912673710217,-1.1984134362201713,0.3980303618995648,-0.6066611174165419,0.01995277576287689,0.4717372938685941,-0.610310539646406,-0.7506469392967697,-0.7149598152075111,-1.0883089005572106,-0.526049128594322,1.1748802033137833,-0.46901473057904947,-0.2173168523279262,-0.7149598152075111,-1.0883089005572106
HEI,0.27105911652422804,45.034,0.02029103333894161,-0.033667922,24.95945136757335,0.325,0.17728001,0.085039996,0.25136998,0.28475,24.469745332524017,0.231,51.29949,industrials,-0.23431164935721188,-0.5306949549321307,-0.3927439087039834,-0.2774310922740106,-1.4064881354355654,-0.02732638192714797,-0.0942285462435736,0.30813658012965667,1.0063698296418062,0.8950438008074497,0.7292742951887751,0.6590243892393765,0.31188939578605984,-0.385916837664442,-0.5704152032122413,0.5288304160838347,0.7292742951887751,0.6590243892393765
RSG,0.14628815045855412,118.798,0.012163292650124993,-0.047850132,43.34456432560838,0.051,0.18152,0.0617,0.20429,0.31123,24.88627976859209,0.046,30.02432,industrials,-1.230162570250024,0.15111343717774722,-1.4058085477645148,-0.32243094067830386,0.6243151912925203,-0.3058136056536286,-0.0932775794734469,-0.2460633890233293,0.5047334394407291,1.1489646129638211,1.0996564545549772,-0.5250659353480542,-0.1299272203512375,-0.8282858936122639,-0.0013097850131373694,0.3285892709769435,1.0996564545549772,-0.5250659353480542
EME,0.2870703566494938,13.432,0.028488382989213808,0.16354668,40.69803937844263,0.348,0.40348998,0.12029,0.10618,0.107030004,24.228236791258162,0.198,23.696293,industrials,-0.1065190328041812,-0.8227955569528503,0.6289969886320371,0.3483266135499071,0.33198238489416876,-0.003949717161786494,-0.04349301041887686,1.1451354866180132,-0.5406269503178838,-0.8091407052630601,0.5145250517317219,0.44780827728594286,-0.2613399176864622,-0.1001058670416648,0.22545309376076314,-0.06203129484545189,0.5145250517317219,0.44780827728594286
MAN,0.3279593422906133,67.414,0.03784045687774135,0.4641471,41.247764987361684,,0.050809998,0.02566,0.024419999,0.0221,21.672906049199597,0.075,25.036037,industrials,0.21983360586697365,-0.3238342665825419,1.7946659883067808,1.3021253043228456,0.3927045897524497,0.0,-0.12259389116880315,-1.1018204717697704,-1.4117783774101738,-1.6235476385003667,-1.7576734418012752,-0.33945177635867324,-0.23351775877679204,0.5635551091970709,0.5649432980250985,-1.0649350947122784,-1.7576734418012752,-0.33945177635867324
TREX,0.43755834735093946,30.034,0.03135029333021315,-0.16012198,39.73412825268128,-0.152,0.17740999,0.09623,0.20618999,0.25899,22.21330020140301,0.078,25.928574,industrials,1.0945905590255558,-0.6693415288929812,0.9857136061561911,-0.6786671083891086,0.2255096139444069,-0.5121380816261671,-0.09419939366048236,0.5738392765492183,0.5249778007386341,0.6480271799181698,-1.2771553005130538,-0.32025031163563383,-0.21498264591436436,0.4703208787629219,-0.3217651920236229,0.41316121588638494,-1.2771553005130538,-0.32025031163563383
BR,0.4187955872563607,123.939,0.018323976450994033,-0.31393862,44.202685493645596,0.084,0.40916002,0.09295,0.24609,0.24194999,23.624038640390243,0.075,16.78125,industrials,0.9448368742713458,0.19863223962659593,-0.6379234552097033,-1.1667240108082482,0.7191024970199049,-0.27227317359897946,-0.04222130467775739,0.4959568339463237,0.9501117320909178,0.48462789070545487,-0.02272756516104831,-0.33945177635867324,-0.40494304277095766,0.16851521956274618,-0.2399648957957742,0.47211878801623475,-0.02272756516104831,-0.33945177635867324
HXL,0.2377012756676201,73.902,0.020520965230738944,0.31796873,22.48088456145976,2.802,0.10764,0.05983,0.13904999,0.19663,22.571141014808457,0.08,42.598984,industrials,-0.5005549716904193,-0.2638650017920087,-0.36408454592526196,0.8383044689250702,-1.6802684340316343,2.4902387756293938,-0.10984776595430182,-0.2904658791658333,-0.19039776310188414,0.050047502951729904,-0.9589634736149572,-0.30744933515360756,0.13120796670219112,-0.3761681731358966,0.5494249368409432,-0.13516597631757235,-0.9589634736149572,-0.30744933515360756
RHI,0.3521955549373466,19.94,0.03744022359473353,0.085344315,33.03746174542191,-0.363,0.09111,0.00234,-0.04662,0.0115600005,22.048162637609746,-0.024,31.956522,industrials,0.41327327732467034,-0.7626414300637027,1.7447797773763274,0.10019218528680807,-0.5141982492584302,-0.7265935714301358,-0.11355519939404914,-1.6555456429586444,-2.1687083645989564,-1.7246173225323815,-1.4239955186894608,-0.973100112218974,-0.08980162091613457,0.46513720821243165,-0.3801998784672526,-1.415606632371008,-1.4239955186894608,-0.973100112218974
EMR,0.23449922541937682,67.677,0.02016980376795252,0.19856691,47.77335244105158,0.23,0.128,0.068969995,0.26924,0.32507,25.183581176206314,0.07,34.390244,industrials,-0.5261119164589617,-0.3214033299857616,-0.40785430608003537,0.4594450528540412,1.1135152119149183,-0.1238821711753803,-0.1052813204108502,-0.07343992307490475,1.1967745903409623,1.2816785117645835,1.3640166797844036,-0.3714542175637389,-0.039261069716830556,-0.4184565175082529,0.48302603119785975,0.5749329646549477,1.3640166797844036,-0.3714542175637389
BLDR,0.5599042668189169,130.786,0.03130871264844459,-0.5495615,36.2100298462589,,0.02506,0.02389,0.033269998,0.07077,22.537124942996375,-0.088,62.64835,industrials,2.071086136574686,0.26191977908725883,0.9805308721123116,-1.9143503596342055,-0.16375918107552975,0.0,-0.12836923319291849,-1.1438484971987717,-1.3174817878270189,-1.156843487154045,-0.9892105433406785,-1.3827313596438149,0.5475685899930123,1.1045122625914188,-0.6927031802365784,-0.9366357513431885,-0.9892105433406785,-1.3827313596438149
HON,0.21927754405156435,185.369,0.01719243643496079,0.0074443817,36.884090261943705,2.639,0.46577,0.0572,0.20249,0.22365999,24.925796803678683,0.043,8.0788965,industrials,-0.647602723861176,0.766436175520932,-0.7789618103706337,-0.1469826336733226,-0.0893030633615418,2.3245693688140054,-0.029524527129334722,-0.35291430113095923,0.48555446990076884,0.3092422542122511,1.1347949773750459,-0.5442674000710938,-0.5856628384670939,-0.22004278623695925,0.6960945572597136,0.1030894739631815,1.1347949773750459,-0.5442674000710938
EFX,0.45316470549610094,120.956,0.024691795870863203,-0.39388853,26.942710209995667,0.007,0.14275,0.061550003,0.17305,0.29860002,23.503551580967,0.106,24.772564,industrials,1.219151637782145,0.17106005761824825,0.15577960806207278,-1.4204033619063414,-1.1874191167057182,-0.3505341817264941,-0.10197311452843805,-0.24962501485964222,0.1718717680916408,1.027853782936679,-0.12986458284947752,-0.14103664088726597,-0.2389892426381921,0.5153304344874886,-0.986118886779518,0.21203185541005987,-0.12986458284947752,-0.14103664088726597
MTZ,0.5335192526287066,89.874,0.03317358946028278,-0.024001837,31.13619418519768,0.514,0.16176,0.052810002,0.05424,0.08123,23.565540429960325,0.234,34.015923,industrials,1.8604959527553142,-0.1162341298384953,1.2129744042831538,-0.24676081171385728,-0.7242105834288383,0.16476881984038794,-0.09770945393015634,-0.4571532545644418,-1.0940467713765154,-1.0565409306904632,-0.0747441371943635,0.6782258539624159,-0.04703450878073134,0.9857454090666575,-0.26873419176743585,-0.6763626026403942,-0.0747441371943635,0.6782258539624159
BWXT,0.4348545922755596,151.4,0.02812188435721143,-0.25681204,33.6562033513071,0.141,0.28289,0.05534,0.10393,0.1356,23.253162698634224,0.18,35.677086,industrials,1.0730107230541939,0.4524571441291902,0.5833155602301026,-0.9854625966946701,-0.44585259837856633,-0.21433970005004008,-0.07054179436835403,-0.397079344802113,-0.5646006622428341,-0.5351785984796656,-0.35251022001486904,0.3325994889477063,-0.012537514608065176,0.7029278091378289,-0.5485516317077588,-0.3918500999732417,-0.35251022001486904,0.3325994889477063
HWM,0.23229112299788676,81.368,0.021406965216489382,0.20860374,28.20797427485445,0.33,0.34732,0.12815,0.28504,0.30646,25.225305237180333,0.241,49.709885,industrials,-0.5437357347173625,-0.1948559803792282,-0.2536509961680799,0.49129169935410444,-1.0476591664693644,-0.022244498282504157,-0.056091102503688595,1.3317684130993401,1.365123322969503,1.103224345819339,1.4011176886396683,0.7230292716495077,0.2788784303228025,-0.33074757042155684,-0.19287065513258805,0.9360062448461234,1.4011176886396683,0.7230292716495077
ROK,0.18728308848486097,103.347,0.01946652791125463,0.23757493,50.69269447632378,0.404,0.30629,0.0999,0.20968,0.23313999,24.60361011516549,0.079,40.49581,industrials,-0.902964279872493,0.008298222893140512,-0.4955126024262696,0.5832166643695692,1.43598315272226,0.05296737965822419,-0.06529352198540865,0.6609821315347745,0.5621637982298324,0.400147439228958,0.8483067759744302,-0.3138498233946207,0.08753183063239965,-0.46339288646854065,0.6907223989166845,0.38949996175203905,0.8483067759744302,-0.3138498233946207
SSD,0.20375499108971773,21.084,0.01826807850364957,0.03973949,33.981088184833936,0.251,0.18722,0.098129995,0.24405001,0.23919001,22.669670455731417,0.063,19.050167,industrials,-0.7714949172864151,-0.7520673180229551,-0.64489073381994,-0.0445109471237487,-0.40996610683316337,-0.10253825986787632,-0.09199915414939612,0.6189539873825375,0.9283756731621271,0.45816201596469425,-0.8713511565285821,-0.4162576352508309,-0.3578249595200888,-0.7228176563764368,-0.18567177127492948,0.47837313058999065,-0.8713511565285821,-0.4162576352508309
AOS,0.3028814696298979,36.766,0.017034717000890178,-0.20629275,39.89193463589557,-0.15,0.27133,0.1254,0.18929,0.20597,22.75943003887815,-0.007,15.789916,industrials,0.019676282647556057,-0.6071169464993516,-0.7986204077185322,-0.8251659721564263,0.24294076754906582,-0.5101053281683096,-0.07313453063958687,1.2664706334780114,0.34490869327439355,0.13961020633316898,-0.7915369914777383,-0.8642918121217507,-0.42552985046000796,-0.4620203571901092,-0.36411017759189,0.41946375061149677,-0.7915369914777383,-0.8642918121217507
ESAB,0.51722498187853,98.269,0.0287329914313184,-0.3992179,36.03584040941865,-0.541,0.08727,0.05,0.12016,0.17943001,22.132670415915598,0.129,20.652037,industrials,1.7304443466525041,-0.0386382639450726,0.6594856782444918,-1.4373133387075867,-0.1829999923027174,-0.9075086291794553,-0.11441645434919916,-0.5238757605031672,-0.3916702868908588,-0.11488585920391467,-1.3488512552100147,0.006174588656036266,-0.3245592895916298,0.7837639203173078,-0.8426073200632532,-0.2862120902367849,-1.3488512552100147,0.006174588656036266
MIDD,0.281529370138136,90.515,0.021928891600485473,-0.049332857,37.230400131644394,-0.393,0.10974,0.059299998,0.17361,0.20726,22.267446210558333,0.099,16.058916,industrials,-0.15074403717808257,-0.11030929957790157,-0.18859661216851453,-0.32713559532840814,-0.051049981257982234,-0.7570848732979988,-0.10937676715070416,-0.3030505896366929,0.17783855861518374,0.15198021568670836,-1.2290087031240833,-0.1858400585743579,-0.41994358864677994,-0.14988331630816623,-0.37842348329479636,-0.02065214562137624,-1.2290087031240833,-0.1858400585743579
UBER,0.3412587068275155,51.872,0.02227215577534175,-0.28206187,40.52387297059706,0.855,0.3716,0.06877,0.13317999,0.13533,25.664449534014384,0.122,15.224445,industrials,0.3259815731303844,-0.46749060341584436,-0.14581119236769924,-1.065579766179128,0.3127441174293784,0.5113532844050955,-0.05064545919352134,-0.07818873377867505,-0.2529425137683103,-0.537767670204825,1.7916045220215953,-0.038628829031055745,-0.4372728580949069,-0.09577340755105307,-0.08049412144821803,-0.2298860942363329,1.7916045220215953,-0.038628829031055745
CHRW,0.32370348769776386,121.188,0.028109062331032986,0.11085558,53.89193918120983,0.238,0.37123,0.099580005,0.05337,0.05487,23.573354358869572,0.193,28.56371,industrials,0.18586579389023367,0.17320445796217604,0.5817173865407816,0.18113888242369655,1.789368895008947,-0.11575115734395024,-0.050728444697012355,0.6533839631748007,-1.1033166066541629,-1.3093110443023195,-0.06779599650794042,0.4158058360808772,-0.16025937599071285,0.3135958794643971,0.6182522066962312,-0.4524930331196735,-0.06779599650794042,0.4158058360808772
HUBB,0.20908687414818503,141.642,0.020184382910458543,0.066485524,41.05739164886359,-0.009,0.24444,0.08427,0.21666999,0.24351,23.899854188671586,0.153,27.17795,industrials,-0.7289388578016097,0.36226292621519157,-0.4060371204307691,0.04035364558895775,0.371676119053101,-0.3667962093893543,-0.07916555817708266,0.28985329681427274,0.6366420233935141,0.4995870676756989,0.2225274474221655,0.15978630644035155,-0.1890371387055782,-0.2575710173390624,0.015077851750901483,0.33672920742660073,0.2225274474221655,0.15978630644035155
ROL,0.5370256962359872,78.015,0.01747575257986827,-0.47531396,27.825483443665235,0.031,0.37008998,0.14061,0.18799,0.22045,23.39686948160896,0.079,27.88889,industrials,1.8884823922730711,-0.22584811121194356,-0.7436484829565791,-1.6787645063439425,-1.089908765598565,-0.32614114023220386,-0.05098413424752541,1.6276267164018008,0.3310572152733109,0.2784611640380128,-0.2247262387042478,-0.3138498233946207,-0.17427320943607527,0.30632859936818285,-1.031604804058237,0.5465402403663997,-0.2247262387042478,-0.3138498233946207
MMM,0.18771215670315927,437.937,0.01668470368313106,0.061020136,34.78777923098258,0.328,0.81891996,0.087419994,0.20354,0.25766,25.16185985145627,0.025,29.954378,industrials,-0.8995397012722656,3.1009487016638695,-0.8422470598224696,0.02301208658858733,-0.3208597269104634,-0.024277251740361685,0.04968176270426642,0.364648792821731,0.49674220213241227,0.6352736043831254,1.3447020914368972,-0.6594761884093302,-0.13137968995622185,0.4530539801897115,-0.10737496402074591,0.3865865905103838,1.3447020914368972,-0.6594761884093302
ECG,0.35463469020130667,47.096,0.039946528489481166,0.44327366,40.89276462264606,0.592,0.39525002,0.116809994,0.09076,0.08568,22.51476022571041,0.337,23.645876,industrials,0.43274106839329307,-0.5116356725649792,2.0571727240492903,1.2358943265220579,0.35349156325107645,0.24404620469683128,-0.04534111103873049,1.06250397212023,-0.7049267893768768,-1.0138691929980215,-1.0090972359276897,1.3374761427867692,-0.26238691605760533,0.6594260399592015,0.6111440314899885,-0.17540828032334968,-1.0090972359276897,1.3374761427867692
MSA,0.22604502036583632,45.911,0.016097984258145483,0.04690671,37.15369395388541,0.403,0.2366,0.11071999,0.24591999,0.26647,22.64930941810139,0.062,22.459597,industrials,-0.5935885751197075,-0.5225887519078863,-0.9153774321189999,-0.021769511657751633,-0.05952287785258621,0.051951002929295435,-0.08092395371051393,0.9178989760893157,0.9483002784178686,0.719754055859622,-0.8894561784219314,-0.42265812349184406,-0.28702210221944274,-0.6771849197155313,-0.009780462193680804,0.6262573391640731,-0.8894561784219314,-0.42265812349184406
UNP,0.12793360825474911,150.772,0.014224433458155605,0.16788793,31.832633217570304,0.066,0.39696,0.09274,0.40982,0.50703996,25.8087969402151,0.115,22.034817,industrials,-1.376658091865239,0.44665247423269583,-1.148902114761116,0.3621013067666299,-0.6472825434959917,-0.29056795471969715,-0.04495758792721814,0.4909704580479676,2.6946521114118607,3.0266165794104456,1.9199581451030587,-0.08343224671814767,-0.2958434118589333,-0.6929692441312197,-0.1919163971496863,1.541820390235764,1.9199581451030587,-0.08343224671814767
JCI,0.12711260571493388,70.107,0.01911468957146571,0.3722105,49.463841798848456,0.153,0.14332,0.05402,0.15875,0.17302999,25.22355825224768,0.093,41.991524,industrials,-1.3832108674115948,-0.2989425850041039,-0.5393667304493694,1.0104124427303192,1.300245172152228,-0.20214317930289494,-0.10184527199603297,-0.4284222790203512,0.01950551007973404,-0.17625664002782035,1.3995642707329914,-0.22424298802043677,0.11859298305511502,-0.7405067276216893,0.7028381451932173,-0.17175467024111762,1.3995642707329914,-0.22424298802043677
CACI,0.3343904194557429,120.656,0.025825939974473733,0.17159534,40.6693506030366,-0.012,0.12824,0.057600003,0.100509994,0.12427,23.323068704724623,0.176,25.190653,industrials,0.2711628078373747,0.16828712613903124,0.29714254408041146,0.37386483924658626,0.32881344812085067,-0.3698453395761406,-0.10522749197615332,-0.3434163710430064,-0.601040768298657,-0.6438237193909832,-0.2903498432334463,0.3069975359836537,-0.2303068834737658,0.24553082601893914,0.1109443159304321,-0.42337708767719995,-0.2903498432334463,0.3069975359836537
HII,0.42837339893240445,55.252,0.02418170214778186,-0.092199564,25.474251352683012,0.365,0.12968001,0.042779997,0.0708,0.08874,23.076903985552985,0.109,15.45544,industrials,1.021281522241016,-0.4362489087499994,0.09220008046081955,-0.46315073800301637,-1.3496237841124823,0.013328687230002466,-0.10490451912512062,-0.6953121840520173,-0.9176002516088807,-0.984526380112882,-0.5092393571646923,-0.12183517616422654,-0.43247583747205715,0.22574423131727872,-0.5998152782951655,-0.6755858337247251,-0.5092393571646923,-0.12183517616422654
ROP,0.3919685231672874,60.531,0.01852506639655861,-0.297715,34.41503573277478,2.33,0.13066,0.04232,0.27725,0.39104998,24.2658745992166,0.085,14.55875,industrials,0.7307184994573518,-0.3874545578207108,-0.6128590343673425,-1.1152468122215076,-0.362032644254212,2.0105089595750187,-0.10468472192629316,-0.7062346505001891,1.2821210047937857,1.9143707363741436,0.547992566967792,-0.2754468939485418,-0.45109719474084287,-0.08986503091023383,0.17774316769976636,0.5963930921853617,0.547992566967792,-0.2754468939485418
EXLS,0.42301533192405094,56.585,0.026247154008966343,-0.20887667,45.71877122919333,0.05,0.25944,0.1201,0.14609,0.16946,22.37431353258576,0.156,21.898088,industrials,0.9785164773533641,-0.42392784987734516,0.3496438553498062,-0.8333646949428481,0.886567987299079,-0.3068299823825574,-0.07580128100852793,1.140624003662358,-0.11538657568465331,-0.21048982583560447,-1.133982347387837,0.17898777116339099,-0.29868283190153866,0.30141082760860843,-0.08454223000877549,0.18473658028339307,-1.133982347387837,0.17898777116339099
MSM,0.11098846277475412,39.13,0.016991198785096567,0.3542459,51.33161098028835,0.411,0.16322,0.086780004,0.10195,0.11361,,0.078,30.10219,industrials,-1.5119046100498745,-0.5852662464431214,-0.8040446414955983,0.9534111519128962,1.5065573050113634,0.06008201676072547,-0.09738199761908369,0.3494524561017837,-0.5856975287367904,-0.7460441067620904,0.0,-0.32025031163563383,-0.12831011177355695,-0.9670718326628647,0.8400168245616618,-0.26991779425404516,0.0,-0.32025031163563383
UAL,0.2749936189101488,201.641,0.03047725260914109,0.1879152,44.11095639784337,-0.172,0.23252001,0.03381,0.05534,0.11273,24.307090620182795,0.16,10.3885765,industrials,-0.20290868801272902,0.9168399789536624,0.8768953358839903,0.4256474052908973,0.7089701821770139,-0.5324656162047424,-0.08183903485750937,-0.9083015976192851,-1.082326289990984,-0.7544825627552025,0.5846418269666642,0.20458972412744356,-0.5376982392671819,0.5302755422749746,0.20071732375438958,-0.7067373713057452,0.5846418269666642,0.20458972412744356
CSL,0.242631941802792,178.698,0.023202993450430653,-0.018948615,41.05183694928951,0.072,0.39183,0.108109996,0.22849001,0.23823999,23.27229708221658,0.083,18.48365,industrials,-0.4612011976021316,0.7047754225280765,-0.029788945910525267,-0.23072704659874194,0.3710625518479512,-0.2844696943461246,-0.046108170718863854,0.855925589534773,0.762584136472248,0.4490521273708576,-0.3354959381315448,-0.2882478704305681,-0.36958968919906443,0.07126175967180653,-0.04804472969897178,0.5053634206647537,-0.3354959381315448,-0.2882478704305681
IEX,0.14488766194057842,47.06,0.01393588060210236,0.39502358,44.561763360781455,0.109,0.12955,0.0684,0.2217,0.26990998,23.545041140010255,0.064,33.136627,industrials,-1.2413404734458027,-0.5119684243424851,-1.1848681606968197,1.0827978566844922,0.7587659208345099,-0.24686375537576047,-0.10493367843676621,-0.08697425321863564,0.6902366948244562,0.7527405556859693,-0.0929720929640038,-0.4098571470098178,-0.06529464880795852,-0.9793923528283691,0.5315666740477473,0.31276732971375587,-0.0929720929640038,-0.4098571470098178
RTX,0.19315615064740682,57.02,0.016466214726401973,0.12188685,15.631463956380287,0.287,0.12274,0.04212,0.12696,0.17,26.245571546032046,0.145,32.916668,industrials,-0.8560888364303582,-0.4199070992324805,-0.8694801427371378,0.21614086573284433,-2.436849379860207,-0.06594869762644094,-0.10646106027129006,-0.710983579927195,-0.31921640196212014,-0.20531168238528558,2.3083378507184773,0.1085824005122464,-0.06986248732905809,-0.7151586927999922,-0.7622190705846011,-0.3354931811364727,2.3083378507184773,0.1085824005122464
AYI,0.3152011868066145,28.206,0.024213406036910867,-0.14933884,37.51047417074288,0.462,0.17378001,0.07834,0.16052,0.16192,22.950516438534805,0.016,20.49008,industrials,0.11800526159538728,-0.6862379247063434,0.0961517430724831,-0.6444524362525185,-0.02011325045683685,0.11191722993609235,-0.09501354424956972,0.14904753930355163,0.03836483012736158,-0.2827920510493144,-0.6216230847226712,-0.7170805825784484,-0.3279226137718713,-0.157360306679491,-0.18421615225775434,-0.047598306466992715,-0.6216230847226712,-0.7170805825784484
EXPD,0.15880989252651895,26.745,0.019646761742745534,0.54825974,48.68182985084527,0.515,0.4267,0.1523,0.107080005,0.10499,23.901380849422694,0.321,27.394659,industrials,-1.1302211434680793,-0.6997421010101302,-0.47304774676262124,1.569012908503357,1.2138648235967997,0.1657851965693167,-0.038287347727696944,1.9052016414102881,-0.5310374122729881,-0.828702618876438,0.22388495320476623,1.235068330930559,-0.18453679219523314,-0.7676703304136102,0.9828876428898244,0.12679356563329122,0.22388495320476623,1.235068330930559
MLI,0.2232982933532258,0.691,0.020650864528488175,0.21640825,41.78621662499992,0.018,0.26325,0.16493,0.2181,0.23372,23.318953625035476,0.255,15.825066,industrials,-0.6155113886652049,-0.9405619568751966,-0.3478935292298584,0.5160552423329342,0.4521814817081243,-0.3393540377082777,-0.07494675460771504,2.205096534725703,0.6518787557445354,0.40570924475232745,-0.2940089695126983,0.8126361070236917,-0.4247998984052311,-0.63465562492342,0.20962756211092692,0.7969344451537127,-0.2940089695126983,0.8126361070236917
UPS,0.20559251981413312,189.9,0.018987931139733478,0.11317849,37.97109476559331,-0.53,0.29602,0.07278,0.09052,0.13437,25.098985572075087,0.076,17.465422,industrials,-0.7568288076130084,0.8083166839620396,-0.55516626070104,0.18850942607358026,0.030766493307418534,-0.8963284851612391,-0.06759693042014578,0.017027301232790792,-0.7074839853155381,-0.5469732585609474,1.2887943216361046,-0.3330512881176601,-0.3907349984688023,-0.16789279478400296,-0.22568418859341344,-0.32625671826596014,1.2887943216361046,-0.3330512881176601
CARR,0.2885032499716143,91.998,0.02253743138128597,-0.06861758,33.778431965902385,-0.118,0.08966,0.02982,0.13069001,0.1399,24.534860006590147,0.039,39.46763,industrials,-0.09508249288331719,-0.0966017749656388,-0.11274648886931857,-0.3883256081345072,-0.43235133364834394,-0.4775812728425893,-0.1138804128536761,-1.0030427396880504,-0.2794732085322605,-0.49394523396786816,0.7871742225385954,-0.5698693530351462,0.06617985044234496,-0.10147691890609152,-0.43275273820848015,-0.4725853987604638,0.7871742225385954,-0.5698693530351462
ITW,0.1743506071925636,334.853,0.013745448555162456,0.027508497,32.28995963850248,0.101,1.04618,0.16924,0.26900998,0.29182,25.017462723492695,0.061,24.203197,industrials,-1.006183993644562,2.148132472985183,-1.2086041508427874,-0.08331962580175248,-0.596766671271023,-0.2549947692071905,0.10065281363072213,2.3074359638776776,1.194323731133417,0.962839123388475,1.2163042557950765,-0.4290586117328572,-0.25081315761890643,-0.022218557167388815,-0.31169368875998865,1.141312908007573,1.2163042557950765,-0.4290586117328572
R,0.18390066311955072,293.609,0.021059414882955062,0.21542513,25.770297096518405,0.086,0.16697,0.03893,0.08455,0.2171,22.8909148080599,0.05,18.769358,industrials,-0.9299608762851748,1.7669098532224283,-0.29697065493644753,0.5129358236412614,-1.3169228329235014,-0.27024042014112193,-0.096540928326945,-0.7867290042879371,-0.7710942342897398,0.2463374963369611,-0.6746208171680964,-0.4994639823840017,-0.36365645615024017,0.1799927740002687,-0.35807580980778725,-0.3520066676419152,-0.6746208171680964,-0.4994639823840017
WMS,0.2825420060421546,97.185,0.02310960355194066,-0.08703995,35.75273290935803,0.188,0.26354,0.10972,0.26325,0.29412,22.980289723072925,0.206,21.884283,industrials,-0.14266175305907308,-0.048657789689976756,-0.0414293275895131,-0.44677939335188877,-0.21427179652046097,-0.16656999379038828,-0.07488171191578963,0.8941545664007581,1.1329512417052057,0.9848941788250176,-0.5951486987805424,0.49901218321404783,-0.29896951719645176,-0.07758295677952097,-0.2758737278875793,0.734279568753798,-0.5951486987805424,0.49901218321404783
FAST,0.18302832523236479,10.851,0.015957835005792644,0.03716004,43.79457338924957,0.146,0.34334,0.21521999,0.21023001,0.22341,24.76342794091797,0.147,42.698277,industrials,-0.9369233813909423,-0.8466520107790473,-0.9328460322116173,-0.05269548669596307,0.6740227946989448,-0.20925781640539629,-0.05698375737907846,3.3992146016998346,0.5680241454724287,0.3068450614693896,0.9904166864206848,0.1213833769942727,0.13326996184799342,-0.9054738081272024,0.13735649719919515,1.0542750128156437,0.9904166864206848,0.1213833769942727
NDSN,0.14147635968585204,55.619,0.013891464461762898,0.44182897,61.12240657188434,0.23,0.17763,0.084709994,0.27403998,0.32146,23.628035616518243,0.103,33.21682,industrials,-1.268567548773767,-0.4328566892404239,-1.1904043143346164,1.231310356111861,2.588039931966781,-0.1238821711753803,-0.09415004868582544,0.30030079908580265,1.2479182960145285,1.2470616638837488,-0.019173456494311174,-0.1602381056103054,-0.06362929901766781,-0.9639428507829358,1.2318227056344206,0.6752826775745636,-0.019173456494311174,-0.1602381056103054
URI,0.30042730250086375,166.793,0.02730395166218234,0.05360782,36.28187236192638,0.255,0.28895,0.08768,0.25986,0.2787,24.855083403403796,0.118,24.097761,industrials,8.851577727991586e-05,0.5947362583278148,0.48136611053793993,-0.0005070332329861288,-0.15582352029655813,-0.09847275295216128,-0.06918262639225792,0.37082254354472116,1.0968308490716137,0.8370294158548044,1.0719166661910486,-0.06423078199510832,-0.25300272304842136,0.35873029488101155,-0.08493443549390184,0.5588750455197203,1.0719166661910486,-0.06423078199510832
CAT,0.26696840244074427,232.783,0.025179415496483133,0.7192297,45.184425488655286,0.682,0.56972003,0.090299994,0.22183001,0.21746999,26.64403908362465,0.24,35.592186,industrials,-0.2669614036678603,1.2046887527062493,0.21655790044868786,2.111496927685704,0.8275446291078863,0.3355201103004199,-0.006210079622696078,0.4330333765706141,0.691621949174395,0.24988538762433798,2.662654935289039,0.7166287834084946,-0.014300613596701157,0.38476174982902567,1.0915205556980034,0.34208265843666275,2.662654935289039,0.7166287834084946
IR,0.3056481541324099,47.903,0.020696806925129506,-0.084071875,40.43920032641421,,0.0947,0.051020004,0.16882999,0.25367,24.095468112138036,0.085,31.691984,industrials,0.041758385531942034,-0.5041764868858853,-0.34216713868013693,-0.43736175498293406,0.30339125199516037,0.0,-0.1127500157250417,-0.4996561254468493,0.12690763295368093,0.5970128777779925,0.39646722550994434,-0.2754468939485418,-0.09529522139028955,-0.2681950800113601,-0.0446568343292579,0.02787859238994561,0.39646722550994434,-0.2754468939485418
SAIA,0.334441861741355,9.872,0.029767024042797158,0.14441264,39.702602748511865,0.315,0.10767,0.06303,0.13091,0.18145001,22.906976060049946,0.171,32.276596,industrials,0.27157339091703664,-0.8557010105062255,0.7883704340987127,0.2876147146736613,0.22202733461927232,-0.03749014921643559,-0.10984103739996472,-0.2144830083337408,-0.277129218804985,-0.09551576703790753,-0.6603391619696639,0.27499509477858813,-0.08315471696220478,0.06808093816984125,0.15738396669216603,-0.17424225789414952,-0.6603391619696639,0.27499509477858813
ACM,0.5595066056779254,138.88,0.023511414477194095,-0.5460156,46.09968772321119,,0.16605,0.03728,-0.01844,0.06053,22.74965651535582,-0.142,20.684212,industrials,2.0679122314111145,0.3367334703965337,0.008653525142556136,-1.9030992949230792,0.9286436865358896,0.0,-0.09674727065994969,-0.8259076720607348,-1.8684509414678006,-1.2550364296193488,-0.8002276024653626,-1.7283577246585242,-0.32389111868515913,0.804433075650068,-0.3248185361290632,-1.0115355784519584,-0.8002276024653626,-1.7283577246585242
FDX,0.17301485382623752,135.697,0.018245134402349202,0.48925185,32.18809332044117,-0.043,0.14846,0.050079998,0.11129,0.12504,24.934984043065153,0.125,15.502447,industrials,-1.0168452176607432,0.3073126674020413,-0.6477505516453792,1.3817821380763777,-0.6080187347243532,-0.4013530181729322,-0.10069244635294154,-0.5219762362216592,-0.486179986790552,-0.63644007039701,1.1429642648766896,-0.019427364308016313,-0.43149965379527494,-0.45242770063469373,0.12413679505969745,-0.43632218494054065,1.1429642648766896,-0.019427364308016313
NSC,0.1247206990165759,105.519,0.013009642417625176,0.049279213,31.75107500393804,-0.044,0.16985,0.05953,0.35296002,0.45159,24.963210107307273,0.114,26.730103,industrials,-1.402301706918245,0.028374246802671754,-1.3003171136060299,-0.014241610481649238,-0.6562913916844394,-0.4023693949018609,-0.0958949871105825,-0.297589273306342,2.088809986710332,2.4948983438651924,1.1680628635017904,-0.08983273495916082,-0.19833747548724623,-0.8914148579072011,-0.35763413235598324,1.0475560175396499,1.1680628635017904,-0.08983273495916082
VMI,0.21704583744734313,50.676,0.01933632715973399,0.19515502,40.36718184158072,,0.29777,0.107650004,0.14849,0.16023001,22.913551265090256,0.065,18.249113,industrials,-0.665414937287547,-0.4785453569129895,-0.5117411931742691,0.44861919900107156,0.29543615381765076,0.0,-0.06720443141714774,0.8450032418098367,-0.08981461629803947,-0.29899762632635923,-0.654492493770765,-0.4034566587688046,-0.3744602657302505,-0.5519004957916018,0.24801845093957411,0.09724664194207257,-0.654492493770765,-0.4034566587688046
CTAS,0.20036186644122264,52.096,0.014848798699933838,-0.028972685,46.1198535998401,0.133,0.41375,0.16655001,0.24098,0.26857,25.079074044046056,0.109,39.090183,industrials,-0.7985769092951116,-0.4654201479113624,-1.071079461145416,-0.2625332058922529,0.9308711914436839,-0.22247071388147016,-0.04119184034988254,2.2435631005309213,0.8956647685635861,0.7398912803886393,1.2710890033981,-0.12183517616422654,0.05834149444748462,-0.7783588394506301,0.14862242388998698,0.9594818272833161,1.2710890033981,-0.12183517616422654
ITT,0.16725057614736105,79.73,0.02057564598012184,0.12663174,42.50545686080065,-0.375,0.11569,0.05984,0.123959996,0.20863001,,0.515,40.12326,industrials,-1.0628524051964199,-0.20999618625575298,-0.35726898231933085,0.2311963000195349,0.5316281224176365,-0.738790092177281,-0.10804227054051078,-0.29022843269448306,-0.35118139381531943,0.1651174532948032,0.0,2.4767630496871083,0.0797951695226671,-0.5433725245905012,0.008011443419963479,-0.14608366093887754,0.0,2.4767630496871083
SAIC,0.2784226220782897,188.37,0.024736011451955472,0.27382016,51.854408713346544,-0.122,0.25737,0.07012,0.08085,0.101730004,22.39932678440861,0.063,14.954279,industrials,-0.17554033405656802,0.7941747334180328,0.16129076342677623,0.6982220024218715,1.564305080503625,-0.48164677975830433,-0.07626555125778849,-0.04613346014638596,-0.8105176716774358,-0.859963224312485,-1.111740579551373,-0.4162576352508309,-0.44288333396491636,0.25997505426274703,0.5936267677223973,-0.44821997684852377,-1.111740579551373,-0.4162576352508309
AGCO,0.29531646772412573,66.053,0.022525246398417704,0.107657075,60.76105411782922,-0.744,0.118269995,0.03472,0.057290003,0.09774999,22.802672946033454,-0.01,16.066105,industrials,-0.04070326198507713,-0.33641413239325646,-0.11426525967464034,0.1709900946028722,2.548125259291583,-1.1138331051519939,-0.10746361598894509,-0.8866939687264087,-1.061549041024411,-0.8981281936204052,-0.7530854255504595,-0.8834932768447901,-0.41979429631899073,-0.16379421801765798,0.5350940829141538,-0.7384587048400425,-0.7530854255504595,-0.8834932768447901
FERG,0.1935766706569329,111.063,0.01881448473409069,-0.0071843266,37.63230026004062,0.069,,,0.10159001,0.09765001,24.486009916579107,0.046,22.019783,industrials,-0.8527324847730345,0.07961802053860204,-0.5767851123667469,-0.19339921161502746,-0.006656448315188877,-0.2875188245329109,0.0,0.0,-0.5895332160949517,-0.8990869172910773,0.7437367531319471,-0.5250659353480542,-0.29615561951729785,-0.44996652553372646,-0.16252482815437574,-0.37215503334650724,0.7437367531319471,-0.5250659353480542
NOC,0.3648389168097008,95.348,0.01731754061954148,-0.16651249,22.170337440741093,-0.058,0.26958,0.07148,0.11604,0.16915001,24.9527913148482,0.051,16.051792,industrials,0.5141854042463911,-0.0656373734477156,-0.7633684701732054,-0.6989440596700529,-1.7145711944933628,-0.4165986691068636,-0.07352702964258494,-0.013840740042746665,-0.4355688171712124,-0.21346236785072364,1.158798479780226,-0.49306349414298867,-0.4200915311343541,-0.10494014645817662,-0.9433713077567599,-0.1840997386768169,1.158798479780226,-0.49306349414298867
VLTO,0.23035058448172188,115.978,0.01455776598486229,-0.09214729,46.8030488860129,0.101,0.34312,0.10307,0.21370001,0.24403,23.858524705531373,0.075,24.309278,industrials,-0.5592240099891399,0.12504788127310726,-1.107354603738787,-0.4629848737212517,1.0063363388774564,-0.2549947692071905,-0.05703310011088393,0.7362526629528159,0.6049969367522411,0.5045734280352651,0.18577729692930303,-0.33945177635867324,-0.24861019762110334,-0.5138435774849398,0.09611889864967144,0.44719748190735953,0.18577729692930303,-0.33945177635867324
J,0.34439546261104964,124.734,0.020937263119826365,-0.10499048,42.576151401558676,-0.254,0.07998,0.04551,0.07387,0.0743,23.485287241235625,0.345,45.240803,industrials,0.3510173746004484,0.20598050804652102,-0.3121959969549068,-0.5037360403608329,0.5394369789028054,-0.6158085079769009,-0.11605149305311674,-0.630489226139447,-0.8848894535601707,-1.1229937716362206,-0.14610522228606584,1.388680048714874,0.18607002096672662,0.0816006285640209,-0.19336918981164278,-0.6886059860972387,-0.14610522228606584,1.388680048714874
SNDR,0.22237349110500224,12.947,0.025521531828529783,0.5170778,36.44989005540096,0.4,0.036760002,0.02221,0.04552,0.10139,22.44305181419117,0.104,49.765625,industrials,-0.6228926344756478,-0.8272784628442511,0.2592002498679353,1.4700732811144124,-0.1372644343863341,0.04890187274250914,-0.12574509655287552,-1.1837395043856203,-1.186958223814545,-0.8632235752118964,-1.0728603104862524,-0.15383761736929225,0.2800359702241755,-0.3969902824839879,0.4605702398235292,-0.8399165999912344,-1.0728603104862524,-0.15383761736929225
FLS,0.2982943540536689,99.608,0.03176943885254706,0.39950705,42.03455220228804,0.242,0.16936001,0.06471,0.13919,0.1547,22.952687325023902,-0.016,25.74648,industrials,-0.01693546618209566,-0.02626174644283404,1.0379570922065393,1.097023810913431,0.47961241007134864,-0.11168565042823518,-0.09600488458857051,-0.17459200114689222,-0.1889059589211676,-0.3520257468109837,-0.6196927338178083,-0.9218962062908688,-0.2187641505932415,0.3315866265272032,0.48831685685218146,-0.2028821478669035,-0.6196927338178083,-0.9218962062908688
NVT,0.27423810568948276,40.957,0.029471163621350428,0.6260686,47.922758496717144,0.98,0.15748,0.0736,0.18827,0.21712999,23.979713202907828,0.528,44.79609,industrials,-0.20893876504323736,-0.5683790937346899,0.7514935524976993,1.8158987538342946,1.1300184727636013,0.6384003755211907,-0.09866939434891729,0.03649791188351451,0.33404061053508255,0.2466250750815446,0.2935380328058947,2.559969396820279,0.1768347672501986,-0.008608102093409306,1.1947725340396955,0.1296235507878061,0.2935380328058947,2.559969396820279
VRSK,0.36860946599750166,,0.022638883740807327,-0.3293457,43.84484691618995,-0.034,,0.18958001,0.45106998,0.48334998,23.80731515633337,0.044,25.783411,industrials,0.5442797843681793,-2.627048425757539e-16,-0.10010117919282278,-1.2156103454734957,0.6795759640479673,-0.39220562761257327,0.0,2.7904023240506364,3.1341699502696216,2.7994497001971452,0.14024179789309302,-0.5378669118300806,-0.2179972129165711,0.14805953505845207,-0.3094133363460339,2.181005493629351,0.14024179789309302,-0.5378669118300806
CMI,0.2873833380989958,59.586,0.023175129414328567,0.22776401,24.174364188986075,0.047,0.21114,0.069970004,0.11896,0.14464,24.98754082107139,0.094,26.668558,industrials,-0.10402099279906607,-0.3961892919802444,-0.033261998356129176,0.5520868254582396,-1.4932081712431131,-0.30987911256934364,-0.08663425349127417,-0.049695062238051736,-0.4044562665841658,-0.44849264145951473,1.1896977189244105,-0.2178424997794236,-0.19961556650321316,-0.17782409437847987,-0.41700015278473906,-0.2473195559432516,1.1896977189244105,-0.2178424997794236
JBHT,0.24792098492967612,38.373,0.025812499442359856,0.7280675,31.791111090915805,0.458,0.18448,0.0738,0.07423,0.13179,23.76976923850281,0.194,31.825285,industrials,-0.4189870620974261,-0.5922632768756791,0.29546727805802697,2.1395390776910603,-0.6518690409048058,0.10785172302037731,-0.09261369544551878,0.04124684131052043,-0.8810536596521786,-0.5717132772680258,0.10685599130111166,0.4222063243218903,-0.0925269898439509,-0.23859435363835937,0.5318405866022106,-0.37603344776380065,0.10685599130111166,0.4222063243218903
ST,0.23274231748557803,82.598,0.025669763511019968,0.3696078,45.44386039154793,0.707,0.03079,0.04839,0.16394,0.20462,22.523071271739262,0.05,67.03226,industrials,-0.540134556813261,-0.18348696131443842,0.27767626696403663,1.0021541314063538,0.8562015791666836,0.36092952852363885,-0.12708407931453058,-0.5621046423905638,0.07480487225328618,0.12666484770737219,-1.001707059010229,-0.4994639823840017,0.6386082517983213,-0.14864841705455425,0.7397617463655587,-0.12192975043610901,-1.001707059010229,-0.4994639823840017
FTV,0.1484418708038793,59.283,0.016845425576936936,0.11309767,37.8645702425063,0.04,0.07318,0.03295,0.19137,0.28607,23.529866715944905,0.079,29.310162,industrials,-1.2129727988082548,-0.39898995277425353,-0.8222142273821323,0.18825298594555823,0.018999888644341708,-0.316993749671845,-0.1175766320361949,-0.9287219941554099,0.36707105807612544,0.9077014847971177,-0.10646518132787745,-0.3138498233946207,-0.14475797709477375,-0.8113923263215469,-0.03658029169398169,0.057118479170409575,-0.10646518132787745,-0.3138498233946207
ODFL,0.30338642318072,0.44,0.023983499939025765,0.27449012,26.364550454819963,0.323,0.24818,0.15775,0.28835,0.32007998,24.311031432686917,0.104,33.43077,industrials,0.023706534832424016,-0.9428819762128082,0.06749559532009995,0.700347771144584,-1.2512821322265435,-0.029359135385005494,-0.07832673173638968,2.034609968296196,1.400391316956874,1.2338284388387322,0.5881459949742662,-0.15383761736929225,-0.05918624803276022,-0.28389328202009473,-0.1934311654889883,1.1476257480888532,0.5881459949742662,-0.15383761736929225
VRT,0.40704782767504477,70.166,0.04145974070968645,0.5368525,42.92170326185461,0.53,0.43943,0.10889,0.20362,0.23335,25.254805528794623,0.241,54.471786,industrials,0.8510729357015109,-0.29839724181319127,2.2457837846597206,1.5328179804412716,0.5776063319575208,0.18103084750324813,-0.03543219783731684,0.8744465092786842,0.4975946007786327,0.40216125757340526,1.427349329445107,0.7230292716495077,0.37776774524723383,0.93281982618268,0.7638183866340135,0.4346925424483513,1.427349329445107,0.7230292716495077
CLH,0.18059225099706785,110.951,0.017552231802950905,0.36653805,43.68614884990503,0.364,0.15562001,0.06066,0.15498,0.19167,23.519094222122096,0.119,37.558113,industrials,-0.9563667410689205,0.07858279278636093,-0.7341158957968476,0.9924138804413013,0.6620463159194864,0.012312310501073703,-0.09908656247496664,-0.27075782204375937,-0.020663776123404944,0.002485296445098457,-0.11604407608028926,-0.05783029375409518,0.026525345242309237,-0.537299948026469,0.5555908356206204,-0.09700571604925812,-0.11604407608028926,-0.05783029375409518
FHB,0.18082991736695248,,0.014940661353485523,0.0147179365,29.750760860910702,0.034,0.10321999,0.012,0.43712002,0.0,21.82047545700136,0.059,10.704349,financial-services,-0.5608417743077762,1.5138763447330517e-16,-0.5954997328582665,0.09754872509695685,-0.7955673647902419,-0.18099137033836332,-0.35111681790282956,-0.5798489482411433,0.40731733414063137,-0.4325369740169226,-1.558284093227374,-0.2126046629987226,-0.4739719928994097,-0.38544716905534754,-0.2930033366772161,-0.239046351505066,-1.558284093227374,-0.2126046629987226
PRI,0.16212172074115963,71.521,0.013140562332559221,-0.0031436086,30.446186072566462,0.195,0.32966,0.04664,0.31542,0.32185,22.849524519569588,0.087,11.086285,financial-services,-0.6980960809059418,-0.4022144633511595,-0.8338858319674283,0.015796793035392408,-0.7180053015334391,-0.1275568765281986,0.6467681806315301,0.18099269860369713,0.06393731158356378,0.66336693883768,-0.7500540973590489,-0.1841163254346685,-0.44929273601189823,-0.6447321254081765,-0.2765884616754151,0.38876628241411776,-0.7500540973590489,-0.1841163254346685
CBOE,0.3673432446237881,28.09,0.0218105915890593,0.0838958,45.67415232378599,0.502,0.26297,0.11578,0.34634,0.38146,24.0818623628524,0.229,21.456743,financial-services,0.8075294223397684,-0.6335487667613768,0.3142812575051336,0.4141744125922777,0.9803980089208923,-0.0256662578963938,0.3528759901469224,1.6996009971848824,0.15117895950987087,0.8663398524473208,0.21784184289774805,-0.039639756359822684,0.2208069587619611,0.16275397102784173,0.4563020545389254,0.7674989498222491,0.21784184289774805,-0.039639756359822684
LAZ,0.35864942866191946,225.799,0.02630400813126678,-0.30525905,33.80222915963017,-0.942,0.25665,0.054640003,0.04829,0.0,21.984743363140748,0.001,17.67317,financial-services,0.7437464877573299,0.4195440423595429,0.9093418784582042,-1.3669794954550334,-0.34369959353123597,-0.5049172458583682,0.32502475842008605,0.3567067706961816,-0.689777481772012,-0.4325369740169226,-1.4292657072925128,-0.27161621938140607,-0.023673189796050105,0.6908774695250256,-0.7385321116148792,-0.11014573166816674,-1.4292657072925128,-0.27161621938140607
TRV,0.09941862912293896,27.378,0.013216568852021784,0.29699326,44.31478024022199,0.571,0.26511,0.04775,0.23698,0.23438999,25.032171723016386,0.003,9.764723,financial-services,-1.1581227490966497,-0.6373412197103782,-0.8238203314194522,1.3895171936830326,0.828784720003904,-0.0027657605491803595,0.3623066287379716,0.20537301696390997,-0.15738335023207414,0.3655643376964568,0.9642285392930374,-0.26958133812683077,-0.5346870640950678,-0.87309476674216,0.7385120510459188,0.19396515829156605,0.9642285392930374,-0.26958133812683077
CBC,0.07066301727350764,,0.014284480515934518,0.34323287,44.41494573744104,0.146,0.12205,0.02182,0.52887,0.0,22.73610476818793,0.137,16.891891,financial-services,-1.3690907886220747,1.5138763447330517e-16,-0.6823973914623322,1.601154957051737,0.8399563636274578,-0.14381954855737916,-0.2681359679141196,-0.36416000563097206,0.6661924781382288,-0.4325369740169226,-0.8391356081684593,-0.13324429407028615,-0.07415647794332621,-0.683829393361469,0.7657639240406051,-0.09966011735594638,-0.8391356081684593,-0.13324429407028615
FHN,0.16515769688253884,,0.01592146070544432,0.033094764,31.055867419548875,0.2,0.11453,0.01288,0.41284,0.0,23.11261107964182,0.09,11.120773,financial-services,-0.67582237871708,1.5138763447330517e-16,-0.46561302729140436,0.18165909432179447,-0.650006410482951,-0.12589742019869038,-0.3012754081966844,-0.5605204075591728,0.3388105761689724,-0.4325369740169226,-0.5434221134286482,-0.18106400355280555,-0.44706425215194134,-0.3804784686694947,-0.19808157878661561,-0.23888055340095185,-0.5434221134286482,-0.18106400355280555
PFG,0.11963822865894462,35.307,0.014473623042748858,0.3724711,49.578636376448266,0.028,0.12949,0.00352,0.12336001,0.1371,23.90011710984524,0.064,15.948718,financial-services,-1.009779904004843,-0.5951075688218512,-0.6573493532051264,1.7349777466916092,1.4158723546909115,-0.1829827179337732,-0.23534907486860338,-0.7661057948128595,-0.4779653413372012,0.03429051224178803,0.075096496314891,-0.20751745986228437,-0.1351007428368291,-0.7540789420106068,0.9892891278162491,-0.361282424694219,0.075096496314891,-0.20751745986228437
LNC,0.29125139218276147,63.803,0.021447735569833086,0.01412642,35.73963265588965,0.768,0.22587,0.0028400002,0.046079997,0.0,22.765481643141044,0.126,3.4469175,financial-services,0.2492749495294885,-0.44332422720002457,0.2662284393234402,0.09484136599389166,-0.12761738941751366,0.0626168188334436,0.18938220896565178,-0.7810414809469866,-0.6960130672714326,-0.4325369740169226,-0.8160625863023065,-0.14443614097045027,-0.9429197127582812,0.024059720550968045,0.009946931803273865,-0.43005232831742246,-0.8160625863023065,-0.14443614097045027
TFC,0.20673477132806062,,0.0154314209784218,0.023809552,31.31499853711732,0.367,0.09059,0.010620001,0.39815,0.0,24.758590760677,0.082,10.668202,financial-services,-0.37078856719872594,1.5138763447330517e-16,-0.5305087122372825,0.13916086606934489,-0.6211050364807117,-0.07047157879311579,-0.40677516888346665,-0.6101595923463463,0.29736232881976643,-0.4325369740169226,0.749354100255729,-0.1892035285711067,-0.47630767505221244,-0.3004324264786694,-0.1841385830681609,-0.2880273516067423,0.749354100255729,-0.1892035285711067
SCHW,0.19834419111809323,151.106,0.015790595593566163,0.06903994,32.09146570241988,0.426,0.20273,0.020680001,0.52277,0.0,25.853314090131867,0.209,18.066544,financial-services,-0.4323467863959522,0.021693356798092124,-0.48294342032393023,0.3461794406771037,-0.5345042138722854,-0.050889994104918776,0.08740792064935521,-0.3891992295501831,0.6489811569108526,-0.4325369740169226,1.609165613842921,-0.059988568905575634,0.0017451473045845172,-0.2978656166405968,-0.07973825576670017,-0.02133678150172448,1.609165613842921,-0.059988568905575634
FISV,0.6458137255417971,,0.03667024754481881,,34.95860335089661,,,,,,23.90236999550651,,8.655172,financial-services,2.850552249765243,1.5138763447330517e-16,2.2821371233312844,3.9698971998132695e-18,-0.21472703592436704,-3.684733250759956e-17,0.0,-1.5240760580630485e-16,0.0,-9.450813708466528e-17,0.07686594525074295,0.0,-0.6063820448216694,1.7108964576988424,-0.07157567864145568,-6.172893572274253e-17,0.07686594525074295,0.0
PGR,0.17763362638046615,24.428,0.016882626125509895,-0.13544148,50.05041707799425,0.05,0.34943,0.07839,0.18208,0.16916999,25.513443301147788,0.073,10.560877,financial-services,-0.5842916402575122,-0.6530543323502008,-0.33832643226278986,-0.5897278989232215,1.4684909310717196,-0.17568111008393703,0.7338914165871561,0.8783576607088843,-0.31228524127846025,0.14348929281102205,1.3422261875625006,-0.19836049421669552,-0.4832426098199542,-0.5252241349568343,0.234360640688187,0.3608632822071506,1.3422261875625006,-0.19836049421669552
AON,0.2846869743913118,163.481,0.017519701557527256,-0.23516202,29.946255667807733,-0.03,0.44699,0.05829,0.23457001,0.33567002,24.795875133048437,0.022,15.223871,financial-services,0.201114529249113,0.08760853270243325,-0.2539588917489615,-1.0461468014078963,-0.7737634665064539,-0.2022324113560686,1.1638227721678773,0.4368762201320572,-0.1641832046656421,0.7104243071574838,0.7786377847989261,-0.25024996620836554,-0.18193760900587844,0.011588056734194904,-0.6740475597568062,0.536735023697944,0.7786377847989261,-0.25024996620836554
L,0.12488660577758948,44.609,0.010193913229661847,0.041900277,29.88318847624228,0.156,0.09313,0.01909,0.14533,0.17316,23.784242014796767,0.039,13.004982,financial-services,-0.9712747302249117,-0.5455606624572304,-1.2241089124298308,0.221961749915863,-0.780797467315803,-0.14050063589836273,-0.3955817941071748,-0.42412241024663067,-0.41597639785322693,0.15707533466694565,-0.015913476871941234,-0.2329534755444755,-0.325313807206293,-0.9136481017039909,-0.23311211776610088,-0.2696513168850217,-0.015913476871941234,-0.2329534755444755
USB,0.16213543790636376,,0.01418118522327204,0.21428573,32.717130329991534,0.216,0.12623,0.0116,0.39646998,0.0,25.22299830607452,0.104,11.598393,financial-services,-0.697995443734105,1.5138763447330517e-16,-0.6960767288698244,1.010966495202877,-0.4647226779027813,-0.12058715994426408,-0.24971537477833222,-0.58863464855113,0.2926221052315014,-0.4325369740169226,1.1141064936557972,-0.16681983477077852,-0.416202257800497,-0.4646907242013098,0.14188555245194387,-0.24456622302872086,1.1141064936557972,-0.16681983477077852
CB,0.1025239459334649,30.941,0.012333951574034727,0.18022537,36.607386776011154,-0.007,0.14822,0.03358,0.23527001,0.24045,25.555423461519062,0.061,11.76311,financial-services,-1.1353403230765629,-0.6183629755287888,-0.9407048402490892,0.8550729137056957,-0.03083516348128802,-0.19459891224033077,-0.1528089529946088,-0.10586041651736573,-0.1622081350165989,0.3861987595418445,1.3751980118200802,-0.2105697817441473,-0.4055588694926648,-0.8981360462848137,0.209879612661359,-0.008669686246682226,1.3751980118200802,-0.2105697817441473
FNB,0.15736781386332585,,0.015436685998493556,0.07980049,31.009397443474555,0.162,0.0904,0.01199,0.44671002,0.0,22.535830515684417,0.068,10.244047,financial-services,-0.7329735308922081,1.5138763447330517e-16,-0.5298114685956569,0.39543026123153985,-0.6551892930753681,-0.13850928830295287,-0.40761246857145705,-0.5800685907488929,0.4343757883325228,-0.4325369740169226,-0.9964338985623765,-0.20344769735313378,-0.5037149637213153,-0.4209283331626216,-0.1327561067155937,-0.24646056125118745,-0.9964338985623765,-0.20344769735313378
PB,0.14923332355669652,,0.013784164134253615,-0.000746727,24.6474951942305,0.177,0.07071,0.01367,0.58042,0.0,22.79730580837714,0.259,11.595447,financial-services,-0.7926529243098829,1.5138763447330517e-16,-0.7486540079944313,0.026767271828003352,-1.3647440466549958,-0.1335309193144282,-0.49438315729003435,-0.5431686494469492,0.8116422501499085,-0.4325369740169226,-0.7910674273027064,-0.009116537541193294,-0.41639261715596654,-0.5137689774347713,-0.4905025647138069,-0.1646116326509994,-0.7910674273027064,-0.009116537541193294
APO,0.3404734293719633,100.969,0.023129179442216014,-0.064686,32.30332675618857,0.637,0.11412,0.0094099995,0.21952,0.0,24.95066055815203,0.638,42.357662,financial-services,0.6103966930565293,-0.24536031385370194,0.48890110396502606,-0.2658814924920454,-0.5108749577299385,0.019139063000328183,-0.30308221278655834,-0.6367363687304319,-0.20664723033535104,-0.4325369740169226,0.9002084931767496,0.3764934602008247,1.5713451358022767,0.2846458277226178,-0.25253912907388526,-0.394750696467316,0.9002084931767496,0.3764934602008247
LPLA,0.32257650550854605,135.371,0.02296287265734684,-0.015468717,30.333141124181296,0.394,0.18591999,0.05404,0.11099,0.0,23.90462215474134,0.364,24.503204,financial-services,0.47909435941915274,-0.06211878807906398,0.4668771901472471,-0.04061497979428386,-0.7306134142255808,-0.06151051461377138,0.013328888396121528,0.34352815433844935,-0.5128676717791448,-0.4325369740169226,0.07863482364077544,0.09771472832400957,0.41765772333190265,0.2946175871624453,-0.277579636211212,-0.14713690076537414,0.07863482364077544,0.09771472832400957
CINF,0.16534640354796457,5.255,0.01306985794760567,0.0038627386,34.430035543873046,0.855,0.21484,0.06409,0.37202,0.31281,23.920296646647518,0.316,7.524551,financial-services,-0.6744379159047879,-0.7551789115513268,-0.8432491738297645,0.047864703011116304,-0.2736791834691196,0.09149135896688664,0.14077475865758135,0.5642688746268628,0.22363580034905484,0.6325856078691989,0.09094579596404981,0.04887757821420255,-0.6794384890987608,-0.7576220004286264,-0.04477437383037223,0.39031626037567446,0.09094579596404981,0.04887757821420255
BEN,0.19211646840806632,24.805,0.017697341096464512,0.4260149,42.290501609488565,1.067,0.07887,0.02638,0.12979001,0.19295,23.515622236852032,0.143,22.151722,financial-services,-0.47803701401906323,-0.6510462498196201,-0.23043418769517474,1.9800466405309218,0.6030131710654973,0.1618523073380352,-0.458423339111081,-0.2640030220971247,-0.4598229158467046,0.22446057137781278,-0.22689133003336875,-0.1271396503065603,0.2657138679625231,-0.4531724838446194,0.9149707063114847,-0.23944717641927438,-0.22689133003336875,-0.1271396503065603
PRU,0.2145557516450087,163.891,0.014251752564551525,0.12870312,37.01558377950947,0.892,0.12011,0.00435,0.075219996,0.07982,24.391562429860844,0.141,10.429752,financial-services,-0.3134092670025416,0.08979238903542555,-0.6867315356240302,0.6192566134876962,0.014691805164545203,0.10377133580524749,-0.2766852384125473,-0.7478754666696372,-0.6137937421313633,-0.16074871761159595,0.4610847483953253,-0.1291745315611356,-0.4917154103922357,-0.30344947119704874,0.24590658481916294,-0.44977579120628597,0.4610847483953253,-0.1291745315611356
ACGL,0.1408119252564746,17.836,0.013117430157834635,0.06780422,35.75468216747619,-0.071,0.19936001,0.04124,0.26584998,0.28936002,24.17375872910078,-0.105,7.442385,financial-services,-0.8544372430982763,-0.6881664810016286,-0.8369492128328142,0.3405235751334719,-0.1259388894866872,-0.21583995325803598,0.0725569123570892,0.062385744418877856,-0.07592589127995496,0.552738086233772,0.2900185761701871,-0.3794649258738966,-0.6847477446321989,-0.7931843123109065,-0.0004184225370837495,0.152938712932446,0.2900185761701871,-0.3794649258738966
MTB,0.16975721396680502,,0.013796393029159394,0.113728285,26.6599808204751,0.255,0.10742,0.01408,0.45108002,0.0,24.17086892138272,0.062,11.519323,financial-services,-0.6420776228373499,1.5138763447330517e-16,-0.7470345423322009,0.5507170953945422,-1.1402877933728575,-0.10764340057409995,-0.3326080438893754,-0.534163306629213,0.4467058659986925,-0.4325369740169226,0.28774887945213345,-0.20955234111685966,-0.4213114615469245,-0.46303738838985026,-0.23240469951747175,-0.2131506146342046,0.28774887945213345,-0.20955234111685966
UNM,0.11548303652224064,36.878,0.014971408922314808,0.12264633,47.1508463942361,-0.162,0.06351,0.01105,0.11359,0.094510004,23.35430942787424,0.003,20.497663,financial-services,-1.040264831382566,-0.586739670531288,-0.5914278496423465,0.5915348076853996,1.1450964365641696,-0.24604205845508564,-0.526112408624405,-0.6007149864773615,-0.5055316987969846,-0.1107290411677564,-0.3535887399782743,-0.26958133812683077,0.15883484381161725,-0.7394774505187335,0.49686306193149443,-0.4357720337666269,-0.3535887399782743,-0.26958133812683077
C,0.14761242411557,,0.018528965203819487,0.32509375,40.89186814099046,0.61,0.08529,0.0066299997,0.36229,0.0,26.104059159419986,0.155,14.104574,financial-services,-0.8045447935962282,1.5138763447330517e-16,-0.12030267572119659,1.5181325702652453,0.44702098709154303,0.01017799882098378,-0.43013142333793386,-0.6977969814919888,0.19618233222735468,-0.4325369740169226,1.8061044126684653,-0.11493036277910854,-0.2542623393178181,-0.3082824897724749,0.6584438520592574,-0.34107076165487266,1.8061044126684653,-0.11493036277910854
RJF,0.1887487760990814,47.594,0.015746754868105513,-0.03646773,33.45256390420042,0.42,0.18416001,0.02576,0.19301,0.0,24.136248247156324,0.151,13.922467,financial-services,-0.502744380632285,-0.5296611230572743,-0.4887492228954477,-0.1367270392227769,-0.38269840779017855,-0.05288134170032864,0.00557293731786245,-0.2776208575776039,-0.28144593947268615,-0.4325369740169226,0.26055730190273607,-0.11900012528825912,-0.26602940352232896,-0.5070515755283357,-0.1907689295710947,-0.24650770843733755,0.26055730190273607,-0.11900012528825912
ARES,0.4552019794502179,172.378,0.027702087948054822,-0.21007901,31.067290059723007,0.065,0.14918,0.0458,0.09473,0.23888001,24.375025023354233,0.096,54.5399,financial-services,1.4521126479922126,0.13499821512836638,1.0944888008735343,-0.9313423699917395,-0.6487324222454003,-0.1707027410954124,-0.14857838615002597,0.16254272795272526,-0.5587457181983478,0.3808529208463572,0.448096030482155,-0.17495935978907967,2.3585151880277926,0.8938665546647044,-0.5835925111108508,-0.040982113887322855,0.448096030482155,-0.17495935978907967
MKL,0.21873715613528236,22.432,0.012314759770651908,-0.09405702,35.33881285163139,0.868,0.124639995,0.027999999,0.30087999,0.20659,23.778077244265184,0.127,9.451651,financial-services,-0.28273203042017037,-0.6636859841566708,-0.9432463999578135,-0.4003120592865637,-0.1723215653539012,0.09580594542360801,-0.25672227314887475,-0.22842095780592966,0.02291226522958631,0.27090496898954736,-0.020755376682661433,-0.14341870034316262,-0.5549165902782164,-0.6298881381782182,-0.1589425597389523,-0.04783149918391767,-0.020755376682661433,-0.14341870034316262
VIRT,0.23214017187819505,415.015,0.02263782466574268,0.5693431,42.52308963466187,-0.012,0.53617,0.04539,0.36321,0.0,22.306496464493005,0.291,8.868168,financial-services,-0.18439964334329376,1.4273990665143557,0.4238312677613167,2.636056924260873,0.6289541447588652,-0.196258368569839,1.556824804667762,0.15353738513498896,0.19877813805181135,-0.4325369740169226,-1.1765561745443458,0.023441562532011365,-0.5926190504979806,0.5556102303107929,1.022917566816633,0.36915083845941,-1.1765561745443458,0.023441562532011365
CFR,0.11383589466117744,,0.012988190854452136,0.22563982,31.164464364997144,0.128,0.15498,0.012990001,0.37236,0.0,22.973320552365145,0.061,14.581661,financial-services,-1.052349230458068,1.5138763447330517e-16,-0.8540643009622916,1.0629339363791102,-0.6378943918054867,-0.14979359134360878,-0.12301871146400523,-0.5581043180096756,0.22459511989287584,-0.4325369740169226,-0.6528229052668504,-0.2105697817441473,-0.22343478540645018,-0.6354711771401198,0.09174865107667156,-0.2222662208994319,-0.6528229052668504,-0.2105697817441473
CFG,0.1832061619055675,,0.017003022089758377,0.20592678,29.202396062158627,0.413,0.08270001,0.0094,0.35132998,0.0,24.013689264251703,0.147,13.921397,financial-services,-0.5434082502231714,1.5138763447330517e-16,-0.32238246255221653,0.972707749462789,-0.8567275075284465,-0.055204580561640154,-0.44154509606897646,-0.6369560002560564,0.16525832814891725,-0.4325369740169226,0.16429770666107496,-0.12306988779740971,-0.26609854286732293,-0.2885969042584626,0.02025855379090079,-0.3364449355482595,0.16429770666107496,-0.12306988779740971
RF,0.18448013197760188,,0.015385224434771652,0.025944352,25.29805164358558,0.085,0.118669994,0.01393,0.39314997,0.0,23.85439687849375,0.034,10.926828,financial-services,-0.5340616583329183,1.5138763447330517e-16,-0.5366264944842934,0.14893180265898112,-1.2921862796495955,-0.16406491577737947,-0.28303111512046414,-0.537457944245458,0.28325460382361595,-0.4325369740169226,0.03918716629316015,-0.23804067868091375,-0.4595962430536851,-0.35689605093907056,-0.4357731309226646,-0.24244285738980723,0.03918716629316015,-0.23804067868091375
AJG,0.37806472612469966,59.401,0.01985392360669522,-0.26215702,42.190834912627906,-0.107,0.06722,0.02317,0.1916,0.2838,24.791847073836447,0.309,37.766556,financial-services,0.8861885009536759,-0.46677138714595656,0.05516081904861853,-1.1697023725326996,0.5918971595707493,-0.2277880388304952,-0.5097630305062779,-0.3345082670847673,-0.28542429405147307,0.5338061375820714,0.7754740889182469,0.041755493823189015,1.2746852651124352,0.15819264428544594,-0.2685310839308152,-0.1489723635151117,0.7754740889182469,0.041755493823189015
MKTX,0.433432711265699,14.275,0.02479061760638803,-0.0331977,76.55830837782202,0.01,0.2314,0.10153,0.41862,0.49994,22.475855457220913,-0.005,19.375887,financial-services,1.2924005244999772,-0.7071340722254958,0.708924423940083,-0.12176017779491097,4.424965196516427,-0.1889567607200028,0.21375203672663365,1.3866104236416097,0.35511900841392896,1.2697659689457308,-1.0435391756744157,-0.27772086314513195,0.0863499299144064,0.4313969587381881,1.3714160860005045,0.8063118594319758,-1.0435391756744157,-0.27772086314513195
V,0.17180498084031298,67.821,0.013911348269339345,0.05760944,47.39737049166143,0.102,0.6119,0.1911,0.66130996,0.69892997,27.237370983111393,0.144,31.164787,financial-services,-0.6270540036227363,-0.42192243513669986,-0.731811084644549,0.2938622724703223,1.1725917262349366,-0.15842276425705154,1.890554832938857,3.353948365555361,1.0398755428760746,1.9473296996955214,2.6962238869465933,-0.12612220967927265,0.848103971222857,-0.5935958411346617,0.43601041148273584,2.0579271102664536,2.6962238869465933,-0.12612220967927265
TW,0.27606889782340127,2.049,0.0194150443041642,-0.068339646,44.10629552930589,0.197,0.14468999,0.1248,0.43829,0.0,23.80445487170087,0.09,24.066824,financial-services,0.1378872632972656,-0.7722556027795544,-0.002959719707234229,-0.28260415662310134,0.8055320336400459,-0.1268930939963953,-0.16836514389778123,1.8977185391750804,0.4106184655520422,-0.4325369740169226,-3.8007133581242385e-05,-0.18106400355280555,0.3894605014921906,-0.21244268639650765,0.13201159434018309,0.4268587217031047,-3.8007133581242385e-05,-0.18106400355280555
CME,0.3108934680698645,14.587,0.015118865113083661,-0.008326113,45.37774523361026,0.025,0.15802,0.01481,0.65036005,0.70608,25.268713373738436,0.008,22.315163,financial-services,0.39338074229820347,-0.7054722108208774,-0.5719003093802587,-0.0079234251901607,0.9473391765796877,-0.18397839173147815,-0.10962191645615993,-0.5181294035634874,1.0089800644464255,1.9716756554327524,1.1500117680427293,-0.26449413499039254,0.2762748059860447,-0.29466392596764424,0.25181245321934964,0.5882260999648826,1.1500117680427293,-0.26449413499039254
GPN,0.28987979631323674,98.273,0.02550652251956568,-0.021029115,38.13730052357771,-0.952,0.02428,0.023340002,0.16108,0.43914002,23.796485993571682,0.686,39.454105,financial-services,0.2392121175115175,-0.2597205008628416,0.8037313082289722,-0.06606480941351758,0.13979895342638068,-0.5082361585173846,-0.6989927599920935,-0.3307743005245214,-0.3715373307497555,1.06274115619606,-0.006296879107434355,0.4253306103106318,1.3837282861454436,0.26107430829254935,-0.1448340048348405,-0.08464080876757762,-0.006296879107434355,0.4253306103106318
RGA,0.12677313468141016,41.418,0.014234670754599874,0.3046887,51.53612988408579,1.596,0.11687,0.00945,0.10637,0.08908,23.50083477728733,0.185,11.137042,financial-services,-0.9574340473546924,-0.5625574565025437,-0.6889936700915013,1.424739067521027,1.6341952350228914,0.3374227870000051,-0.29096340151301403,-0.6358577877173079,-0.5259031314628297,-0.1292182834558289,-0.23850561434460776,-0.08440714396047914,-0.4460130110269809,-0.7363283913162458,1.1321190298479746,-0.39548565103724515,-0.23850561434460776,-0.08440714396047914
AIZ,0.12899431685009738,36.211,0.014070159199491842,0.21229541,39.39367462456014,0.305,0.18341999,0.02564,0.11734,0.12909001,23.28796999511829,0.094,12.607656,financial-services,-0.9411381517914046,-0.5902924319315462,-0.7107798426435006,1.001856840662365,0.2799246863755697,-0.09104883727901773,0.002311787238353954,-0.2802565676705999,-0.49495096853425324,0.0070163802457456756,-0.40569268857761137,-0.17699424104365497,-0.3509875075699334,-0.7474034754554838,0.3969108965863057,-0.19146984218018837,-0.40569268857761137,-0.17699424104365497
MRSH,0.23228545929687738,145.027,0.016625229136713476,-0.15336084,35.67765383502899,0.073,0.25902998,0.07244,0.26323998,0.2776,25.123553142084383,0.062,20.820732,financial-services,-0.18333372959930477,-0.010686308197664663,-0.372413370463583,-0.6717444486172743,-0.13453000222418898,-0.16804761096819923,0.33551295058547154,0.7476703685978335,-0.08329007954281593,0.5126950477585557,1.0360008256128372,-0.20955234111685966,0.1797103382488828,-0.18881113608685082,-0.32477402060322086,0.3781470718497612,1.0360008256128372,-0.20955234111685966
VOYA,0.16523799237247952,68.91,0.016381216009822595,0.28084588,42.23110288247429,-0.416,0.096099995,0.00347,0.0538,0.13434,22.870312732221972,-0.043,16.01356,financial-services,-0.6752332838932864,-0.4161218996571179,-0.40472789137311227,1.3156109607484439,0.5963883209093093,-0.3303424399941033,-0.3824934999659493,-0.7672040073516078,-0.6742308621059722,0.02489267225583583,-0.7337267349063648,-0.3163836069820625,-0.1309108985301914,-0.49869435830783887,0.5272189472212166,-0.4497589242919233,-0.7337267349063648,-0.3163836069820625
GL,0.1095044076342504,55.675,0.012614764591940341,0.19104993,35.37301099646163,0.197,0.20944999,0.03358,0.24642,0.27136,23.267235967152512,0.08,11.035975,financial-services,-1.084127560583173,-0.4866178473818819,-0.9035169305066889,0.904616706740506,-0.1685073828535671,-0.1268930939963953,0.11702184449302984,-0.10586041651736573,-0.1307481252506919,0.49144775735553337,-0.4219774935948669,-0.191238409825682,-0.4525435775508228,-0.8247541128239146,0.20307207663018123,0.09296526502012639,-0.4219774935948669,-0.191238409825682
RNR,0.13271923496491508,12.211,0.015243757471903563,0.2654215,48.72024513950747,-0.1,0.21475,0.051939998,0.41674,0.0,23.305228070918762,-0.132,5.6274095,financial-services,-0.913809967081213,-0.7181279245945107,-0.5553608846700016,1.2450138842473881,1.3201343884757262,-0.22546479996918367,0.14037814301590168,0.2974031837825182,0.349814535642213,-0.4325369740169226,-0.3921379465927149,-0.4069358228106631,-0.8020245831837879,-0.7290995921152418,0.7798944909179767,0.08876472210592756,-0.3921379465927149,-0.4069358228106631
AGO,0.25464985439290067,30.563,0.014932385721312124,-0.18426967,30.70372716253827,-0.577,0.06666,0.01582,0.4264,0.0,21.814609103504736,-0.005,9.176152,financial-services,-0.01925540592164768,-0.6203763845382305,-0.5965956701642396,-0.8132135407991397,-0.6892812662571521,-0.38377693380426803,-0.5122308611656178,-0.49594551028077116,0.37707049679900884,-0.4325369740169226,-1.562891611988925,-0.27772086314513195,-0.5727182915927103,-0.4120758202080393,-0.62875724695352,-0.26591071216607565,-1.562891611988925,-0.27772086314513195
WRB,0.1761818783713979,31.527,0.014004541423295895,-0.104489386,42.49479172796931,0.15,0.20207001,0.03561,0.16385001,0.17322999,23.94504574424225,0.012,14.04158,financial-services,-0.5949425153966592,-0.6152416589162681,-0.7194695677740217,-0.4480607882850071,0.6257980267577677,-0.1424919834937726,0.0844994500121092,-0.0612729874441836,-0.36372166978040393,0.15731365163093722,0.11038409465586653,-0.26042437248124195,-0.2583327728678681,-0.643217914028983,0.011748418326329344,-0.04579538889538528,0.11038409465586653,-0.26042437248124195
COLB,0.18383248190264695,,0.01719276553857032,0.106440425,32.73193501345963,0.002,0.11028,0.01212,0.50923,0.0,22.814018778843735,0.351,11.304348,financial-services,-0.5388131992609002,1.5138763447330517e-16,-0.2972548445334467,0.517360707004929,-0.4630714841059448,-0.19161189084721597,-0.3200044801648893,-0.5772132381481474,0.6107776668422175,-0.4325369740169226,-0.7779408189197667,0.08448800016927015,-0.43520233135074715,-0.27868934793144895,-0.04577422264941059,-0.17974425637193547,-0.7779408189197667,0.08448800016927015
GS,0.214657423102805,725.381,0.020334439086337676,0.17560112,34.375217160158115,0.923,0.16902,0.010720001,0.42176998,0.0,26.292217306390228,0.425,13.907322,financial-services,-0.312663345537219,3.080557004674092,0.11879521328021368,0.8339078146216479,-0.279793179444632,0.11405996504819847,-0.061146671361982596,-0.6079631672688497,0.3640067654040618,-0.4325369740169226,1.9538865387886837,0.159778606588556,-0.2670080160269406,0.9622296241390288,0.2227248667417381,-0.18441001181092326,1.9538865387886837,0.159778606588556
RITM,0.2728026098257169,387.643,0.015288011968019556,-0.1871658,30.461551824261065,-0.932,0.055910002,0.010089999,0.07942,0.0,22.33001510782089,0.097,15.135594,financial-services,0.11392385820593827,1.2816026871322446,-0.5495002866837283,-0.8264690694600648,-0.7162915307570137,-0.5015983331993518,-0.5596043873303375,-0.6218006891855801,-0.601943312950992,-0.4325369740169226,-1.1580842924046486,-0.17394191916179202,-0.187641734200306,0.2820087528848182,-0.6814529778054768,-0.553971340870958,-1.1580842924046486,-0.17394191916179202
AXS,0.20809924518984774,22.865,0.015658543530250542,0.014919043,37.00584159317483,0.243,0.17422001,0.02422,0.19181,0.21009001,22.650928646173014,0.074,6.781857,financial-services,-0.36077798640802,-0.6613796188098765,-0.5004310006665539,0.09846918549571256,0.013605241059473559,-0.11162609576491968,-0.03823105688542141,-0.3114458037710524,-0.2848317731567601,0.2828225537465156,-0.9060341645622463,-0.19734305358940787,-0.7274285607725843,-0.5075295352948168,0.00014944359675547747,-0.08792152001667959,-0.9060341645622463,-0.19734305358940787
MET,0.17461384207226968,179.933,0.01491402526253242,0.17053974,45.5304341272594,0.058,0.13094,0.00451,0.055180002,0.076069996,24.81488185019545,0.105,18.248064,financial-services,-0.6064465496583515,0.1752397629228955,-0.5990271353755788,0.8107419803345703,0.964368851991697,-0.17302597995672386,-0.22895915619709817,-0.7443611865456427,-0.670337147726231,-0.17351753556039326,0.7935659349522952,-0.16580239414349088,0.013474281793664005,-0.3434113073703449,0.5340282841231812,-0.4542937565073413,0.7935659349522952,-0.16580239414349088
WBS,0.0,,,0.2467053,,0.028,0.10682,0.012150001,0.50575,0.0,23.254494082685422,0.058,12.633551,financial-services,-1.8875161415306403,1.5138763447330517e-16,0.0,1.1593502139274754,0.0,-0.1829827179337732,-0.33525214816723964,-0.5765542886606476,0.600958749158403,-0.4325369740169226,-0.43198515368105256,-0.21362210362601025,-0.34931427080486777,-0.62917204717688,0.32545583199790074,-0.18584616542160173,-0.43198515368105256,-0.21362210362601025
CBSH,0.15259875128375877,,0.012852528254790834,-0.013306737,30.78630858482539,0.012,0.14694001,0.01749,0.45125,0.0,22.78396756810018,0.142,13.416667,financial-services,-0.7679621719982824,1.5138763447330517e-16,-0.8720300225988846,-0.03071964089225007,-0.6800708071137166,-0.1882929781881995,-0.1584496647189811,-0.4592652114865771,0.44718546934004144,-0.4325369740169226,-0.8015434738548814,-0.12815709093384794,-0.29871228267931677,-0.5466640648657223,-0.29969447539805544,-0.15076659522060984,-0.8015434738548814,-0.12815709093384794
HLNE,0.5141865916473586,21.558,0.026232391094895204,-0.321454,35.02750168918834,0.505,0.32416,0.10783,0.45933998,0.44772997,22.484830113319365,0.565,13.2207,financial-services,1.8848583695075887,-0.6683413266811471,0.8998576746827955,-1.4411034553212176,-0.2070426765089981,-0.02467058409868887,0.6225305580844415,1.5249852035238989,0.470011574996279,1.0919900603943677,-1.036490351157469,0.3022202944088265,-0.31137492755823615,0.7054582391697458,-0.5576055719763016,0.9273793492497467,-1.036490351157469,0.3022202944088265
RLI,0.2794800458111859,18.189,0.016625172304307705,-0.11013079,26.366303238118206,0.358,0.25164,0.056700002,0.36861,0.28919,22.347782073927053,0.152,11.8691,financial-services,0.16291344626573043,-0.6862862339637108,-0.37242089674705814,-0.47388138073419217,-1.1730421986461963,-0.07345860018623059,0.3029464876999198,0.4019531053283619,0.21401438963014444,0.5521591656705794,-1.1441298606239736,-0.11798268466097148,-0.39871019736563995,-0.2985978948150128,-0.5734607265222064,0.3677682870822514,-1.1441298606239736,-0.11798268466097148
BAC,0.17931673671440024,,0.013993952396845973,0.08874798,24.7544201126868,0.341,0.111990005,0.00969,0.38305,0.0,26.665054977485504,0.168,12.687646,financial-services,-0.5719433553622256,1.5138763447330517e-16,-0.7208718665805961,0.43638274269416133,-1.352818512248082,-0.07910075170655853,-0.31246876093877396,-0.630586367531316,0.2547572549618351,-0.4325369740169226,2.246718630406193,-0.10170363462436911,-0.3458188569100531,-0.43093840731427385,-0.3318455070868264,-0.28020871188129437,2.246718630406193,-0.10170363462436911
MTG,0.17890051743272445,12.903,0.01551985197884374,0.018018007,21.17905307694086,0.062,0.13923,0.088,0.80851996,0.77258,22.39105298031626,-0.029,8.075,financial-services,-0.5749969842096173,-0.7144420012227287,-0.5187978446761974,0.11265308128808911,-1.751585826899432,-0.1716984148931173,-0.19242644875794096,1.0894341106563126,1.4552326900698542,2.198109118862397,-1.110144265802202,-0.3021394382000355,-0.6438705607692139,-0.6027456100361811,-0.6035437201681534,1.1375873677076558,-1.110144265802202,-0.3021394382000355
WFC,0.23018299097197767,,0.01681808117032343,-0.004822552,38.24752849920571,0.25,0.12575,0.0107700005,0.37387002,0.0,26.212497496759873,0.095,11.703217,financial-services,-0.19875867075482287,1.5138763447330517e-16,-0.3468740843114862,0.008112302919696201,0.1520928839239139,-0.10930285690360816,-0.2518306582006236,-0.6068649657122267,0.22885568370923037,-0.4325369740169226,1.8912734489449783,-0.17597680041636732,-0.4094289281746526,-0.18187758502210297,0.01696744331333398,-0.2655942285551356,1.8912734489449783,-0.17597680041636732
CPAY,0.20203153660002773,275.291,0.023231452113735333,0.3711114,41.731712930969294,-0.07,0.29215,0.06316,0.4692,0.55737,23.962544945700106,0.215,23.869778,financial-services,-0.4052942565645607,0.6831621341460197,0.5024450162307066,1.7287544271858342,0.5406904336897479,-0.21550806199213438,0.4814675948603856,0.543842121406144,0.4978318981976486,1.4653159509722646,0.12412822021454849,-0.053883925141849746,0.37672813572238467,0.2601042979373885,0.6846455996278159,0.7471143913591107,0.12412822021454849,-0.053883925141849746
THG,0.10015035473540926,22.982,0.013152365799427707,0.2008816,44.0504870171753,0.249,0.21885,0.03887,0.14755,0.0,22.732245359899366,0.043,10.439785,financial-services,-1.1527543806981018,-0.6607564207831444,-0.8323227055004773,0.9496160622493259,0.7993076068065196,-0.10963474816950981,0.15844618891464046,0.010330470082207251,-0.40971260553769,-0.4325369740169226,-0.8421668431781235,-0.22888371303532495,-0.49106711595454877,-0.8819445023272411,0.5464296402954452,-0.16836823013944122,-0.8421668431781235,-0.22888371303532495
HOOD,0.5726092037736827,240.279,0.0454194985453455,-0.1647262,58.76306099652599,0.476,0.23618999,0.04528,0.43884,0.0,25.3398384006809,0.323,51.605503,financial-services,2.313480928776439,0.49667145626619813,3.4407955037292814,-0.723763472356448,2.4402282615809097,-0.03429543080983656,0.23486075847651164,0.15112131754974265,0.4121703059905761,-0.4325369740169226,1.2058743914324974,0.055999662605216084,2.1689055744460846,2.083649296257306,0.5607231194715416,0.09140385199997694,1.2058743914324974,0.055999662605216084
OZK,0.17306886217512282,,0.01520467666984751,-0.08929628,30.600644349249052,-0.057,0.113290004,0.016619999,0.55609,0.0,22.334974960227413,-0.021,7.5841584,financial-services,-0.6177814286278529,1.5138763447330517e-16,-0.5605363332669382,-0.3785222482224149,-0.7007782835510626,-0.21119347553541298,-0.30673987274357534,-0.47837413162504877,0.7429944722053077,-0.4325369740169226,-1.154188752691483,-0.29399991318173435,-0.6755868848064273,-0.3927725872982637,-0.4301646691029635,-0.11866412654505976,-1.154188752691483,-0.29399991318173435
MCO,0.23605938643024987,240.682,0.017571009673780568,-0.052102864,41.21336505923706,0.567,0.76932,0.15619999,0.49473998,0.49668998,25.088231273570763,0.151,28.815355,financial-services,-0.15564598597526683,0.49881802724716373,-0.24716418682213334,-0.20828873253571747,0.4828781344770099,-0.004093325612786938,2.584279658641165,2.587395793866522,0.5698936686764625,1.2586996037605336,1.008258519943197,-0.11900012528825912,0.6962925790845408,0.0320026181499212,0.0901653587761685,1.7500671812361706,1.008258519943197,-0.11900012528825912
WAL,0.30257400766937737,,0.022672064269957232,-0.119172215,38.3119492400432,0.14,0.13019,0.01091,0.39363998,0.0,22.826603889045508,0.136,8.553531,financial-services,0.3323442997495156,1.5138763447330517e-16,0.42836559925578555,-0.515263800799281,0.1592778485932146,-0.14581089615278903,-0.23226428654442843,-0.6037899815858568,0.28463718079322686,-0.4325369740169226,-0.7680562916057867,-0.1342617346975738,-0.6129497010502092,0.2535699663351005,-0.16726561611961852,-0.24598851533849525,-0.7680562916057867,-0.1342617346975738
CACC,0.19897104725591588,395.632,0.023716681869770707,0.120639324,40.53341812720308,0.706,0.31932,0.05787,0.52556,0.0,22.43020934730808,0.095,11.847389,financial-services,-0.4277478019906338,1.3241559267524292,0.5667037194288451,0.5823487816590648,0.4070423924449902,0.042039560347541624,0.6012014502430034,0.42765123480657113,0.6568532202263249,-0.4325369740169226,-1.0793902896477194,-0.17597680041636732,-0.40011307990691586,0.48770394806354683,0.34381024481719885,0.31329223281474416,-1.0793902896477194,-0.17597680041636732
HIG,0.1563924458321196,22.33,0.012474193986392958,-0.05333233,30.63178731192143,0.361,0.22061001,0.038510002,0.17615,0.19055,24.224124467615894,0.081,8.690341,financial-services,-0.7401294030202924,-0.6642292850004884,-0.9221326165974515,-0.21391597364735027,-0.6973048511814655,-0.07246292638852565,0.16620227219811348,0.0024233837317208457,-0.329016902733926,0.21628853660741956,0.32957655461135366,-0.19022096919839435,-0.6041095573225154,-0.7754971015394108,-0.3278945837391138,0.01397432245083198,0.32957655461135366,-0.19022096919839435
MS,0.18830214232837703,517.282,0.018005287069487078,0.2286315,30.609295188312174,0.624,0.17969999,0.01345,0.41567,0.0,26.411569519944194,0.28,15.582437,financial-services,-0.5060211480154562,1.9721220801878312,-0.18965307599419232,1.076626795464965,-0.6998134394306708,0.014824476543606805,-0.014081659284404188,-0.5480007846174418,0.34679550060724695,-0.4325369740169226,2.047627491068306,0.012249715631847301,-0.15876843295248874,0.4254826187260609,0.1305459441926337,-0.16195597932788042,2.047627491068306,0.012249715631847301
WEX,0.31401067628460805,398.423,0.025537778071249382,0.07883978,38.10311150628308,0.571,0.3019,0.02892,0.26941,0.32979,22.472390558498454,0.142,16.836327,financial-services,0.4162504106363508,1.3390221292533597,0.8078704633280893,0.3910331109172109,0.13598578893701702,-0.0027657605491803595,0.524434289375679,-0.2082138251287097,-0.06588119491997399,0.6904027538697309,-1.046260557173125,-0.12815709093384794,-0.07774681305103456,0.8543810010725998,0.17475104643501585,0.23518550579918157,-1.046260557173125,-0.12815709093384794
EWBC,0.15714745409029493,,0.015536297649619385,0.1873995,34.20304712851423,0.174,0.16577,0.01775,0.65281,0.0,23.555294886590993,0.163,11.9049,financial-services,-0.7345902194728587,1.5138763447330517e-16,-0.516619953761384,0.8879087621766565,-0.29899562229753673,-0.13452659311213314,-0.07546890286708044,-0.45355450628508587,1.0158926671416733,-0.4325369740169226,-0.19573185795282363,-0.10679083776080736,-0.39639693703780254,-0.41707005774474754,0.15146218225566221,0.013583070993146096,-0.19573185795282363,-0.10679083776080736
JKHY,0.3539700248916142,3.793,0.01834446428507881,-0.00061511993,43.873432040537224,-0.104,0.24040002,0.12989001,0.22503,0.27599,23.030134758829213,0.047,20.52149,financial-services,0.7094156362790748,-0.7629662236460456,-0.14473602843643446,0.02736963473587192,0.7795603369811456,-0.22679236503279024,0.25341368903140615,2.009516795262168,-0.19110061066931117,0.507212974433417,-0.6082002069660378,-0.22481395052617437,0.16037445425383468,-0.0660955386011351,0.19337920222807578,0.6447607120144201,-0.6082002069660378,-0.22481395052617437
RYAN,0.4948913669678557,374.707,0.027746029914226665,-0.32253444,40.21236909432992,-0.143,0.22092,0.03453,0.25041,0.28748,22.972656066189025,0.074,50.68493,financial-services,1.743297280696403,1.2126993565869069,1.1003080106953929,-1.4460486074333152,0.3712351985456564,-0.2397361244029544,0.16756834867327206,-0.08499437828114755,-0.11949022825114575,0.5463365908966743,-0.6533448023064724,-0.19734305358940787,2.1094216359047917,1.3521015493262343,-0.4381831777635377,0.12735508325941328,-0.6533448023064724,-0.19734305358940787
BLK,0.22454433871509027,23.192,0.0172810934436176,-0.07979041,38.78165289436946,0.196,0.122779995,0.03737,0.35079,0.40719002,25.870451744482843,0.306,25.378658,financial-services,-0.24012713192441795,-0.6596378602223435,-0.2855576298347407,-0.3350140727496187,0.21166476804651513,-0.12722498526229695,-0.2649189964102538,-0.022615906080242568,0.16373475942164534,0.9539509433152007,1.6226257750821846,0.038703171941326074,0.47422624308180716,-0.3951075406605007,-0.08352476332180019,0.20753770006158742,1.6226257750821846,0.038703171941326074
MORN,0.37524767492968836,186.052,0.025584131675306473,-0.17638999,41.480535132912415,0.354,0.3196,0.096269995,0.24215999,0.26499,22.687447860220164,0.096,17.727612,financial-services,0.8655209606152482,0.20783248707309052,0.8140090449962991,-0.777148404193076,0.5126761081590311,-0.07478616524983717,0.6024353655726734,1.2710783547440319,-0.14276786304443537,0.46975781506911485,-0.8773514464178084,-0.17495935978907967,-0.02015535407626998,0.6291208308948792,-0.11308615376129401,0.5501259180853462,-0.8773514464178084,-0.17495935978907967
WTM,0.14222146388383614,14.915,0.014162465578709867,0.21444106,30.240308145399865,0.688,0.20364,0.03546,0.36408,0.25132,22.289573172132588,0.225,4.5974016,financial-services,-0.8440960407476922,-0.7037251257544835,-0.6985557608519596,1.0116774374834034,-0.7409672484724286,0.03606551756131202,0.09141814547078257,-0.06456762506042868,0.20123286747276511,0.42321126702275025,-1.1898479727802842,-0.04370951886897328,-0.8685797902348807,-0.7487923091180452,0.10225856885742897,0.1628236637264673,-1.1898479727802842,-0.04370951886897328
BX,0.3812778426377614,68.185,0.02320091764582052,-0.32183224,27.067905311994934,0.573,0.31374002,0.1433,0.54357,0.0,25.620963252552198,0.286,25.53303,financial-services,0.9097618088379527,-0.41998359683131153,0.49840135384882245,-1.442834652180719,-1.0947912184932538,-0.0021019780173770703,0.5766113685956755,2.3040571785119615,0.7076689407681356,-0.4325369740169226,1.4266739102614237,0.018354359395573127,0.4842011766943467,0.3293931886184878,-0.8465759495637832,0.7889501284647126,1.4266739102614237,0.018354359395573127
HLI,0.38251699724651134,20.846,0.01901088911391329,-0.3650493,49.99658955335709,-0.19,0.17794001,0.11173,0.18395,0.0,22.901359632927416,-0.155,21.413559,financial-services,0.9188529740632213,-0.6721337796301483,-0.05648176383848301,-1.6406382650955142,1.4624874474463216,-0.25533501390033164,-0.021837610362663268,1.610645781546268,-0.3070089837874449,-0.4325369740169226,-0.709342050694846,-0.43033695723827897,0.21801657233745464,0.06341247686486333,-0.14449527718317476,0.2123155533448093,-0.709342050694846,-0.43033695723827897
SPGI,0.284780686417526,42.98,0.0194193583761977,-0.12968206,42.94431053732736,0.177,0.14255,0.07033,0.4479,0.50509,25.479350820227857,0.104,23.863882,financial-services,0.20180205565452872,-0.5542374965217293,-0.0023884095785211136,-0.5633671496197351,0.6759336930266673,-0.1335309193144282,-0.17779573842042554,0.7013257994626542,0.43773335030533495,1.2873017935571998,1.3154494606644769,-0.16681983477077852,0.37634715854660455,-0.11827461681524055,-0.006988125302498677,0.5621413012261909,1.3154494606644769,-0.16681983477077852
MSCI,0.18072818379130973,,0.01886178638545017,-0.037466347,42.68639086120549,0.196,,0.21134001,0.56298,0.58861,24.390936415684656,0.122,29.49945,financial-services,-0.5615881515060651,1.5138763447330517e-16,-0.07622735415971196,-0.14129768911238377,0.6471674333351201,-0.12722498526229695,0.0,3.798505020883191,0.7624348006080328,1.5716886035668822,0.4605930678200853,-0.14850590347960088,0.740496205452472,-0.212605168555259,0.12621491965347975,1.5331571062645266,0.4605930678200853,-0.14850590347960088
WTW,0.30386992121050244,91.39,0.0192051432901922,-0.165452,35.09767442518418,-0.268,0.19761999,0.05079,0.17559,0.27876,24.010490845944634,0.091,17.858118,financial-services,0.3418518818033127,-0.2963826548628076,-0.0307567927227476,-0.727085444333569,-0.19921618115480547,-0.28122253264065994,0.06488892181447369,0.27214433931980825,-0.3305969584531605,0.5166448645642457,0.1617856227292793,-0.1800465629255179,-0.011722550938148443,0.004904144739252498,-0.4025080527096781,0.1307702918113418,0.1617856227292793,-0.1800465629255179
HBAN,0.21262002834331212,,0.017120591010050937,-0.10387325,30.52122726341507,-0.029,0.09002,0.00982,0.41932,0.0,24.151803770506348,0.476,11.738462,financial-services,-0.3276108688380695,1.5138763447330517e-16,-0.30681287667988094,-0.4452407462264573,-0.7096358183828244,-0.20190052009016693,-0.4092870679474377,-0.6277310149305703,0.3570940780629722,-0.4325369740169226,0.27277483460379304,0.21166807858022596,-0.4071515298435177,-0.21147458183931675,-0.45225902823314956,-0.2781152447079896,0.27277483460379304,0.21166807858022596
SLM,0.39254454863717425,236.158,0.0248263679259935,-0.16459852,33.15034170311296,-0.094,0.30333,0.02528,0.29211,0.0,22.171228965396562,0.081,6.2341595,financial-services,0.9924209742576057,0.4747210368801949,0.7136588186225866,-0.7231790835688497,-0.4164058102332743,-0.2234734523737738,0.530736071237922,-0.28816369794958785,-0.0018325077295739147,-0.4325369740169226,-1.2827972219468728,-0.19022096919839435,-0.76281869759956,0.726933609920129,-0.4543527820586326,-0.04794927711454059,-1.2827972219468728,-0.19022096919839435
EEFT,0.2945467123619901,225.391,0.023293865516030614,-0.27594823,39.98735823346856,-0.247,0.22371,0.04839,0.12369,0.1503,21.578346489257186,0.032,9.979364,financial-services,0.27345135173788676,0.4173708389842724,0.5107103879310071,-1.2328244628476506,0.3461393200369614,-0.2742528160567254,0.1798634335653406,0.2194301374598886,-0.4770342652893616,0.07923670347895051,-1.7484556814615377,-0.24007555993548904,-0.5208177761054771,0.4005108595510554,-0.38697931962247156,0.000374002303704532,-1.7484556814615377,-0.24007555993548904
NDAQ,0.233809978033069,77.687,0.01745517574212324,0.051637292,43.05525273051284,0.141,0.16521999,0.058530003,0.49333,0.59726,24.663516777268974,0.149,26.825073,financial-services,-0.17214896571119145,-0.36937139469449953,-0.2625040091270519,0.26652787139672157,0.6883072815326303,-0.1454790048868874,-0.07789270919019389,0.44214770621080135,0.5659153705282368,1.6011419788851746,0.6746816205731014,-0.12103500654283442,0.5676880988664148,-0.268008123177581,0.26978538268082153,0.6328280866085048,0.6746816205731014,-0.12103500654283442
WTFC,0.19299660662166926,,0.01581321481228166,0.090349555,28.678674378545736,0.187,0.12208,0.01254,0.46085998,0.0,22.981536122645366,0.102,11.391166,financial-services,-0.47157980370451746,1.5138763447330517e-16,-0.4799479699338123,0.44371311920181855,-0.9151391579439191,-0.13021200665541177,-0.26800376270022647,-0.5679882528226613,0.4743002976627728,-0.4325369740169226,-0.6463702777147031,-0.16885471602535382,-0.4295924812071105,-0.3171759245461099,-0.2005460151325041,-0.19855717296925937,-0.6463702777147031,-0.16885471602535382
IBKR,0.18696237528384888,205.748,0.02493947667826683,0.25298047,45.017534756876216,0.353,0.24018998,0.022839999,0.76532996,0.0,25.703716277452134,0.263,33.896824,financial-services,-0.5158504650991915,0.3127428147184968,0.7286377469571339,1.1880715405900144,0.9071642342365863,-0.07511805651573882,0.25248807626053515,-0.341756491804757,1.3333708927238903,-0.4325369740169226,1.4916693311853242,-0.005046775032042704,1.0246378484933587,0.17517669885881304,0.6733725727702873,0.20289137579068647,1.4916693311853242,-0.005046775032042704
SEIC,0.15232840205326995,2.383,0.014591903128337712,0.22933269,41.547628923159266,-0.107,0.27587998,0.14759,0.30706,0.31004,23.234584710027736,0.147,18.10582,financial-services,-0.769945612567799,-0.7704765588399948,-0.6416855881132955,1.07983612796791,0.5201592029851083,-0.2277880388304952,0.40976821238882505,2.3982838143365677,0.040349336917848214,0.6231537177383701,-0.44762226250918075,-0.12306988779740971,0.004283013579337161,-0.7273692531736963,0.45740243070750775,0.8678887703454028,-0.44762226250918075,-0.12306988779740971
AFL,0.13282164826074583,53.365,0.010744970509082097,0.027667284,33.78472134838903,0.468,0.16908,0.0313,0.25722998,0.33566,24.749334290174513,-0.01,12.256579,financial-services,-0.9130586030568312,-0.49892201355069216,-1.1511327073991193,0.15681762771062768,-0.3456522721805198,-0.0369505609370497,-0.06088226093419616,-0.15593890828428936,-0.1002474632438865,0.7103901889123175,0.7420839346357267,-0.2828080662815702,-0.37367277282457523,-0.8543711080022142,-0.07526173513564728,0.09833038911248637,0.7420839346357267,-0.2828080662815702
EVR,0.3238579060149959,50.183,0.023783566772828713,-0.2261908,30.775632950968728,-0.017,0.39504,0.19288999,0.16955,0.0,23.016091228212403,0.188,14.556246,financial-services,0.48849546533573446,-0.515870869286257,0.5755612494557699,-1.0050857082133693,-0.6812614803516419,-0.1979178248993472,0.9348874101094674,3.3932641548000437,-0.347638987996333,-0.4325369740169226,-0.6192301987373471,-0.0813548220786162,-0.22507700639058395,0.18272861516841576,-0.6280883378214528,0.8869939007240639,-0.6192301987373471,-0.0813548220786162
NTRS,0.12386241502693744,,0.015795356199580002,0.2979586,32.92201203578273,0.986,0.17066,0.01276,0.42496,0.0,24.15678098164177,0.364,14.549828,financial-services,-0.9787887944672764,1.5138763447330517e-16,-0.4823129759517919,1.3939355354140799,-0.44187184138090313,0.13496911480000204,-0.053919453002487065,-0.5631561176521688,0.37300749637812003,-0.4325369740169226,0.2766840081133422,0.09771472832400957,-0.22549171322812755,-0.48703392347302277,0.36234426961105964,-0.1691512620733646,0.2766840081133422,0.09771472832400957
XP,0.3405872673104774,642.491,0.029247652422464937,0.15367103,71.63240774728028,0.086,0.22563,0.01359,0.31178,0.0,23.089179247076487,0.106,10.766666,financial-services,0.6112318749625062,2.639045171889378,1.2991670334002845,0.7335342345228022,3.875570365988014,-0.16373302451147784,0.1883245672545061,-0.5449257895089467,0.05366694940853934,-0.4325369740169226,-0.5618258131416641,-0.16478495351620323,-0.46994530452371575,1.5164813600840563,1.481790525333113,-0.18386781171570596,-0.5618258131416641,-0.16478495351620323
BNY,0.12260368784315845,,0.013662620375627167,0.37583077,28.41163792073482,0.269,0.14124,0.012560001,0.40046,0.0,25.30957994026598,0.131,17.156584,financial-services,-0.9880235555862428,1.5138763447330517e-16,-0.7647499794677755,1.750354888593475,-0.9449222292008401,-0.10299692285147692,-0.18356869942709578,-0.5675489458429113,0.30388005866160883,-0.4325369740169226,1.1821089596122711,-0.13934893783401203,-0.05705301939706185,-0.584257845018006,0.23414524551371932,-0.2199436401563302,1.1821089596122711,-0.13934893783401203
ICE,0.2931752428992731,69.226,0.01580256518443871,-0.06425232,46.31615468275402,0.142,0.14094,0.02172,0.52626,0.63592,25.17001225632863,0.048,21.473164,financial-services,0.26338944711442064,-0.41443873233705547,-0.481358294148721,-0.2638965478695078,1.0520017223651263,-0.14514711362098576,-0.18489075156602786,-0.3663564307084687,0.6588282898753678,1.7327798389782583,1.0724904849299157,-0.22379650989888672,0.22186802155088348,-0.2108025264571186,0.2143193536248776,0.4600902366447824,1.0724904849299157,-0.22379650989888672
SOFI,0.5296491757482361,30.835,0.035888826066484546,-0.38737005,42.42187901050658,0.404,0.07095,0.0124699995,0.16956,0.0,23.734058379590365,0.426,32.75,financial-services,1.9983009584130182,-0.6189275822880502,2.1786539172327872,-1.7427998881436326,0.6176659361903224,-0.05819160195475494,-0.49332551557888865,-0.5695257613590344,-0.34761077271563245,-0.4325369740169226,-0.05532842874440213,0.16079604721584365,0.9505344277611848,1.1860090977859183,-0.39444185130268844,-0.46074975591761946,-0.05532842874440213,0.16079604721584365
AMG,0.1972206668494973,76.096,0.020882390954079635,0.56673,50.72950179194259,1.482,0.24257,0.0312,0.30357,0.27557,22.969772451536734,0.299,13.001778,financial-services,-0.4405896196052066,-0.37784582256228183,0.19136017039205525,2.6240968182076694,1.544230508321993,0.2995871826872176,0.2629764446995392,-0.15813533336178606,0.03050220395333298,0.5057828683485981,-0.6556096349012275,0.031581087550312546,-0.3255208375440134,-0.20902509059181107,1.489304836405627,0.16028154590992105,-0.6556096349012275,0.031581087550312546
EG,0.16430965533439193,23.26,0.015165493250240589,0.043221235,49.879054085557954,-0.115,0.12572,0.02489,0.19132,0.0,23.362438725598754,-0.113,7.7944508,financial-services,-0.6820441090626368,-0.6592756596597984,-0.565725371448318,0.22800774806818297,1.449378498797984,-0.23044316895770833,-0.25196286341451685,-0.29672975575182486,-0.28621432191109036,-0.4325369740169226,-0.3472038721373796,-0.38760445089219775,-0.6619985868688374,-0.6356817133902511,0.48231435930281963,-0.31686097877358865,-0.3472038721373796,-0.38760445089219775
NU,0.3816631002162238,,0.025002067472858464,-0.1885677,40.72447628523046,0.663,0.31628,0.049629997,0.50154,0.0,24.83670231540732,0.521,16.88,financial-services,0.912588284465253,1.5138763447330517e-16,0.736926610619292,-0.8328855375156257,0.4283514630542729,0.027768235913770947,0.5878046552351581,0.24666574252809476,0.5890801159834432,-0.4325369740169226,0.8107040434735914,0.25745290680817007,-0.07492482929970386,0.549838298361515,-0.12558861284919395,0.24775338493244334,0.8107040434735914,0.25745290680817007
ZION,0.18084606416322746,,0.0189320080905312,0.10853398,30.599812089482015,0.871,0.16404,0.01316,0.52116,0.0,22.936361355736985,0.352,7.970738,financial-services,-0.5607233119369323,1.5138763447330517e-16,-0.06692793332093676,0.5269428660605388,-0.7008711070259886,0.09680161922131295,-0.08309273686825563,-0.5543704173421822,0.6444384967180532,-0.4325369740169226,-0.6818511920848992,0.0855054407965578,-0.6506075760848837,-0.20921708175262296,-0.025708873914712316,-0.10639040787732681,-0.6818511920848992,0.0855054407965578
BOKF,0.13088583174286456,,0.013907526862213415,0.15240574,23.551913168965314,0.332,0.1086,0.01249,0.40091,0.0,22.762006776737607,0.101,11.91329,financial-services,-0.9272608887809802,1.5138763447330517e-16,-0.7323171514371355,0.7277430276849248,-1.4869363412718581,-0.08208777309967333,-0.3274079721429091,-0.5690864653614097,0.3051497462931366,-0.4325369740169226,-0.8187917965616147,-0.16987215665264144,-0.39585480703359704,-0.5531926800727053,-0.28042702889553556,-0.2559704163070262,-0.8187917965616147,-0.16987215665264144
SSB,0.17844558924818915,,0.014951009662033377,0.021847844,28.46627091607607,0.114,0.105979994,0.014099999,0.50514,0.0,22.990719486809972,-0.001,10.457982,financial-services,-0.5783346042790081,1.5138763447330517e-16,-0.5941293121878349,0.13018216807637967,-0.9388289099343763,-0.1544400690662318,-0.33895392059729235,-0.5337240435779643,0.5992376170356654,-0.4325369740169226,-0.6391575308683156,-0.27365110063598136,-0.48989129477617854,-0.3908213054889476,-0.3210289369747428,-0.17649433028912848,-0.6391575308683156,-0.27365110063598136
AGNC,0.18712256612845643,717.093,0.013126333434677326,-0.048338354,23.50977788239892,,0.19799,0.02025,0.95614,0.0,23.09838704886562,,4.512438,financial-services,-0.5146752110787334,3.0364111478744817,-0.8357701568969215,-0.1910586461102671,-1.4916357679064274,-3.684733250759956e-17,0.06651949685422794,-0.3986438793476695,1.8717467766334819,-0.4325369740169226,-0.5545938726320295,0.0,-0.8740698160781838,0.5619885932996089,-0.5608981380055648,0.27677135503077943,-0.5545938726320295,0.0
FDS,0.3598949560479365,77.049,0.02962780168094156,-0.09332824,46.16462902940829,-0.152,0.25475,0.10358,0.24677,0.35569,22.98512461084316,0.063,18.51509,financial-services,0.752884407415556,-0.37276968820778994,1.3495099855123576,-0.3969764479094815,1.0351017853009414,-0.24272314579606918,0.31665176154018265,1.431637137730291,-0.12976059042617036,0.778592629100224,-0.6435518272571131,-0.20853490048957202,0.030728489958499684,0.5765415682400412,0.13180073053179692,0.5992802344861319,-0.6435518272571131,-0.20853490048957202
ORI,0.16175821148937178,37.518,0.014691225163760155,-0.11243296,26.030353385657364,0.617,0.18571,0.0312,0.17448999,0.15975,22.921363675545667,0.134,8.346757,financial-services,-0.7007629980489534,-0.5833307240602755,-0.6285324269234435,-0.484418366441782,-1.210511308582032,0.012501237682295293,0.012403495967273592,-0.15813533336178606,-0.33370066754550903,0.11141409038737372,-0.6936305867124118,-0.1362966159521491,-0.6263106533135682,-0.6375420496775575,-0.5608094791138396,-0.09200460363816196,-0.6936305867124118,-0.1362966159521491
BHF,0.2675273912556442,178.382,0.026637193194940643,0.0021198988,40.32091252650742,15.206,0.13535,0.0033399998,0.77778,0.0,21.77751761124408,0.867,4.1205616,financial-services,0.0752217597903773,0.16697839420955146,0.9534653887136448,0.03988776035995728,0.3833412487888118,4.854462915921384,-0.2095249897547962,-0.7700593643452036,1.368499030057281,-0.4325369740169226,-1.5920238057074276,0.6094873638496957,-0.8993913839423108,0.3985551809045245,1.759230641690051,-0.010905574514910338,-1.5920238057074276,0.6094873638496957
STWD,0.2206610238020364,331.119,0.011105224377369426,-0.26245505,25.67867604490712,-0.974,0.03689,0.00429,-0.05869,0.0,22.357763273772466,0.134,24.545454,financial-services,-0.2686174084783152,0.9805287959955195,-1.1034244906001291,-1.1710664498382128,-1.2497345344474133,-0.5155377663672208,-0.643422501752314,-0.7491933217161352,-0.9916245547072103,-0.4325369740169226,-1.1362904821110718,-0.1362966159521491,0.42038775821601243,-0.1305043676943083,-0.9787795835509491,-0.7041943380481455,-1.1362904821110718,-0.1362966159521491
ALL,0.19020258668366632,22.261,0.01593421259479341,0.06996393,29.51018208461757,0.612,0.46113998,0.086780004,0.22827,0.24404,24.750384997928226,0.118,4.5148554,financial-services,-0.49207837322902875,-0.6645968120418944,-0.4639243017697179,0.3504085242912399,-0.8223995617718046,0.01084178135278707,1.2261794765840326,1.0626378125678564,-0.18195885972231135,0.3984227615525577,0.7429091756804274,-0.15257566598875147,-0.8739136128514655,-0.540199829013547,-0.1537164187092592,0.6263202977455338,0.7429091756804274,-0.15257566598875147
FNF,0.30642559457575475,54.297,0.01743713955162289,-0.28396374,19.096028247969258,0.058,0.102110006,0.012309999,0.10666,0.15694,23.06176358056032,0.105,14.36803,financial-services,0.3606018010315237,-0.4939577352522804,-0.2648925316728593,-1.2695112906271124,-1.9839094482497626,-0.17302597995672386,-0.35600834030743095,-0.5730400524651544,-0.525084888322512,0.10184599967703833,-0.58335847357652,-0.16580239414349088,-0.23723881102366354,-0.13274948863120534,-1.1421489062778662,-0.3380718203545148,-0.58335847357652,-0.16580239414349088
OMF,0.2968203735610108,673.042,0.018812895796749236,-0.0007093549,32.17555768130376,-0.059,0.23281999,0.028900001,0.28592,0.0,22.575202329794557,-0.027,8.354449,financial-services,0.29013226425729527,2.8017744275704715,-0.08270190727488941,0.026938323176758053,-0.5251252795508626,-0.21185725806721625,0.22000970611584103,-0.20865308817995823,-0.019297766483255624,-0.4325369740169226,-0.9655107071295508,-0.30010455694546023,-0.6258136254241344,1.0030682615176258,-0.23668140481377362,-0.11011953064107385,-0.9655107071295508,-0.30010455694546023
BAM,0.25670090362909104,34.454,0.019201985603361855,-0.19350791,29.829504363410834,0.474,0.26771,0.13036999,0.68738997,0.66760004,24.988835596224543,0.608,25.768787,financial-services,-0.0042077053686246455,-0.5996510552902473,-0.031174963410550795,-0.8554967791539463,-0.7867849559566078,-0.03495921334163985,0.3737644139420498,2.0200591963491363,1.113461023158564,1.8406508341480277,0.9301917194250847,0.3459702413821953,0.49943490058009987,-0.21167790802314093,-0.5590803161507313,1.3369838668994445,0.9301917194250847,0.3459702413821953
JEF,0.45230581222274263,364.763,0.027086387850348646,-0.26728618,32.825084372451215,0.077,,,0.15799,0.0,22.953400219584854,0.085,12.773744,financial-services,1.4308646660220317,1.1597328507935518,1.0129519838390038,-1.193178434514196,-0.45268236338765244,-0.16672004590459266,0.0,-1.5240760580630485e-16,-0.38025585248624605,-0.4325369740169226,-0.6684686223335651,-0.18615120668924376,-0.3402555304378144,1.2011831668848625,-0.604193614602147,-0.2031982066257922,-0.6684686223335651,-0.18615120668924376
STT,0.11791028867981761,,0.01579955859063413,0.5680014,36.001290520361536,0.682,0.12437,0.0086900005,0.34313,0.0,24.59363689287026,0.184,15.70054,financial-services,-1.0224570854789432,1.5138763447330517e-16,-0.4817564556722523,2.629915990392447,-0.09843420264824486,0.03407416996590219,-0.2579120980397114,-0.6525506073241572,0.1421218544049729,-0.4325369740169226,0.6197969501202716,-0.08542458458776679,-0.15113706467040547,-0.5014045137170651,0.8551853192367015,-0.3002194562439545,0.6197969501202716,-0.08542458458776679
ALLY,0.23040847233765796,,0.018728930011638955,-0.026769638,27.724203535994207,0.135,0.09681,0.0074699996,0.25270998,0.0,23.160730673930576,0.11,8.893617,financial-services,-0.1971044071656436,1.5138763447330517e-16,-0.0938214488880935,-0.09233906752872667,-1.0215930607158554,-0.14747035248229726,-0.379364621202941,-0.679347013037442,-0.11300077012056535,-0.4325369740169226,-0.5056282891029896,-0.16071519100705264,-0.5909746325626974,-0.09697528535124565,-0.4204674935756265,-0.40106234459446777,-0.5056282891029896,-0.16071519100705264
FIS,0.5018671884259269,132.51,0.02090821057748718,-0.49857163,27.506800675642793,,0.22348,0.04275,0.20669001,0.28885,23.554519947192198,0.291,5.124611,financial-services,1.7944759996467976,-0.07735784410026166,0.19477944857233268,-2.251767279396846,-1.0458404048215406,-3.684733250759956e-17,0.17884986025882607,0.09555176308907741,-0.24284740725896162,0.5510014607447737,-0.1963405065487644,0.023441562532011365,-0.8345135167856359,0.6372992013729563,-1.099202561406129,0.1456389192084289,-0.1963405065487644,0.023441562532011365
PYPL,0.48548081316444647,71.751,0.02783149613890434,-0.19156915,37.8648391097062,-0.031,0.24497,0.046230003,0.16966,0.18917,24.528535342742668,0.048,10.180233,financial-services,1.6742559367963241,-0.4009893732131394,1.1116262546751123,-0.8466231136946417,0.10941082676151033,-0.20256430262197023,0.273552861810996,0.17198742167871314,-0.34732861990862623,0.2115896166144435,0.5686652524154715,-0.22379650989888672,-0.5078383825637907,0.7949642727527658,-0.3132588631850339,0.07745032004888158,0.5686652524154715,-0.22379650989888672
BRO,0.42914561286969155,63.975,0.019695607942671847,-0.3515249,36.08280416866511,0.071,0.10023,0.05381,0.41838002,0.43403998,23.737710537469592,0.324,19.333334,financial-services,1.2609478554142324,-0.44240807283593997,0.03419516486200151,-1.5787373587750735,-0.08934283431697354,-0.16871139350000253,-0.3642932268191149,0.338476376660207,0.3544418981076756,1.0453754461083948,-0.052459971199461476,0.05701710323250373,0.08360031631858347,0.28424498248009794,-0.6122638621973499,0.34350012351429066,-0.052459971199461476,0.05701710323250373
JPM,0.15471737378853104,,0.014211606603258906,0.089188695,32.65937591715199,0.469,0.17789,0.0136,0.50394,0.0,27.5025144798633,0.304,14.186535,financial-services,-0.7524187143015167,1.5138763447330517e-16,-0.692048042658521,0.438399886369963,-0.47116413465030793,-0.036618669671148074,-0.022057996454223325,-0.5447061470011969,0.5958517833515914,-0.4325369740169226,2.904471418652691,0.03666829068675078,-0.2489663301074862,-0.48148891898667917,-0.023127639317164328,-0.10086233353018786,2.904471418652691,0.03666829068675078
SF,0.2272985801801739,52.002,0.016915915969335876,-0.06726736,26.31325645978447,0.506,0.16427,0.0225,0.21761999,0.0,23.08186832115049,0.127,12.507143,financial-services,-0.21992040061538412,-0.5061820042381764,-0.33391787700145487,-0.27769632520472265,-1.1789586041887776,-0.024338692832787223,-0.08207916356174098,-0.3492243151039948,-0.21200816188374888,-0.4325369740169226,-0.5675679199526009,-0.14341870034316262,-0.3574822767132833,-0.35334009395167176,-0.49366454074209587,-0.2689621536416018,-0.5675679199526009,-0.14341870034316262
AXP,0.2389533100062685,172.38,0.016903715442697337,-0.07048941,31.761345774951266,0.11,0.34377,0.037920002,0.2032,0.0,26.04803877549971,0.128,18.520098,financial-services,-0.1344144647485283,0.13500886808608836,-0.3355335858700381,-0.29244358313925395,-0.5713231014643655,-0.15576763412983838,0.7089486995659703,-0.01053552422550941,-0.25269456843875765,-0.4325369740169226,1.7621051940583947,-0.14240125971587497,0.031052087939555828,-0.11164639417749268,-0.3398447729111526,0.003295408221195159,1.7621051940583947,-0.14240125971587497
FITB,0.21205526330785196,,0.016750522735587563,0.15264583,31.4245319819438,-0.057,0.08438,0.0092,0.39078,0.0,24.54909076586823,0.518,17.030304,financial-services,-0.33175431648743303,1.5138763447330517e-16,-0.3558208097590213,0.7288419147777699,-0.6088885682912142,-0.21119347553541298,-0.4341416481593613,-0.6413488504110496,0.2765676669434119,-0.4325369740169226,0.5848097786117066,0.2544005849263071,-0.06521275443056196,-0.22919170874881808,-0.030413376349619076,-0.30786495141098047,0.5848097786117066,0.2544005849263071
PNFP,0.19714454219147115,,0.017521783853204496,0.013657093,31.41593540827901,0.035,0.07648,0.0089300005,0.47018,0.0,23.372673331473376,1.37,12.893939,financial-services,-0.4411481147590364,1.5138763447330517e-16,-0.25368313450565516,0.09269326577054325,-0.6098473600911154,-0.1806594790724617,-0.46895568781790675,-0.6472791871381651,0.500596995706309,-0.4325369740169226,-0.33916546486929916,1.121259999375382,-0.3324889850438363,-0.2316104164215638,-0.23260452446434463,-0.2620437133166714,-0.33916546486929916,1.121259999375382
SYF,0.2761426899972059,,0.020021497530648844,0.020489454,35.11922792117976,0.036,0.20786,0.02902,0.50219,0.0,23.862733393908265,0.006,7.362033,financial-services,0.13842864597837157,1.5138763447330517e-16,0.07735253938140511,0.12396484441421181,-0.19681227978368054,-0.18032758780656005,0.11001501222509423,-0.20601740005121305,0.5909141092289835,-0.4325369740169226,0.04573478590054308,-0.26652901624496783,-0.6899397863601987,0.07192706178659226,-0.0843916743920096,0.015593686846485516,0.04573478590054308,-0.26652901624496783
AFG,0.13191237616294124,42.232,0.011842395353955494,-0.05873555,33.50767583921807,0.443,0.20413,0.025980001,0.17241,0.17562,23.151632046615248,0.058,12.102654,financial-services,-0.9197295566388117,-0.5582217027097249,-1.0058013535160284,-0.2386464027272895,-0.3765516714935951,-0.04524784258459082,0.0935774972977051,-0.2727887004428606,-0.3395694177159566,0.16545167030659863,-0.5127744824041353,-0.21362210362601025,-0.3836188229911221,-0.8279175376215218,-0.22014863893515846,-0.08833223763862837,-0.5127744824041353,-0.21362210362601025
FIGR,0.6629684939363297,104.341,0.06054878961294122,-0.29021317,42.392791579299086,3.375,0.26121,0.05061,0.35525,0.0,22.5909520941366,1.208,30.69149,financial-services,2.976409695458191,-0.2273994271345554,5.444358995495043,-1.2981148058282415,0.6144217610562027,0.9278573490390303,0.3451199509318541,0.2681907741803143,0.1763187746141205,-0.4325369740169226,-0.9531406147480198,0.9564346177547831,0.8175213127484307,2.7311230879395594,0.08138810142233051,0.08927313142734156,-0.9531406147480198,0.9564346177547831
PNC,0.17209669209114153,,0.013862318237506813,0.11696231,27.380617461285524,0.249,0.12623,0.01307,0.38689,0.0,25.208178617187777,0.236,12.212087,financial-services,-0.6249138387388503,1.5138763447330517e-16,-0.7383041041350773,0.56551916266281,-1.0599138526774545,-0.10963474816950981,-0.24971537477833222,-0.5563471999119292,0.26559192275087196,-0.4325369740169226,1.102466895969552,-0.032517671968809184,-0.3765476772521211,-0.45440598095797585,-0.2013431460613848,-0.24325190648907802,1.102466895969552,-0.032517671968809184
KKR,0.411411347662569,69.812,0.0242343410788264,-0.25234693,34.41240042270766,0.4,0.0728,0.01386,0.2065,0.0,25.15793021862626,0.078,29.739416,financial-services,1.1308388811117227,-0.4113174157245348,0.6352570368186962,-1.124801788249102,-0.27564606123030144,-0.05951916701836151,-0.48517286072214066,-0.5389954417997056,-0.2433835258075541,-0.4325369740169226,1.0630010780226329,-0.1932732910802573,0.7560018989672718,0.451592834068628,-0.48665567216592165,-0.4250222005865807,1.0630010780226329,-0.1932732910802573
KEY,0.17763343549625907,,0.015113053254958693,0.0905149,31.14393864090924,0.253,0.1033,0.0107700005,0.3471,0.0,23.787463407751204,0.101,11.736841,financial-services,-0.5842930406960477,1.5138763447330517e-16,-0.5726699704771656,0.44446989993557035,-0.6401836638701378,-0.10830718310590323,-0.3507642265973763,-0.6068649657122267,0.15332332084311784,-0.4325369740169226,-0.013383348320289042,-0.16987215665264144,-0.4072562727203731,-0.3856543370577377,-0.10134031568015689,-0.30921071137085193,-0.013383348320289042,-0.16987215665264144
TFSL,0.11328547655289198,,0.014124060203747575,0.22556388,35.545940906521494,0.425,0.05308,0.0057599996,0.45411,0.0,22.236891417278823,0.152,45.0,financial-services,-1.0563874206322956,1.5138763447330517e-16,-0.703641763019426,1.0625863605290928,-0.14922018935202377,-0.05122188537082042,-0.5720757546546112,-0.7169058818626347,0.4552550396204179,-0.4325369740169226,-1.2312249839030862,-0.11798268466097148,1.74208300362734,-0.5866763945505739,0.2873814286020829,-0.31656589272843766,-1.2312249839030862,-0.11798268466097148
AIG,0.16976554521722895,22.466,0.015312799267495637,-0.054871917,46.9552620128704,-0.101,0.0722,0.01765,0.19414,0.30465,24.38461241706361,0.005,13.730627,financial-services,-0.642016499896272,-0.6635048838753982,-0.546217718580051,-0.22096263232789565,1.1232825478738093,-0.2257966912350853,-0.4878169650000049,-0.4557509313625825,-0.2782576127535164,0.6048006896498621,0.4556261079682366,-0.2675464568722555,-0.2784253773014443,-0.6172463674505737,0.22550774143694277,-0.1542562048665604,0.4556261079682366,-0.2675464568722555
FAF,0.22556483827335289,49.421,0.01892178775144045,0.0023481846,31.659642146714248,0.504,0.13846,0.04087,0.15567,0.17165,22.548065729852503,0.15,8.424411,financial-services,-0.23264014843505487,-0.5199296461783062,-0.06828140706826602,0.04093261986722464,-0.5826662956922313,-0.02500247536459051,-0.19581971591453334,0.05425897163214019,-0.38680179760878913,0.15193376279057325,-0.9868241846466564,-0.12001756591554677,-0.6212929461208898,-0.273617067227209,-0.1889120503965324,-0.09410719477515225,-0.9868241846466564,-0.12001756591554677
BPOP,0.14018116885669638,,0.015547853635687801,0.24800384,27.187316692005567,0.409,0.15647,0.0125,0.40971002,0.0,23.01725085508123,0.076,10.567641,financial-services,-0.8590648421135954,1.5138763447330517e-16,-0.5150896010373478,1.1652936053454566,-1.0814730458778044,-0.05653214562524673,-0.1164525191739758,-0.5688668228536601,0.32997924974024084,-0.4325369740169226,-0.6183194110465626,-0.19530817233483258,-0.4828055457736555,-0.4580514810503143,0.009096137947468495,-0.1969692665760794,-0.6183194110465626,-0.19530817233483258
CG,0.3912249145841635,197.617,0.023372784843425327,-0.34715366,28.192300389416033,-0.575,0.077659994,0.02031,0.26855,0.0,23.371718779513756,-0.329,41.3125,financial-services,0.9827393646117243,0.2694332151000566,0.5211616299922707,-1.5587302813635682,-0.9693853507466259,-0.3831131512724647,-0.4637556425124833,-0.3973260243011715,-0.06830770906022696,-0.4325369740169226,-0.33991518376458085,-0.6073716263863294,1.5038107282390587,0.5911114032346839,-0.9704095944608863,-0.3404815874727011,-0.33991518376458085,-0.6073716263863294
KNSL,0.3929693641719298,11.033,0.022364169719246506,-0.22572994,32.94433823791148,0.34,0.30268,0.07563,0.40678,0.36686,22.7182023562859,0.168,13.125254,financial-services,0.9955376702610362,-0.724402516692718,0.387591297382587,-1.002976361278434,-0.4393817586620562,-0.07943264297246018,0.5278716249369025,0.8177363285699768,0.32171211606439865,0.8166266409274289,-0.8531964210333951,-0.10170363462436911,-0.3175422863641236,0.21957548365030174,-0.50726358763765,0.6209866776246767,-0.8531964210333951,-0.10170363462436911
AMP,0.2086672576317995,67.578,0.0164317256436642,0.022030473,32.45310654868159,0.117,0.63432,0.022750001,0.30719998,0.0,24.495816662302246,0.116,12.020264,financial-services,-0.35661071387937154,-0.4232167694999124,-0.3980389290221765,0.13101805732990632,-0.4941697397636893,-0.15344439526852688,1.9893561961217165,-0.34373323044600246,0.04074429441709541,-0.4325369740169226,0.542967528255283,-0.15461054724332676,-0.3889425525556619,-0.39262213746715346,-0.17219869256743658,0.3134575715189717,0.542967528255283,-0.15461054724332676
FCNCA,0.19771214990828107,,0.01731028952094322,0.18981111,39.88238812767541,0.31,0.106529996,0.010089999,0.39036,0.0,23.870262551888704,0.085,11.046649,financial-services,-0.43698381153148197,1.5138763447330517e-16,-0.28169120976449225,0.8989466525593306,0.33443180951082335,-0.08938938094950952,-0.33653014952890253,-0.6218006891855801,0.2753826251539859,-0.4325369740169226,0.05164829531887458,-0.18615120668924376,-0.45185386412234974,-0.23955834043199134,0.3813296937068815,-0.27887129689435486,0.05164829531887458,-0.18615120668924376
TROW,0.1975632840573118,3.702,0.015225156380075638,0.034035802,39.90723052856413,0.286,0.19399999,0.10659,0.28688,0.39038,23.823156096048635,0.107,10.446788,financial-services,-0.4380759787542041,-0.7634509332223928,-0.5578242167803366,0.18596620628846022,0.33720252854269994,-0.09735477133114898,0.048936159338026315,1.4977495325629406,-0.016589099535996365,0.8967125816772821,0.014650204563151992,-0.16376751288891558,-0.4906146086339945,-0.5864503762523111,0.14193798783333708,0.6067022935105633,0.014650204563151992,-0.16376751288891558
CNA,0.1808639755054787,26.578,0.013000537389005131,-0.0034669638,29.054592336542143,0.073,0.11324,0.015319999,0.11439,0.11722,23.22014802355869,0.03,9.885463,financial-services,-0.5605919038215426,-0.6416024027991436,-0.8524292563478623,0.014316802799712654,-0.8732123310920932,-0.16804761096819923,-0.30696023239409254,-0.5069276576325052,-0.5032744763409353,-0.033401175772968826,-0.4589610445650231,-0.24211044119006433,-0.5268853028664899,-0.6848745209895162,-0.3423143797535266,-0.33764088553512545,-0.4589610445650231,-0.24211044119006433
ENTG,0.41793125869305,85.655,0.043352276950043664,0.64719033,51.78857640174556,0.751,0.07671,0.04131,0.19271,0.27501,23.881982544434173,0.115,77.41708,technology,-0.03526852274049857,-0.08877579279432872,0.7885984036713708,0.15735589142596074,0.22210519287360372,-0.2893426413913082,-0.09463017042575309,-0.32433772330382915,0.11439039129059214,0.29546349475546196,-0.16589118762021934,-0.35497286975592235,-0.07654886324437393,0.22151802937884782,0.030039480969418757,-0.0022785019208820256,-0.16589118762021934,-0.35497286975592235
PANW,0.3600596483682511,9.337,0.030159820641714838,0.8781915,53.53923894853137,,0.01739,0.014040001,0.05396,0.13588999,26.507089719582996,0.345,993.27496,technology,-0.46416715809740083,-0.10477217105995584,-0.4923856122068559,0.3247776725851841,0.4426902956195045,0.0,-0.0965318647403505,-0.5700312295385715,0.10323402186080591,-0.5191671219796152,1.3974157626142722,0.14489406967530344,1.0738381811303659,-0.3537749804547375,0.2558226560682295,-0.27062404859943284,1.3974157626142722,0.14489406967530344
RNG,0.29321766461899784,,0.04414376092034523,1.6478121,60.411643188221696,2.214,,0.078660004,0.08796,0.16044001,22.55391102989172,0.059,59.76,technology,-0.9595471113025063,1.1914474042938333e-17,0.8654512877048047,0.8825724736627293,1.3086195965614336,-0.03391901445766728,-1.4236714860855042e-17,0.012173232954059096,0.10596783491026704,-0.3754121155397905,-0.9567859170801558,-0.47667960283482946,-0.09872749654224798,-0.031365274532567176,0.719091018588832,-0.0643177619188661,-0.9567859170801558,-0.47667960283482946
DLB,0.32096996633230995,1.83,0.018779482426503825,-0.1899035,45.472217885656704,-0.375,0.08758,0.05152,0.12548,0.26188,22.42890715632049,-0.033,24.589958,technology,-0.7538689857751785,-0.10634565060134926,-1.5974134408584368,-0.44934120892204243,-0.5737618317619961,-0.4859297937681228,-0.09428169744531353,-0.23234906211404613,0.10898467801661356,0.21857951524933952,-1.0312283726911555,-0.6766263786073199,-0.14290373998617126,-0.8192093590783216,-0.5030109448173872,0.00023335842664835155,-1.0312283726911555,-0.6766263786073199
LSCC,0.315257314553437,4.836,0.03835012506185011,0.70448375,50.828341941016205,6.0,0.04927,0.03867,0.1333,0.14151,23.60481221975377,0.622,502.48,technology,-0.7962066456135098,-0.10571558805953114,0.3028907792522804,0.19888021108678092,0.10111476124014868,0.6270747323439491,-0.0955098483082978,-0.3481232341305702,0.10961345501798961,-0.4862586121803613,-0.33095198935569803,0.7469077315120407,0.4573624420905723,-0.1996771514735869,0.3090232348902929,-0.20506955990030995,-0.33095198935569803,0.7469077315120407
VRSN,0.2269383195249917,,0.01842043937052883,0.015974402,52.81586506687804,0.077,,0.45124,0.68178004,0.69442004,23.96169738427936,0.06,30.389011,technology,-1.4507572314913855,1.1914474042938333e-17,-1.632276426565327,-0.3001279168241538,0.35154451638228906,-0.407015590504961,-1.4236714860855042e-17,3.3689935089711684,0.15371468709801797,2.7513593759452597,-0.11841931129206636,-0.4745062683155633,-0.13561968905804858,-1.0276778860189042,-0.11853299698227525,1.5685168930036115,-0.11841931129206636,-0.4745062683155633
CTSH,0.5478480878611449,14.479,0.02598407734693668,-0.15164179,49.48296839452953,0.038,0.14924,0.10735,0.17479,0.18649,23.976485755255574,0.045,12.195329,technology,0.927572331822941,-0.10369439940658633,-0.8978491809316936,-0.42161042453511627,-0.06840355199974119,-0.4138245593705878,-0.09230498686813761,0.2706604338923772,0.1129495110009938,-0.22287389030790192,-0.10961252300219448,-0.5071062861045563,-0.15847233521563134,-0.024657082838446327,-0.30127951196848174,0.017107766929332878,-0.10961252300219448,-0.5071062861045563
PAYC,0.448112099069378,171.969,0.029671713681680097,0.085410714,51.45565556450578,0.481,0.41089,0.087790005,0.31721002,0.34339002,23.00665160478094,0.098,23.154255,technology,0.18840801189680795,-0.0706842364954302,-0.5397806688384759,-0.2498028425738045,0.1801568589564721,-0.33648165661487833,-0.08391695049904771,0.09443146690620204,0.12440097303571486,0.6958692873151157,-0.6871693109172641,-0.3919195565834477,-0.14470709197651493,-0.14068563114569937,-0.13537588007740356,0.2076961941894962,-0.6871693109172641,-0.3919195565834477
ADI,0.2067657659520974,27.314,0.022862506899016165,0.6477841,57.49197443885707,1.635,0.12227,0.06406,0.39503,0.49869,25.981968629082402,0.396,47.171223,technology,-1.6002602546580116,-0.10100416230604223,-1.2009528452356275,0.15778623570083564,0.9407386292984791,-0.13500601377043425,-0.09316959738170288,-0.11936788568702571,0.1306581870602091,1.6052432766236642,1.084695025622742,0.2557341301578797,-0.11453995640263888,-0.9674057540665605,0.3211729504096268,0.38084099515378617,1.084695025622742,0.2557341301578797
VNT,0.3557679825980485,160.992,0.019704261431291746,-0.24509805,47.573882229115036,-0.683,0.289,0.0863,0.19387,0.22791,22.169073614487345,-0.022,13.083333,technology,-0.49597359275365355,-0.07298503374145064,-1.5076176442557065,-0.48934433908489755,-0.3089501774598539,-0.5397031889120472,-0.0878245283818238,0.08100702370188444,0.11448366255933846,0.01966490871293564,-1.1859647528653376,-0.6527196988953916,-0.15735693475966436,-0.6921920902502703,-0.4459992351522662,0.03183276664808369,-1.1859647528653376,-0.6527196988953916
OLED,0.5046141833735831,1.288,0.026791265754615597,-0.4721009,42.85200872190433,-0.249,0.115159996,0.06767,0.35257998,0.42433998,21.98775552646187,-0.114,18.608696,technology,0.6071568028304813,-0.10645925469238898,-0.8194714001854275,-0.6538682740728459,-0.9039106138120994,-0.4639315866637901,-0.09339753153853977,-0.0868430015640957,0.12724493945356538,1.1698795741133974,-1.2939435165123432,-0.8526664746678819,-0.15041665925461817,-0.10625795068244503,-0.6739034915162451,0.27922099511608184,-1.2939435165123432,-0.8526664746678819
COHR,0.47984259309830507,31.612,0.05423423552099399,1.5907438,46.95831191346279,,0.07981,0.03393,0.118269995,0.19996999,24.75506944636218,0.337,69.8568,technology,0.42356935459708916,-0.10010329444019583,1.845233700771874,0.8412113133113385,-0.38651260750942384,0.0,-0.09453078990695246,-0.3908290376604009,0.10840494843556414,-0.14394051065042007,0.3540505636590884,0.12750739352117396,-0.08604514902601229,0.722899920309589,0.15156623526730487,-0.13022384744555232,0.3540505636590884,0.12750739352117396
PCTY,0.3920214832670822,10.887,0.025993609281676096,-0.08264518,45.499338410148695,0.276,0.21972999,0.05212,0.19062,0.24162,22.789309417439583,0.11,28.977644,technology,-0.2272912997158169,-0.1044472885117795,-0.8969236325913228,-0.3716040313201024,-0.5703446205509766,-0.3722723903957371,-0.09004520242412162,-0.22694326419887773,0.11422234219431644,0.09994513407690671,-0.8166011890769247,-0.36583954235225336,-0.13739247318440018,-0.40955407360630636,-0.4380736807556054,-0.02570524758794405,-0.8166011890769247,-0.36583954235225336
APPF,0.45344318233652975,6.799,0.027800584953087404,-0.23668826,48.63986328202053,0.182,0.3209,0.18747999,0.18845,0.18705,22.68361626380723,0.193,45.67654,technology,0.22791778750911035,-0.10530414003238911,-0.7214667731513289,-0.483249209692371,-0.1746355772463211,-0.3886837512513504,-0.0868018707851337,0.9926046553664906,0.1140478605967479,-0.21959475637618608,-0.8795437017597793,-0.18545277725315876,-0.11641739175172072,-0.19961770855820257,-0.34885617939668084,0.2000639722004797,-0.8795437017597793,-0.18545277725315876
WDC,0.44776776202988827,13.436,0.05026655099993618,2.4548225,43.945515694807966,9.841,1.30853,0.20758,0.43608,0.38717997,25.822225876368623,0.438,16.869339,technology,0.1858560579160719,-0.10391301392126241,1.4599725839081603,1.4674661284525183,-0.7661277221782051,1.2976708711355516,-0.055140199242216595,1.1736989756212648,0.13395886428610262,0.9522855568028634,0.9895648313468138,0.34701417996706,-0.15260142372740135,0.5139718759676566,0.6663364258032883,0.5512007993670036,0.9895648313468138,0.34701417996706
PEGA,0.60913143604018,12.851,0.03328878190532667,-0.42700732,51.9230740292084,-0.529,0.54693,0.0907,0.046040002,0.12077,22.42279969539195,0.094,18.696629,technology,1.381756071597447,-0.10403563088299349,-0.18856430165542948,-0.621185982972563,0.23905201853537458,-0.512816491340085,-0.07955574863529463,0.12064954174645301,0.10259720439362631,-0.6077036795799791,-1.034865495094484,-0.4006128946605125,-0.15030620872928882,0.36305204635300803,-0.2983168185924245,-0.11600317051879859,-1.034865495094484,-0.4006128946605125
CRM,0.43325740976165156,110.417,0.03003653869134398,-0.04404092,60.26397575867967,1.189,0.19381,0.05704,0.21375,0.29357,25.96467475295225,0.108,20.626236,technology,0.0783167955477703,-0.0835856368859787,-0.5043562569587101,-0.34362497835888245,1.2900133636369018,-0.21287268336196116,-0.09087615147363985,-0.18261572129449652,0.11608213913061163,0.40414336220661473,1.074396155920696,-0.3701862113907857,-0.14788247580957556,-0.1698750327656395,0.24450523397201937,0.0616834071422725,1.074396155920696,-0.3701862113907857
MTSI,0.4417349863241499,26.873,0.03897837456485607,1.2192988,48.18909046827072,1.667,0.17184,0.063769996,0.23337,0.23716,23.80297006137736,0.358,90.9968,technology,0.14114589255029691,-0.10109659663103951,0.3638936397147398,0.5720006270507981,-0.23143336938428563,-0.12941916752171484,-0.0915804708278493,-0.12198072405134332,0.11765971007268303,0.07382917454931297,-0.2129447955975777,0.17314741842576406,-0.05949170372718275,0.1346476452113324,0.07038269671493257,-0.005518077564299156,-0.2129447955975777,0.17314741842576406
WU,0.3708505296252835,294.873,0.023940552283800726,-0.25930524,28.788698204498118,-0.351,0.43975,0.05118,0.13038,0.20622,21.333078155300747,-0.013,4.796748,technology,-0.3841936750810434,-0.04492335604313014,-1.0962749237003884,-0.4996412265641579,-2.675900767554217,-0.4817396590815832,-0.08299174992724592,-0.23541234759930826,0.1093786687208006,-0.10734297517798586,-1.6838177640045087,-0.6331596882219959,-0.16776551477440427,-0.5084639849415207,-1.2190938843999861,-0.07909210099593486,-1.6838177640045087,-0.6331596882219959
GLW,0.5148421808116347,71.448,0.045917965949600265,0.9094081,47.70555052733919,0.185,0.16813,0.05367,0.15649,0.2408,25.60944891697216,0.166,70.85714,technology,0.6829586358707902,-0.09175360335041989,1.0377261264648632,0.34740240116874505,-0.2923598499033081,-0.38815998441553295,-0.09169940686809132,-0.21297828625135923,0.11147807633025443,0.09514354510546562,0.8628516431679742,-0.24413280927334613,-0.08478864602363617,0.5429770529950778,-0.11103914438336533,-0.024514017920932624,0.8628516431679742,-0.24413280927334613
IOT,0.46373287604208213,4.338,0.037701786634866404,-0.004196167,47.44987591836844,,0.0643,0.00487,0.00959,0.017,23.829157802705822,0.299,254.2,technology,0.3041768645208448,-0.10581996967823554,0.2399372895885376,-0.3147468583168528,-0.3245750874959994,0.0,-0.09502801308327423,-0.6526498500183924,0.09966639583125912,-1.2153389083195327,-0.19734944070414961,0.044920681789058316,0.14550390856202913,0.14609806147704896,-0.21310731527095073,-0.465837593897485,-0.19734944070414961,0.044920681789058316
AMAT,0.4248628346251607,28.666,0.03771747801281193,1.3514743,49.572811189540325,0.428,0.41068,0.15482001,0.33736,0.32931,26.72919988843904,0.248,44.237022,technology,0.016102839512421058,-0.10072078088337487,0.24146091823399574,0.6677969281500996,-0.0570832765961114,-0.34573487071431985,-0.08392368272774063,0.6983492357107522,0.12602115769072605,0.6134223742057632,1.5296870748020215,-0.06591937869351783,-0.11822553567176239,0.05228099228768065,0.08832626027988943,0.3384672712198752,1.5296870748020215,-0.06591937869351783
MANH,0.42134992443648756,34.209,0.02966759276318071,0.0027058125,50.16369564521656,-0.086,0.96378,0.24445999,0.25015,0.25655,23.172994092656097,0.093,57.5942,technology,-0.009932074283776583,-0.09955895897076748,-0.5401808089340787,-0.309744538625509,0.017368712226978215,-0.4354735885843755,-0.06619227467980018,1.5059752640436532,0.11900892721885825,0.18736918693497295,-0.5881088345007974,-0.4027862291797787,-0.10144790580564461,-0.21655728072954092,-0.24261647166096875,0.43654027587942107,-0.5881088345007974,-0.4027862291797787
WDAY,0.542068625235082,58.39,0.03402846478940966,-0.1849634,49.92580682250169,2.06,0.16006,0.04513,0.11816,0.15618,24.54974972159279,0.128,39.108833,technology,0.8847395227909728,-0.09449058161757257,-0.1167412893835745,-0.44576079267954166,-0.012605499820343074,-0.06080571202962947,-0.09195811679929161,-0.28992080991059,0.10839610414831781,-0.40035701436202015,0.23177831672348398,-0.3267195210054617,-0.12466693047278221,0.22450255059660854,-0.1730573348431714,-0.168459959230896,0.23177831672348398,-0.3267195210054617
PTC,0.45436438288584496,46.335,0.022708149832755188,-0.32243127,46.39440128537122,-0.12,0.35053003,0.11537,0.28232,0.43195,23.446101467550882,-0.068,13.608148,technology,0.23474499788521452,-0.09701732943580857,-1.2159408755157304,-0.5453928233206184,-0.45756586906772045,-0.44140961272363993,-0.08585198441304417,0.3429179326917953,0.12159559680124543,1.2144407791188188,-0.42546760545874535,-0.7526930867816368,-0.15669772726701983,-0.35940440235544147,-0.48145610170399294,0.39827558104970384,-0.42546760545874535,-0.7526930867816368
APP,0.604103050243683,111.13,0.04635185866163948,-0.55289334,45.755357698121685,0.57,2.03686,0.4646,0.77678,0.79291,25.3038042197592,0.528,22.323597,technology,1.3444896503926196,-0.08343619091381757,1.0798569939650566,-0.7124238831591535,-0.5380859530846852,-0.32094324048562745,-0.031791227223492174,3.489362609215586,0.16135327916702638,3.328076821961926,0.6808337492020846,0.5426142867010181,-0.14575046150182405,0.7803034844812862,-0.5238176922431553,1.7367503707802614,0.6808337492020846,0.5426142867010181
MRVL,0.4834867016630265,28.525,0.050115406780042365,2.0541763,59.78009558057765,0.5,0.16523,0.04125,0.16679001,0.30161,26.193209191131473,0.365,86.91119,technology,0.4505766070604212,-0.10075033471517672,1.4452965201599612,1.1770914068929934,1.2290440129191946,-0.3331644666547012,-0.0917923757405177,-0.32487830309534593,0.11230626167577148,0.45122235651196313,1.2104932566241222,0.18836076006062746,-0.0646235401343422,0.5983742641684019,0.6909903177191623,0.036714484837967756,1.2104932566241222,0.18836076006062746
ZBRA,0.3650642143714657,86.23,0.03130470024793859,0.28849518,52.142009364193115,1.215,0.15286,0.07315,0.21259001,0.2025,23.594655366926776,0.204,34.248627,technology,-0.42707727037377385,-0.0886552718490375,-0.38121810545895096,-0.10261413775689927,0.2666380735697832,-0.20833337078487663,-0.092188936068764,-0.03747004727222384,0.11598886866592796,-0.1291257934386693,-0.33700061044334945,-0.16154609754123062,-0.13077171827609552,-0.2989835492272541,-0.014769811657330897,-0.03569897702843229,-0.33700061044334945,-0.16154609754123062
DDOG,0.48620570179962336,29.259,0.04394718134060593,0.7587427,57.860572131825606,14.985,0.04696,0.0018000001,0.00666,0.0209,25.31162242909885,0.356,526.63464,technology,0.4707276870386105,-0.10059648710849192,0.8463634625410311,0.23820525023194736,0.9871822800892297,2.1957564056171983,-0.0955839028239202,-0.6803095151167046,0.0994308054714085,-1.1925020827236545,0.6854896585359083,0.16880074938723166,0.4877025041507861,0.40549822082371656,1.1403813119794586,-0.4672411737982177,0.6854896585359083,0.16880074938723166
Q,0.34715171215793744,59.992,0.03486607241092945,0.31804824,44.98506463370221,-0.343,0.06722,0.053049996,0.22323,0.2929,23.993058405571873,0.221,44.907143,technology,-0.5598305791566405,-0.09415479978390902,-0.03540981102444315,-0.08119508631267762,-0.6351435928173604,-0.4803429475194034,-0.09493440304621042,-0.2185643134690194,0.11684439053381432,0.400220112681169,-0.09974315855546226,-0.1245994107137052,-0.11738381280908042,-0.22979839665499757,-0.39889387554981376,0.05089144667493838,-0.09974315855546226,-0.1245994107137052
ANET,0.2832808854636843,,0.03415382566926567,0.4042642,54.72109140300903,0.357,0.31476,0.14119,0.45393002,0.44015998,26.27145723091371,0.377,64.02201,technology,-1.0331906646032967,1.1914474042938333e-17,-0.10456878112894416,-0.018708694630971575,0.5916047997768524,-0.35813068582866603,-0.08699870832882263,0.5755474363078773,0.13539411774519503,1.2625151076843693,1.257091622432506,0.2144407742918219,-0.09337408833987974,-0.3792531485774136,0.07158847310573828,0.47161448835215475,1.257091622432506,0.2144407742918219
MCHP,0.3183848741269172,83.688,0.031832488266097136,0.1912899,50.06204866579957,,0.0719,0.03536,0.23958,0.29403,24.46639160467158,0.38,116.074615,technology,-0.7730276460049874,-0.08918807922804671,-0.3299700285859347,-0.17306521432798777,0.0045610986525212475,0.0,-0.09478437052105337,-0.3779452192959161,0.11815903298554047,0.4068369365076671,0.18213679169355804,0.22096077784962048,-0.027992063764237275,-0.39739525127298964,-0.05616803855848884,0.013066594919059524,0.18213679169355804,0.22096077784962048
ZM,0.259206298819551,0.533,0.02780138941427487,0.087044835,38.6333951034012,3.423,0.32143003,0.06107,0.24609,0.26712,23.999852189167395,0.049,8.207052,technology,-1.2116124728180513,-0.10661750393359747,-0.7213886601829435,-0.248618487323787,-1.435459837956564,0.1771590203767633,-0.08678487896049501,-0.1463067786309485,0.11868247777824611,0.24926283989610906,-0.09569731646039897,-0.4984129480274915,-0.16348191398365783,-0.6798728789781974,-0.5023064349678626,0.033713415020727916,-0.09569731646039897,-0.4984129480274915
DELL,0.323411466721531,,0.04756635041932467,2.6049573,56.374408552781944,2.729,,0.08643,0.12020001,0.11724,26.558180265100745,0.577,31.349068,technology,-0.7357745145952134,1.1914474042938333e-17,1.19778382219555,1.576278718579156,0.7999242923162895,0.055994292357660895,-1.4236714860855042e-17,0.08217827991683764,0.10856013373534813,-0.628373934542402,1.427841265106238,0.6491076781450617,-0.1344137845626248,0.1540031025334455,0.8107324344177022,-0.10940888022255406,1.427841265106238,0.6491076781450617
QRVO,0.2376420624868752,44.619,0.02485761755015334,0.290483,63.09989559605668,2.556,0.115559995,0.06706,0.1578,0.24295999,23.03576291075134,-0.042,27.127964,technology,-1.3714295486465962,-0.09737700585688638,-1.0072281290581235,-0.1011734335170726,1.64734189040265,0.025790404825521526,-0.09338470827784955,-0.09233889611118361,0.11158340853892484,0.10779157457183497,-0.6698329113276555,-0.6961863892807155,-0.13971581172273223,-0.8253448945205353,0.523986287237033,0.008412844680431665,-0.6698329113276555,-0.6961863892807155
NOW,0.5614452127400548,67.538,0.036282535138311006,-0.28612238,56.55708069209482,-0.219,0.14244,0.04249,0.04063,0.19665001,25.654481510703228,0.24,81.21818,technology,1.0283434745751725,-0.0925731457784002,0.10212834490771049,-0.519077376365461,0.8229411511010537,-0.45869391830561557,-0.0925229828448615,-0.3137063207373312,0.10216220633288481,-0.1633809732765234,0.8896695069997147,-0.08330605484764743,-0.0717743930019245,0.3459662245681609,-0.0516100478566743,-0.11686201763145782,0.8896695069997147,-0.08330605484764743
ARW,0.18725063249593818,30.663,0.023600013487971527,0.89193857,56.10683664037053,0.465,0.12036,0.026589999,0.0395,0.04093,23.17043001228772,0.318,14.702073,technology,-1.7448909995289184,-0.10030220640033735,-1.1293411506446625,0.3347410807580541,0.7662099834681607,-0.33927507973923804,-0.09323082860457681,-0.45695997449895803,0.10207134725212333,-1.0752144887017479,-0.5896357986944082,0.08621403765511614,-0.15532367439812098,-0.9915114521913061,0.2538919948289922,-0.3808334861382898,-0.5896357986944082,0.08621403765511614
DV,0.29018964753125326,10.218,0.027999413154415592,0.18689108,64.47367100171161,0.6,0.05389,0.046690002,0.11942001,0.18674,21.468483980631174,0.025,38.54286,technology,-0.9819883806828145,-0.1045875120116053,-0.7021606074264192,-0.17625332926004125,1.8204388642098235,-0.315705572127453,-0.09536173927705303,-0.2758657173118257,0.10849741684774285,-0.22140999123124308,-1.6031807256979516,-0.5505729764898802,-0.1253778355388236,-0.5962455000402797,0.4428266542741097,-0.12103500774309475,-1.6031807256979516,-0.5505729764898802
QCOM,0.4097873526316974,55.21,0.03436509918966571,0.09031689,60.59072867634002,-0.23,0.33754003,0.11612,0.18528,0.27228,26.0042632959343,-0.04,21.057207,technology,-0.09562471771391122,-0.09515711484544404,-0.08405417821607253,-0.2462470132912055,1.3311845339729345,-0.4606143967036129,-0.08626842084505058,0.3496751800857559,0.11379297273301874,0.2794777168383476,1.0979719721690329,-0.6918397202421832,-0.14734114350712135,-0.09161200359180927,0.2081077079927053,0.16416936220301792,1.0979719721690329,-0.6918397202421832
FOUR,0.5518238859356575,262.321,0.0411016383190435,-0.51775265,33.953059809125634,-0.754,0.064899996,0.032899998,0.0749,0.19009,21.77268348925724,0.341,57.412697,technology,0.9570378047731954,-0.05174630875812128,0.570061988280015,-0.6869551077803789,-2.0251864209971013,-0.5520990040263934,-0.09500877827238445,-0.40010900876743316,0.10491772907420932,-0.20179374360401442,-1.42202347215988,0.13620073159823876,-0.10167588735635763,0.49178449476502967,-1.0880801776012914,-0.14799845039240567,-1.42202347215988,0.13620073159823876
ALAB,0.5552056075019393,2.574,0.0626131254747586,0.7072519,57.077034743645115,1.862,0.25826,0.10672,0.22744,0.23745,24.84644878663383,1.045,175.35468,technology,0.9821004521886544,-0.10618970697822462,2.658821697633299,0.2008864719360914,0.8884558432928443,-0.09537432319358087,-0.08880999842954337,0.2649843460814503,0.11718290091435053,0.07552729747823714,0.40846889716823737,1.666228233161643,0.046468199399838435,1.1782441476145762,0.33132266401178495,0.09222113651112365,0.40846889716823737,1.666228233161643
MSFT,0.3449839013222916,29.118,0.020677222306162344,-0.0206846,59.3447713739121,0.317,0.34039003,0.14088,0.45111,0.58534,28.96827294040215,0.177,28.32137,technology,-0.5758966796833435,-0.10062604094029377,-1.4131434008202917,-0.32669711303367743,1.1741927595857637,-0.3651142436395653,-0.08617705488421776,0.5727544407183736,0.13516737046649674,2.11263069659362,2.863102524408662,-0.220226129561418,-0.13821680316358864,-0.6965553738146429,0.16079380097084034,0.6835938632235681,2.863102524408662,-0.220226129561418
DBX,0.2907892689087513,,0.024140406381481593,0.09547734,49.948664151735564,-0.067,,0.15036,0.26097,0.32790002,22.71938455056826,0.009,18.701656,technology,-0.9775444609595452,1.1914474042938333e-17,-1.0768691437111586,-0.24250689487283072,-0.009725455161360903,-0.4321563986241984,-1.4236714860855042e-17,0.6581660477780348,0.11987892301871617,0.6051661005253336,-0.8582429290443458,-0.5853463287981394,-0.15029989443555575,-0.6848045348902346,-0.22812958288613003,0.3458027678305211,-0.8582429290443458,-0.5853463287981394
SWKS,0.33048733284760473,11.869,0.032454571877431795,0.15326178,62.009315271315046,-0.686,0.05094,0.03441,0.08825,0.21927999,23.277575238297935,-0.031,44.290157,technology,-0.6833337874682426,-0.1042414596973865,-0.26956587457282605,-0.20062670063793459,1.509927759148476,-0.5402269557478646,-0.09545631106107295,-0.38650439932826613,0.10599115272745362,-0.030868945969290726,-0.5258285461403416,-0.6722797095687875,-0.1181587940768734,-0.3523803739128184,0.25635803425422565,-0.10170962590779405,-0.5258285461403416,-0.6722797095687875
DXC,0.4672715421611805,125.421,0.03534013507825422,-0.23988229,52.275860345322,7.263,0.04025,0.01825,0.02034,0.1095,21.271620281884815,-0.051,15.041666,technology,0.3304026609164675,-0.0804407738196317,0.010621548502155352,-0.48556413386213165,0.28350342119440886,0.8475805702230935,-0.0957990135597757,-0.5321005565101361,0.10053076319248581,-0.6736962499557598,-1.7204172299490987,-0.7157463999541114,-0.15489711980259754,0.08686114519966372,0.2151732858517902,-0.3002662642082965,-1.7204172299490987,-0.7157463999541114
MKSI,0.47905730272703057,140.094,0.03912027649450524,0.94829357,40.54722224445476,1.62,0.15845999,0.050229996,0.20593001,0.24316,23.610465621895706,0.283,42.389774,technology,0.41774940304038916,-0.07736528889744367,0.3776722795263497,0.37558526556122207,-1.1943158451737883,-0.13762484794952148,-0.09200941029086779,-0.2439715636703111,0.1154533629332982,0.10896275238912512,-0.327585268581543,0.010147329480799099,-0.12054581943341669,0.2393521312230984,-0.3187851425206959,-0.027891214659688884,-0.327585268581543,0.010147329480799099
DT,0.36486751470492773,6.499,0.026746788172031733,0.19085073,65.95184870722244,-0.249,0.058790002,0.04167,0.12889,0.13906,23.54213057123645,0.162,115.48,technology,-0.4285350528353263,-0.10536702052558453,-0.8237901616823948,-0.17338350978784065,2.0066906245193445,-0.4639315866637901,-0.09520465387676787,-0.32109424455472807,0.10925886338422128,-0.500604823131618,-0.3682802393056191,-0.2528261473504109,-0.028738945357253517,-0.4525640783477685,0.4564585093559046,-0.20191121454472316,-0.3682802393056191,-0.2528261473504109
MDB,0.4871765914248377,1.846,0.044423631493777496,0.0334059,40.76610889348184,,0.01989,-0.0022200001,0.0368,0.0049799997,24.05687553081698,0.305,498.01428,technology,0.4779231535721929,-0.1063422969750455,0.8926266463114556,-0.2874941607118647,-1.166735924615145,0.0,-0.09645171916067258,-0.7165283629502657,0.10185425033348963,-1.2857231776819689,-0.061738708152782,0.05796068890465553,0.4517531586591679,0.42140250096953435,-0.48474336177566985,-0.4992122523648544,-0.061738708152782,0.05796068890465553
SSNC,0.30235062491864384,115.897,0.01805949310182306,-0.113054395,43.02096278666807,0.347,0.12624,0.04892,0.24598,0.32145,23.618340955790195,0.103,22.146551,technology,-0.8918608280402555,-0.08243701987694234,-1.66732421372465,-0.39364359475155064,-0.8826222451292418,-0.3598765752813909,-0.09304232620117435,-0.2557741864131094,0.11867363308896846,0.5673973872356093,-0.3228953403648125,-0.38105288398711673,-0.14597284472208785,-0.8805406872139493,-0.5453808050540611,0.08431362692757349,-0.3228953403648125,-0.38105288398711673
ADSK,0.4195961862792332,109.518,0.0241313494477387,-0.35647547,37.724937854091905,0.596,0.53854,0.11472999,0.29228002,0.29345,24.500179095592756,0.161,26.322418,technology,-0.02292939539162579,-0.08377406876392098,-1.0777485695804858,-0.5700669000888913,-1.5499262929835853,-0.3164039279085429,-0.0798247172006937,0.3371516581523171,0.12239644482033055,0.4034406906498184,0.20225795851222989,-0.25499948186967714,-0.14072763866912252,-0.3948173445786775,-0.8121323736603397,0.1957910191054431,0.20225795851222989,-0.25499948186967714
GWRE,0.5960744044087536,59.897,0.037363697124829245,-0.383057,39.128559314233634,-0.382,0.10508,0.03536,0.15159,0.110769995,23.182043705213633,0.153,87.4724,technology,1.2849876731184613,-0.09417471194008757,0.2071088876464157,-0.5893322877860069,-1.3730686886610572,-0.4871519163850302,-0.09372067838756817,-0.3779452192959161,0.11108408562606739,-0.6662596719243145,-0.5827195984566258,-0.2723861580238068,-0.06391861775798667,0.46597394960826316,-0.8165176309440314,-0.2567103709954328,-0.5827195984566258,-0.2723861580238068
ESTC,0.541653448951461,45.94,0.0363416094802876,0.013930082,54.12809795303784,,0.33122003,-0.0057300003,-0.00606,-0.012359999,22.987910220528747,0.151,25.401663,technology,0.8816625643224207,-0.09710012208518254,0.10786444787837288,-0.3016095703398456,0.516887075718782,0.0,-0.08647102887047634,-0.7481522825559338,0.0984080377658454,-1.3872592100267511,-0.6983302023794614,-0.27673282706233915,-0.14188417686808769,0.297475630038537,0.07175916845964547,-0.530868620921829,-0.6983302023794614,-0.27673282706233915
MPWR,0.3229126493133183,0.486,0.03453463111796465,0.45725465,51.056333205886645,0.858,0.21979,0.13573,0.30989,0.3056,24.91604341275685,0.476,82.651535,technology,-0.7394713549712448,-0.10662735521086475,-0.06759267284842932,0.01969697891357698,0.12984187182976412,-0.2706616242471526,-0.09004327860962702,0.5263546752798444,0.12381239755929378,0.47458618577543826,0.449913971772066,0.4296008916991756,-0.06997399027787986,-0.30456379434351294,-0.04037425783460385,0.2586774950012373,0.449913971772066,0.4296008916991756
SMCI,0.650136322769673,63.951,0.058265922229843885,-0.21866667,54.874801377071556,4.347,0.21465999,0.07877,0.13382,0.0723,24.018419822136998,0.932,12.559633,technology,1.6856518827307276,-0.09332498687537344,2.2367094131306766,-0.4701877749943508,0.610972398908909,0.3384792058085366,-0.09020773765970841,0.013164259866520553,0.10965526627639315,-0.891524432562596,-0.08463989756886826,1.4206414324845626,-0.15801474172763963,1.276345436328677,0.15975460990769824,-0.21472816101984765,-0.08463989756886826,1.4206414324845626
HPE,0.26356852003484565,76.464,0.03624816039969785,1.5118463,57.41316822292319,4.102,0.10936,0.02641,0.12560001,0.16455,25.16369965848521,0.337,31.78607,technology,-1.179283136968154,-0.09070224150419244,0.09879056688636946,0.7840290922039309,0.9308089730830614,0.2957049142167785,-0.0935834691551596,-0.45858170486384536,0.1089943275726155,-0.3513456732754821,0.597398514072393,0.12750739352117396,-0.13386487686619722,-0.390398270528659,0.6701809931679237,-0.19862912993046788,0.597398514072393,0.12750739352117396
AVT,0.16393451764734715,69.205,0.023697542312514832,0.9632255,56.17674939793279,19.689,0.06665,0.03936,0.03852,0.03417,22.82778941001742,0.477,24.925184,technology,-1.9176916142735234,-0.09222373983787764,-1.1198711275945583,0.38640741991111055,0.7750190556896654,3.0170228041789535,-0.09495267623837698,-0.34190656652812657,0.10199254911128591,-1.114798319734603,-0.7936855380850772,0.43177422621844175,-0.14248267067426276,-1.0432621605686532,1.3928164265932432,-0.36241625334745514,-0.7936855380850772,0.43177422621844175
ENPH,0.5726531305832072,51.899,0.05202446297295229,-0.1399622,41.09429555480455,-0.035,0.12996,0.023759998,0.17981,0.14437,22.19561223503641,-0.196,31.41905,technology,1.1114077031518648,-0.0958511058886775,1.6306653712197179,-0.41314545545721315,-1.1253841012494044,-0.426569552375479,-0.09292306957861363,-0.48245733034183236,0.11335315045712013,-0.4695116067433841,-1.170160441960722,-1.0308799052477102,-0.13432588185643263,0.8820739894943017,-0.6550330363606989,-0.2328847140516775,-1.170160441960722,-1.0308799052477102
MSI,0.21105008734382413,357.85,0.016465296405940088,-0.023657918,41.3643290540957,0.095,0.91567004,0.1125,0.27354,0.3071,25.024695933811156,0.133,35.198895,technology,-1.5685082507301968,-0.03172327330990339,-1.8221202909572651,-0.3288520726622922,-1.091359630173963,-0.4038729894900563,-0.06773459493279257,0.31706019933090634,0.12088962978435519,0.48336958023539134,0.5146188504652826,-0.3158528484091307,-0.12957810950801474,-1.1407839383324552,-0.6080282307754371,0.21339620360446507,0.5146188504652826,-0.3158528484091307
SNPS,0.3121445415175736,34.804,0.027180880463225556,-0.118985474,55.45704743506929,0.893,0.03661,0.01353,0.14521,0.22041,25.146319699734693,0.424,72.49,technology,-0.8192760590921506,-0.09943424599259655,-0.781639915099112,-0.3979422388249814,0.6843359416217125,-0.2645510111626158,-0.09591570552378673,-0.5746261667761279,0.11057109364796262,-0.024252063586829756,0.5870483803457834,0.3165874966973332,-0.08273764986986859,-0.566783406727953,0.007280897211371762,-0.14605571055969543,0.5870483803457834,0.3165874966973332
BSY,0.4968631676737437,105.442,0.026072654469685017,-0.44378912,43.18711624725607,0.148,0.24517,0.072,0.25,0.29195,22.990417378317417,0.128,34.72826,technology,0.5497124006852299,-0.08462840506480275,-0.8892483657566249,-0.6333488601002324,-0.8616867551670664,-0.39461977539061477,-0.0892296406847369,-0.047831159942963455,0.11899686627893415,0.39465729618986534,-0.6968371367882857,-0.3267195210054617,-0.13016926280641655,-0.1413881233787326,-0.6298851302193045,0.09414834046027477,-0.6968371367882857,-0.3267195210054617
HPQ,0.35628269703665977,,0.028932956927674166,0.15093637,53.26623425820899,-0.113,,0.05629,0.05396,0.07836,24.06287222493856,0.125,11.938932,technology,-0.49215893615294937,1.1914474042938333e-17,-0.6115137541249686,-0.20231207861297024,0.4082914517215531,-0.4401874901067325,-1.4236714860855042e-17,-0.18937296868845707,0.10323402186080591,-0.8560395189443856,-0.0581675497302078,-0.33323952456326034,-0.15879438931753692,-0.367890896759306,-0.07806937233271655,-0.2355446164430092,-0.0581675497302078,-0.33323952456326034
NCNO,0.4830258290896,35.825,0.03081272198730482,-0.30641425,43.3696291666743,,0.03855,0.01995,0.08456001,0.14764,21.374025598348062,0.082,58.483868,technology,0.44716098380911284,-0.09922024271408815,-0.42898906435411577,-0.5337842326919956,-0.8386899582365325,0.0,-0.09585351255395667,-0.5167841290838256,0.10569445440938358,-0.45036380682068644,-1.659432693971484,-0.42669290889170686,-0.10033041523931921,-0.027016107753030354,-0.457491396976176,-0.2393267485122713,-1.659432693971484,-0.42669290889170686
SNX,0.18773706143831517,64.999,0.021493071766700945,0.5705943,49.03752694058325,0.889,0.14932,0.03498,0.02982,0.03276,23.734197267085616,0.377,15.748008,technology,-1.7412859726701064,-0.09310532435247745,-1.33392463413368,0.10184169739687719,-0.12452958786337655,-0.2652493669437057,-0.09230242220958791,-0.3813688913088562,0.1012930145956885,-1.123054710526959,-0.2539004519308217,0.2144407742918219,-0.15400990061341752,-1.0561053103854212,-0.09597908580340168,-0.37385825236242864,-0.2539004519308217,0.2144407742918219
HUBS,0.6557078664677904,14.3,0.04629977728438279,-0.55595744,45.202198985244785,,0.07892,0.023610001,0.04869,0.04542,23.073981005823352,0.198,72.94662,technology,1.7269437610030334,-0.10373191810085959,1.0747999060178615,-0.7146446384897432,-0.6077844633651304,0.0,-0.09455932173331781,-0.48380875279163493,0.10281028083813942,-1.048922861284955,-0.6470732258502767,-0.17458610465682775,-0.08216410047571762,0.8993372496400118,-0.44080970061829117,-0.3811201637429421,-0.6470732258502767,-0.17458610465682775
AVGO,0.29437687207730845,59.604,0.029366407216949487,0.050032496,41.62027446624339,2.153,0.44245,0.15369001,0.54307,0.58651,28.14770024591347,0.855,44.851852,technology,-0.9509559818320358,-0.0942361252217751,-0.569425845758053,-0.27544377015784793,-1.0591102711300997,-0.044568940119288664,-0.08290519270119379,0.6881683163038516,0.14256153070262753,2.1194817442723832,2.374434096463782,1.2532946745010651,-0.11745326250368861,-0.5382059842706213,-0.4597076604690787,0.7168265996444172,2.374434096463782,1.2532946745010651
NTAP,0.22369718824819657,169.498,0.02808180274158208,0.7652321,52.42393953678406,0.635,1.14818,0.116560005,0.26667,0.28345,24.443249163919674,0.299,29.672318,technology,-1.4747779348004537,-0.07120216215771648,-0.694160600318687,0.24290854635228587,0.3021615365023299,-0.3095949590429161,-0.06028073672275765,0.35363947693852865,0.12033723873583171,0.34488472758346456,0.1683549778250287,0.044920681789058316,-0.1365199098892479,-0.7467135657589524,0.07849170793723322,0.18964517663376682,0.1683549778250287,0.044920681789058316
TDC,0.35163678000486404,16.695,0.04195757838623087,0.3058716,51.62423473740812,4.333,1.19116,0.09315,0.11951,0.20461,21.70987333967256,0.005,6.0334725,technology,-0.5265908011681986,-0.10322992216351616,0.6531735422614012,-0.09002030030330216,0.20139799091748584,0.3360349605747218,-0.05890287391693504,0.14272321656672407,0.10850465260763464,-0.11677048523166883,-1.4594282472184195,-0.5940396668752043,-0.16621209488980293,0.007784272976562183,0.14913755039630183,0.01888862750643871,-1.4594282472184195,-0.5940396668752043
EPAM,0.6565492185556253,4.326,0.03225539078888151,-0.2986843,56.39287217791891,0.263,0.111770004,0.08453,0.10936,0.13413,22.44423891872744,0.045,14.525469,technology,1.7331791976930062,-0.10582248489796335,-0.2889063055536023,-0.5281818281791885,0.8022507261886409,-0.3745420466842794,-0.09350620868811717,0.06505991985213747,0.10768852900610433,-0.5294729129233304,-1.022097983289524,-0.5071062861045563,-0.1555455024328208,0.44615013574714685,-0.03349104955827564,-0.11255766818830146,-1.022097983289524,-0.5071062861045563
IBM,0.37499620730156763,188.97,0.03078599195091856,-0.23273575,44.24570489768682,-0.018,0.34460998,0.053039998,0.16548,0.23841,26.056967792739414,0.011,19.531971,technology,-0.35346918879133127,-0.0671207989460457,-0.4315845438125561,-0.48038456504901417,-0.7283036045138294,-0.42360154030584674,-0.08604177074863305,-0.21865439208161253,0.11220092866303842,0.08114866993260719,1.1293586168531202,-0.580999659759607,-0.14925695574429287,-0.28405817718331106,-0.54409656995623,-0.02783664105864999,1.1293586168531202,-0.580999659759607
CDNS,0.342059170928041,38.661,0.025405654412897674,-0.07898402,53.62619140252174,1.254,0.23229,0.10613,0.28575,0.36931,25.233362797326315,0.242,64.48926,technology,-0.597572469726867,-0.09862581245174744,-0.954013894735109,-0.3689505472346802,0.45364638537688756,-0.20152440191924986,-0.08964255071123749,0.2596686447982014,0.12187139029417637,0.8476462264711787,0.6388843894516618,-0.07895938580911503,-0.09278718685852315,-0.5500707256379078,-0.038942854592347496,0.28488592771307975,0.6388843894516618,-0.07895938580911503
NTNX,0.5526520974189991,216.559,0.029250789231813283,-0.072024345,58.56395080439595,31.485,374.6021,0.045110002,0.12891,0.13029,23.67037735790002,0.159,13.540386,technology,0.9631758536886917,-0.061338099190150784,-0.5806523215140516,-0.36390641180978467,1.0758086444580035,5.076474002613149,11.911991623832144,-0.2901009851551026,0.1092604715095445,-0.5519584027408103,-0.29190656022905576,-0.25934615090820956,-0.15678284148463287,0.10706181099482981,1.9294587450871228,2.794798176861444,-0.29190656022905576,-0.25934615090820956
TER,0.3398437354578995,2.883,0.048470389880823195,1.8558674,49.500268288523515,3.858,0.36465,0.19745001,0.33161,0.33712003,24.861285488635847,1.039,55.221764,technology,-0.6139915264030521,-0.10612494007023333,1.285565814634035,1.033363869678674,-0.06622374932951049,0.2531052115702929,-0.08539932314077028,1.0824311775834699,0.12555882166030247,0.6591547570284749,0.41730446760813683,1.6531882260460455,-0.10442786557626779,0.18848311605358317,0.40674844397315213,0.4454363582828692,0.41730446760813683,1.6531882260460455
ADBE,0.46261564920633186,57.693,0.025790070660144264,-0.3366052,42.85449897425669,0.105,0.61902,0.20075001,0.34822,0.38186002,25.281094432627164,0.129,13.0189905,technology,0.29589686224428696,-0.09463667396342994,-0.9166871788712948,-0.5556656050845642,-0.9035968397086795,-0.4021271000373315,-0.07724467069970246,1.1121630661168964,0.1268943697412304,0.9211340772313789,0.6673095897323493,-0.32454618648619554,-0.15743775382561234,-0.23847566353014593,-0.6204631816101918,0.5207367105974507,0.6673095897323493,-0.32454618648619554
INGM,0.18931730465425312,99.115,0.027476362592698755,0.21670425,47.022329584857076,1.994,0.10342,0.0327,0.01691,0.02269,22.542525166949034,0.136,14.730768,technology,-1.7295744589409412,-0.08595455466629418,-0.7529486785328128,-0.15464575894599164,-0.37844632160641667,-0.07232858241761328,-0.09377389505247431,-0.40191092338649625,0.10025496969955487,-1.1820205653347773,-0.9635664397350862,-0.3093328448513321,-0.15528763129912146,-0.8561592307133493,-0.20180688765667387,-0.39436260351854824,-0.9635664397350862,-0.3093328448513321
CCC,0.5553214023213378,77.826,0.03560655813738295,-0.28633404,44.230769451200594,0.813,0.02167,0.03255,0.16659,0.28553,22.090047212020046,0.098,95.14285,technology,0.9829586318685126,-0.09041676406508524,0.03649115702909973,-0.519230780325277,-0.7301854846076082,-0.27851812678441434,-0.09639465550794192,-0.4032623728652883,0.1122901796184767,0.35706436790126633,-1.2330266501465994,-0.3919195565834477,-0.05428395009041774,0.3096776749441757,-0.5093114639057665,-0.007575620213371798,-1.2330266501465994,-0.3919195565834477
TXN,0.2336670486279166,78.036,0.02684009539936207,0.5615611,53.8803812723621,0.518,0.35176,0.13059,0.42576998,0.48938,26.267628677726453,0.228,42.566868,technology,-1.4008892096109904,-0.09037274771984843,-0.8147300546043357,0.09529474166688028,0.4856745444636559,-0.33002186563979646,-0.08581255374958958,0.4800450064732349,0.1331298740738613,1.5507276750088885,1.254811637880392,-0.10938606907884178,-0.12032337592150795,-0.7686640039783915,0.08364914016357988,0.5195225004515988,1.254811637880392,-0.10938606907884178
ACN,0.5650679297666877,25.035,0.028477186259946833,-0.27510846,54.50077899059343,0.09,0.24406,0.10903,0.16964,0.17707,25.443654103923105,0.056,14.148919,technology,1.0551921898655654,-0.10148184445268345,-0.6557689653320177,-0.5110948622338433,0.563845231710399,-0.40474593421641875,-0.08926522532211388,0.2857966680548488,0.11253541873026661,-0.2780336075164071,0.7641173187159754,-0.4831996063926281,-0.1560184778267316,0.09931379336028807,-0.11733185491328767,0.007758313486648613,0.7641173187159754,-0.4831996063926281
FFIV,0.3472914394359446,6.546,0.023065346898176232,0.33847654,60.88314684561518,0.114,0.1983,0.07977,0.24649,0.27899998,23.95047836291281,0.109,35.444267,technology,-0.5587950310092318,-0.10535716924831724,-1.1812571350030487,-0.0663893501683327,1.3680294942039941,-0.4005557995298792,-0.09073221001253831,0.022173923058467836,0.11871464028471038,0.318827206907011,-0.1251004762529455,-0.36801287687151957,-0.1292699036433097,-0.6151364450868659,0.3003614481685941,0.09224589005941272,-0.1251004762529455,-0.36801287687151957
CDW,0.3711838032700045,263.278,0.029053414406917125,-0.18636304,46.949760837756,0.049,0.44009998,0.06585,0.07345,0.08557,23.49724316263002,0.1,15.422382,technology,-0.3817237142380839,-0.05154571998482789,-0.5998173647720778,-0.44677520408612326,-0.38759005097037724,-0.4119040809725905,-0.08298053018725565,-0.10324058857343987,0.10480113998827642,-0.8138206695735445,-0.39501164231908503,-0.3875728875449153,-0.15441891159633503,-0.3443622663316632,-0.415423112009697,-0.2238101620864909,-0.39501164231908503,-0.3875728875449153
OKTA,0.33702063296326107,0.76,0.04177704678154758,1.1584492,67.31381825461732,0.757,0.043130003,0.01579,0.13292,0.10446,24.32213316439413,0.106,125.215576,technology,-0.6349141307789705,-0.10656992436041293,0.635643971228133,0.527898909233411,2.1783000492485547,-0.2882951077196733,-0.09570668575581205,-0.5542643279623268,0.10958290063684857,-0.7032084553412021,0.09622783359437673,-0.37453288042931815,-0.01651032261512496,-0.035280027970416815,0.8059679502540974,-0.3108991421056231,0.09622783359437673,-0.37453288042931815
TOST,0.4277293782229279,,0.029379264406163487,-0.144382,31.163088018080984,1.0,0.25162,0.08953,0.07442,0.07011,23.542035363841,0.231,38.65333,technology,0.03734739500989548,1.1914474042938333e-17,-0.5681774160882986,-0.4163487759787825,-2.3767254513577276,-0.24586999401846024,-0.08902286508916789,0.11010823581187451,0.10487913406645222,-0.9043481884741275,-0.36833693732710554,-0.10286606552104319,-0.12523907683011207,-0.1769433403594677,-1.0129814071183236,-0.19459592092124217,-0.36833693732710554,-0.10286606552104319
AMD,0.2776075108828485,6.361,0.04606326000981228,2.7044692,65.88114910044645,1.595,0.10196,0.05128,0.1725,0.2315,27.629703166726916,0.501,153.70854,technology,-1.075237232893557,-0.10539594555245442,1.0518341412563266,1.6484015547731827,1.9977824085679556,-0.14198957158133355,-0.09382070007100621,-0.23451138128011353,0.11276538065148597,0.040686499453756714,2.065955859171395,0.4839342546808306,0.01927900382647957,-0.042933012396561665,1.1680647972532683,-0.04372005031146926,2.065955859171395,0.4839342546808306
FICO,0.684780955382102,,0.03969739588251589,-0.5915476,25.512550906715973,0.412,,0.39981,0.53787,0.52781,23.27239463783226,0.257,17.888586,technology,1.9424105173447832,1.1914474042938333e-17,0.43371041935542287,-0.7404391744175991,-3.088698362167062,-0.34852829383867956,-1.4236714860855042e-17,2.9056265310093137,0.14214341811859227,1.7757582410728865,-0.5289137034973619,-0.04635936802012201,-0.1513211720972927,0.792040312233402,-1.3925552768077802,1.2058820475501981,-0.5289137034973619,-0.04635936802012201
INTU,0.6249147961178493,44.34,0.031216946236065687,-0.60691345,32.58415886105634,-0.014,0.23596,0.1047,0.17638999,0.31933,25.022992267317637,0.137,16.285292,technology,1.4987298616935925,-0.09743548471555812,-0.38973899678586854,-0.7515758192061318,-2.1976692086326843,-0.4229031845247568,-0.08952489700027032,0.2467848264337166,0.11307816022278815,0.5549835230655422,0.5136042809667823,-0.3071595103320659,-0.15333503110992006,0.33718512673072193,-1.1240494041211908,0.20633040318044416,0.5136042809667823,-0.3071595103320659
CIEN,0.49368422415458035,107.496,0.045802358670126185,1.3393092,41.986394282819994,4.229,0.22396,0.07734,0.18076,0.17033,24.633108029008785,0.37,79.41761,technology,0.5261525838839756,-0.0841978832880581,1.0265006902258234,0.6589800779584748,-1.0129788350602893,0.3178777102663837,-0.08990959578272427,0.00028044150203576374,0.11342953640997272,-0.31750032662312955,0.28141995519709073,0.19922743265695847,-0.07403604565101218,0.4894851302739136,-0.012040348945143609,-0.07342498612346134,0.28141995519709073,0.19922743265695847
ON,0.5027252884621081,65.055,0.03995754428720489,0.5582683,47.719552585186634,0.366,0.08312,0.0675,0.19532,0.33720002,24.122024390015618,0.092,50.907288,technology,0.5931578066850937,-0.0930935866604143,0.4589707605969883,0.09290823236477982,-0.29059557764272725,-0.35655938532121373,-0.09442467715945892,-0.08837464430672667,0.11460025164527136,0.6596231461770425,-0.02294118196061704,-0.4049595636990449,-0.10984717505872348,0.3196783268738892,-0.1847489101997204,0.14785601908903206,-0.02294118196061704,-0.4049595636990449
AFRM,0.4878988896268716,182.77,0.03742334975846558,-0.06879872,46.02752881145949,21.869,0.45126,0.019340001,0.1263,0.17347999,23.87427705508325,0.33,12.541667,technology,0.48327625695802234,-0.06842032913875104,0.21290114258418172,-0.361568588660007,-0.5037921406590337,3.397626704872964,-0.08262275967840883,-0.5222800146212504,0.10905061115486528,-0.29905525681319123,-0.17047996981215838,0.11229405188631056,-0.15803730838791583,0.20925235680115098,0.8440886585179744,-0.1987268549894963,-0.17047996981215838,0.11229405188631056
FSLR,0.4590416224285644,1.88,0.03469938222348793,-0.2377978,35.27093749107398,0.233,0.18509,0.08619001,0.42641997,0.44362998,23.658420220392024,-0.037,10.906601,technology,0.2694090005948484,-0.10633517051915002,-0.0515953841069572,-0.48405336649844866,-1.8591326121617926,-0.3797797150424538,-0.09115569925555639,0.0800160508474021,0.13318213734280301,1.2828340268683938,-0.29902728899324355,-0.6853197166843845,-0.16009107544519946,0.03715948198958039,-0.9076552312342318,0.35121912895076063,-0.29902728899324355,-0.6853197166843845
IPGP,0.5403807668079161,0.764,0.04553420159414298,-0.012575448,46.42097833633367,-0.228,0.01302,0.0097,0.05904,0.09762,21.926119166894665,0.111,120.43077,technology,0.8722304501727378,-0.10656908595383699,1.0004627091212537,-0.3208198758251781,-0.45421713602490826,-0.460265218813068,-0.09667195921362748,-0.6091331768012864,0.10364248569290185,-0.7432607340785881,-1.3306492747422345,-0.36366620783298714,-0.022520402292821814,0.5887080244467181,-0.4117674102210515,-0.33635584610015,-1.3306492747422345,-0.36366620783298714
CRCL,0.6662014821346527,0.454,0.061759891749075604,-0.35131365,54.004294021992166,,0.15347,0.00191,0.04899,0.07877,23.83228473778012,0.066,16.769386,technology,1.8047141464168364,-0.10663406246347226,2.575972928695697,-0.5663257887411725,0.5012876657124417,0.0,-0.09216938054732257,-0.6793184530665567,0.10283440271798762,-0.8536387244586651,-0.19548728460596812,-0.4614662611999661,-0.1527269722854881,1.424684337549687,-0.021679374342910267,-0.3805730388386392,-0.19548728460596812,-0.4614662611999661
ONTO,0.423147072223723,76.547,0.04505725236315915,1.179003,48.45226288430227,0.754,0.06825,0.0481,0.2297,0.27587,23.657921162399855,0.353,113.586716,technology,0.0033869646915335723,-0.09068484456774172,0.9541510650273497,0.5427956035037926,-0.198273401155806,-0.28881887455549077,-0.09490138306738312,-0.2631621102305063,0.11736461907587353,0.30049930757916854,-0.29932448860288746,0.16228074582943305,-0.031117053830723215,0.28895106171704715,0.01856777593083196,0.01495010833928817,-0.29932448860288746,0.16228074582943305
AKAM,0.351619686281038,196.672,0.03827489759368206,0.4299842,44.24951400412711,-0.268,0.08918,0.025150001,0.076290004,0.24981001,23.450089434168714,0.054,38.3935,technology,-0.5267174863387166,-0.06550644708407526,0.2955862120036914,-6.771453803430013e-05,-0.7278236535735164,-0.4672487766239672,-0.09423040427431968,-0.4699338714760359,0.10502949410579765,0.14790252638421353,-0.4230926868306685,-0.48754627543116047,-0.12556544304070785,-0.0988792404730335,-0.39838004824517265,-0.07780806381508609,-0.4230926868306685,-0.48754627543116047
FLEX,0.3643487876385643,107.818,0.043731943596793464,0.96224785,43.63590957425441,0.52,0.18378,0.044159997,0.0497,0.07254,24.427788112859847,0.206,43.820717,technology,-0.4323794478614419,-0.08413039155869502,0.8254639345840282,0.38569885248545516,-0.805138380193625,-0.3296726877492515,-0.09119769553930761,-0.2986602102357686,0.10289149116696167,-0.8901190894490035,0.15914759429091174,-0.15719942850269822,-0.11874844636453102,0.10298469838796376,-0.24970407181914048,-0.29427137601427955,0.15914759429091174,-0.15719942850269822
JBL,0.255965642080947,248.609,0.029542278903102123,0.48408115,35.606220564443035,0.89,0.65876,0.05011,0.0585,0.07136,24.12643537396448,0.286,29.421537,technology,-1.2356296592251106,-0.05462036650043999,-0.5523487515807658,0.03913991252412064,-1.8168866343039463,-0.2650747779984332,-0.07597067656514243,-0.24505268721469198,0.10359906630917512,-0.8970286930908332,-0.02031434754794672,0.016667333038597704,-0.1368349098686938,-0.6141995924354388,-0.6809404999260863,-0.27861324764037315,-0.02031434754794672,0.016667333038597704
CRUS,0.39362768553417277,5.96,0.023031454143577733,-0.03905815,53.00759568042923,0.289,0.20903999,0.12163,0.18367,0.25597,22.51712375355953,0.129,14.666259,technology,-0.21538739801693665,-0.1054799958116923,-1.1845481125041342,-0.34001363635352927,0.37570275131304354,-0.3700027341071948,-0.09038790492282435,0.3993184242733861,0.11366351864450012,0.18397294107712428,-0.9786935196781509,-0.32454618648619554,-0.15536865950171286,-0.5018051687775876,-0.11143787304922685,0.15164174476804654,-0.9786935196781509,-0.32454618648619554
ORCL,0.6290762078673807,251.716,0.03565415409077766,-0.5228548,47.54362718886937,0.545,0.41192,0.06357,0.35632,0.47973,26.7544920560938,0.296,21.520376,technology,1.529570956498369,-0.05396913419257941,0.04111271150645766,-0.6906529723441884,-0.312762340559718,-0.3253079641174395,-0.0838839305202204,-0.12378262065107998,0.12754566049713142,1.4942211706498574,1.5447490965950699,0.03840067823125971,-0.14675936807166187,0.5055715112707491,-0.4429077590071153,0.3535250699939221,1.5447490965950699,0.03840067823125971
TYL,0.46929767738338524,47.906,0.026234287217174312,-0.36518198,46.40878514618933,0.155,0.09731,0.04176,0.14741,0.18872,23.291854280586797,0.082,41.865967,technology,0.3454187737734444,-0.09668804525310855,-0.8735538687549141,-0.5763770820324744,-0.45575348927912457,-0.3933976527737074,-0.09396977084920712,-0.3202833748674528,0.11074798743351599,-0.20981591054410495,-0.5173250738767358,-0.42669290889170686,-0.12120376080151718,-0.20827438007819277,-0.4751760746951021,-0.1283302672068122,-0.5173250738767358,-0.42669290889170686
ALGM,0.5257110147214871,31.472,0.042027500480223016,0.28827882,43.09717885499431,,0.015269999,0.02974,0.09824,0.14259,22.636610630479304,0.275,519.2857,technology,0.7635098423378917,-0.10013263867035371,0.6599629590816888,-0.10277094811665466,-0.8730189499119545,0.0,-0.09659982822397559,-0.4285795264346605,0.10679441132639823,-0.4799345681691951,-0.9075365524812196,-0.0072393466733303895,0.47847167745757985,0.44111338758307556,-0.32526329934286974,-0.22457987787535824,-0.9075365524812196,-0.0072393466733303895
FTNT,0.1433613798865981,36.194,0.026772367967330846,1.0391703,59.373026137489326,0.439,1.17442,0.14166,0.33595002,0.34485,25.599673471577777,0.256,62.06944,technology,-2.070163450828134,-0.09914289970745778,-0.8213063703290807,0.4414496246141475,1.1777528859723057,-0.34381439231632255,-0.05943952871845832,0.5797819780080926,0.1259077864635649,0.7044183408108771,0.8570301582886726,-0.04853270253938821,-0.09582666453132418,-0.9968709069548908,0.4251293727567102,0.33766714414101906,0.8570301582886726,-0.04853270253938821
KEYS,0.20522846699725877,42.094,0.028221239002831133,1.0834777,56.651266346138435,1.091,0.20897,0.072270006,0.25677,0.25798,24.850011439328544,0.365,48.798927,technology,-1.6116534994660507,-0.09790625000794784,-0.6806213762561376,0.47356211922417113,0.8348086307661351,-0.2299823999986644,-0.09039014867847302,-0.045398496823158475,0.11954121670084156,0.19574268965346145,0.41059053234246734,0.18836076006062746,-0.11249543657640018,-0.7967270419100454,0.3594627833305473,0.04487381521316788,0.41059053234246734,0.18836076006062746
CSCO,0.1782449943313603,62.017,0.021782132049980613,0.56551015,44.34658442523657,0.521,0.27319,0.079780005,0.27719,0.29439,26.77380231698838,0.176,32.128357,technology,-1.811633671758489,-0.09373035645483993,-1.3058569571330962,0.09815687862006901,-0.7155926905856284,-0.32949809880397907,-0.0883313690277069,0.022264064738703335,0.12118311265584146,0.4089449511780557,1.5562487661526105,-0.22239946408068417,-0.1334349384021007,-1.070406995115475,-0.31564463692317946,0.11601518988622339,1.5562487661526105,-0.22239946408068417
PLTR,0.48223766562761367,2.139,0.03828511294438243,-0.00042772293,56.90499960056237,2.154,0.38097,0.17292999,0.47120997,0.43253,26.831384095330648,0.928,158.51695,technology,0.44131973917488054,-0.10628088369335797,0.29657811985299054,-0.3120156183911056,0.8667792558874157,-0.0443943511740162,-0.0848761327966329,0.8615140559236558,0.13678353400413726,1.2178370249766675,1.5905399353442935,1.4119480944074978,0.02531873192058294,0.21053899177817104,0.17012309544076462,0.5328146205269569,1.5905399353442935,1.4119480944074978
UI,0.5185613234385669,5.552,0.03331848197537994,-0.17481297,47.95342222987394,0.068,0.91087997,0.40435,0.36273,0.36785,24.259916568955184,0.235,35.76119,technology,0.7105219814980565,-0.10556551328243807,-0.18568043271400406,-0.4384041066933538,-0.2611277857503314,-0.4085868910124133,-0.06788815610753168,2.946530401900755,0.128061064663221,0.8390970558634909,0.0591765326073533,-0.09417272744397844,-0.12887182428926802,0.1397586785005381,-0.36937292781869946,0.9614500915799838,0.0591765326073533,-0.09417272744397844
DOX,0.40764492582607514,32.668,0.018163285886821496,-0.29137444,49.676311972428984,-0.574,0.13314,0.08124,0.17955999,0.22258,22.510088124995324,0.027,13.581947,technology,-0.11150269187302463,-0.09988195510414796,-1.6572459617722413,-0.5228838905920127,-0.04404208206682138,-0.5206729938773467,-0.09282112440126333,0.03541812795063063,0.11333304808651731,-0.01154541960143095,-0.9828833855768906,-0.5462263074513478,-0.1567306377126336,-0.6228768695831379,-0.3625329888453936,0.011096158008613416,-0.9828833855768906,-0.5462263074513478
IT,0.5129953254926437,,0.03557990148327398,-0.27749485,51.592215788027914,0.331,1.13581,0.1017,0.22623,0.21410999,23.18965282488599,-0.006,16.775179,technology,0.6692712039577813,1.1914474042938333e-17,0.03390280297036201,-0.5128244364361756,0.19736357363254617,-0.3626699984057506,-0.060677297051003935,0.21975583685787436,0.11708560933229617,-0.06114237887459569,-0.5781882064503981,-0.6179463465871324,-0.1527196958375876,0.23439133564271442,-0.22604362040312664,0.053755442566142723,-0.5781882064503981,-0.6179463465871324
KLAC,0.44466815138541516,96.88,0.03824712567829999,0.7409445,50.064670816030805,0.138,0.87496,0.20799999,0.42486,0.44588003,26.262114303631456,0.152,53.699722,technology,0.16288419367916868,-0.08642301434060007,0.29288956637051333,0.22530572099827254,0.004891492010872089,-0.3963656648433396,-0.0690396868345969,1.1774829440652512,0.13305670597978045,1.2960094113381386,1.2515277112542675,-0.27455949254307294,-0.10633966590689792,0.12311691523636065,-0.05538948394473167,0.6343773436371434,1.2515277112542675,-0.27455949254307294
PATH,0.5137377050671597,4.093,0.043999501856070565,-0.051578164,40.297451812095915,22.808,0.20027,0.03664,0.08922,0.10727999,22.624124182247378,0.134,19.164179,technology,0.6747731346045994,-0.1058713220810118,0.8514437707449247,-0.34908771612558587,-1.2257871510436251,3.5615657244838244,-0.09066905529575213,-0.3664128504102235,0.10606914680562943,-0.6866957323124534,-0.914972496997887,-0.31367951388986454,-0.14971893042515128,0.4734485277561708,0.6622302857715378,-0.2594271228031999,-0.914972496997887,-0.31367951388986454
AMKR,0.543238922412152,57.054,0.04959830988591814,0.82658565,47.50458861442606,2.182,0.12514,0.04621,0.10532,0.17752,23.289287023486192,0.256,23.488789,technology,0.8934128404918326,-0.09477060941393617,1.3950865486010469,0.28737550996741157,-0.3176812371057379,-0.0395058607063867,-0.09307759025623263,-0.28019037366328686,0.10736368769081543,-0.27539858917842114,-0.5188539298817051,-0.04853270253938821,-0.14428689186915455,0.7312429265596477,-0.023270529281571018,-0.1353257163517813,-0.5188539298817051,-0.04853270253938821
GEN,0.3573947848237354,307.831,0.024842415039382924,-0.25747865,36.69507521024189,0.64,0.41944,0.084910005,0.35554,0.4745,23.302033588040533,0.063,12.8771925,technology,-0.48391702044338397,-0.04220733794037593,-1.0087042888302675,-0.49831737633756545,-1.6796899401952685,-0.30872201431655366,-0.08364285261654926,0.06848363691339346,0.12748294360952614,1.463596401966154,-0.5112630805830344,-0.46798626475776467,-0.15761586288126433,-0.5116095490713425,-0.8289097769497958,0.39398003246813107,-0.5112630805830344,-0.46798626475776467
GFS,0.5241039397684184,14.132,0.03781027821295572,0.33911586,46.680563945571265,-0.268,0.061690003,0.029830001,0.09742,0.28553,24.008359974512032,0.058,37.4375,technology,0.7515994729802924,-0.10376713117704903,0.25047179310643647,-0.06592599280468509,-0.42150910877536074,-0.4672487766239672,-0.09511168497228327,-0.4277686477377221,0.10672847818814653,0.35706436790126633,-0.09063075000311885,-0.4788529373540957,-0.12676625163605698,0.29943471163655994,-0.3182279594013377,-0.014771871655148122,-0.09063075000311885,-0.4788529373540957
CGNX,0.2786421747514593,4.448,0.03732793074304506,0.30198562,46.228423166894956,0.792,0.111490004,0.07126,0.29361,0.24556999,23.045925733526644,0.169,57.216984,technology,-1.0675691220735943,-0.10579691349739723,0.20363598144149486,-0.0928367262683703,-0.47847926576137617,-0.28218449463513645,-0.09351518499304108,-0.054498310705004445,0.12250338354619886,0.12307468093215332,-0.6637807350092803,-0.23761280571554755,-0.10192171774612917,-0.3232433513764989,-0.28450016222162766,0.02439114219507666,-0.6637807350092803,-0.23761280571554755
KD,0.6542605144386544,422.451,0.04625612811438192,-0.6299574,43.00653584993725,,0.069299996,0.03024,0.02902,0.08753,21.620428222945566,-0.033,30.432432,technology,1.7162171317163504,-0.018182797506845434,1.0705615831634463,-0.7682772893932487,-0.8844400525227452,0.0,-0.09486772205215133,-0.4240746948386868,0.10122868958276,-0.8023437008125391,-1.512694709619489,-0.6766263786073199,-0.1355651489848073,0.9228653057909838,-0.5509057806386646,-0.30501435703015434,-1.512694709619489,-0.6766263786073199
DOCU,0.42917691620997045,10.654,0.030240371933602007,-0.016446412,58.63989016770732,0.333,0.17803,0.06353,0.13430999,0.1314,23.25302628882435,0.094,40.69697,technology,0.04807540246960475,-0.10449612569482795,-0.48456410308420217,-0.3236254187048234,1.0853770745870719,-0.3623208205152056,-0.0913820303725668,-0.12414300717875786,0.10969466454274918,-0.5454586908404451,-0.5404479657573075,-0.4006128946605125,-0.12267210980312532,-0.18032827543647512,0.1331436117890143,-0.16282226596225513,-0.5404479657573075,-0.4006128946605125
APH,0.28189174400041916,120.415,0.028779990916515275,0.36494577,55.628647607761806,0.593,0.38115,0.14473,0.29779,0.32619998,26.060231691419634,0.55,42.15,technology,-1.0434858831840175,-0.08149003964941928,-0.6263667133228308,-0.047205353686786085,0.7059577223550063,-0.31692769474436033,-0.0848703623148961,0.607441644007371,0.12283948173875026,0.5952113525802011,1.1313023376809606,0.5904276461248744,-0.12084699378502888,-0.5837808787187558,0.11394155797461995,0.3101555290028566,1.1313023376809606,0.5904276461248744
GLOB,0.6105884019273515,23.821,0.03719807515319504,-0.40330523,45.132411697078,,0.0548,0.04674,0.04856,0.15957,21.12761740796888,0.0,13.244276,technology,1.3925539512013196,-0.10173630084848091,0.19102703803606563,-0.6040075153267229,-0.6165777263265684,0.0,-0.09533256628605026,-0.27541525217155477,0.10279982802353854,-0.3805065428825264,-1.8061739928644103,-0.6049063394715353,-0.15715477813020695,0.4939482294629682,-0.4068617472177638,-0.16211363332914822,-1.8061739928644103,-0.6049063394715353
LRCX,0.41764934428507483,33.049,0.04081718456503863,1.203279,50.20828572768403,0.348,0.65066004,0.22840999,0.37390998,0.37195,26.742115533039915,0.3,56.15556,technology,-0.03735784951384009,-0.09980209687778978,0.5424416040527995,0.5603900215728496,0.022987103927076317,-0.35970198633611844,-0.07623034696096957,1.3613701698128975,0.12896000511077146,0.863105000720696,1.5373786148512996,0.04709401630832452,-0.10325494689101396,0.13509388588705654,0.07455837972126916,0.5693012071708489,1.5373786148512996,0.04709401630832452
GAP,0.3596998630440949,144.773,0.029488000658772325,0.08729792,58.67924621100387,1.421,0.33776,0.0478,0.0671,0.09578,22.80557953802472,-0.02,7.093168,consumer-cyclical,0.04217533804248436,-0.28753907692327735,0.4917012874013665,0.6947948118984788,2.046701235082144,0.8885087237819973,-0.06497986356872766,-0.3011964813356261,-0.15646503821639424,-0.2172205198397379,-0.35763633876011075,-0.7534755137510619,-0.38440452153325605,0.0821125161735245,1.2100015902542067,-0.18496547574012145,-0.35763633876011075,-0.7534755137510619
LVS,0.4463587754373841,1703.902,0.02194047810195179,-0.30390555,27.93778438562377,-0.198,1.22869,0.09549,0.19658001,0.33813998,23.92151366374727,-0.007,14.885827,consumer-cyclical,0.6689938299294469,2.9071996049930546,-0.5302421489173462,-0.6681027888047371,-1.187738438407883,-0.673879657933528,0.9402581917310522,0.3578626751733655,0.281187123404766,0.7196448212217212,0.49192838872342587,-0.6470249618436623,-0.25169391984581596,1.0153170953350517,-0.843240295048716,0.5747382028827263,0.49192838872342587,-0.6470249618436623
EBAY,0.1997372730478693,153.012,0.022570597425127924,0.2013017,54.36053818078886,0.55,0.46611,0.091450006,0.2157,0.25783002,24.57749557233605,0.148,22.279411,consumer-cyclical,-1.114860985754389,-0.2706569254141279,-0.4449232510181251,1.091967869267058,1.5923116334915342,0.047965005144429355,0.07983769156773285,0.3020313680242485,0.345814126087844,0.4091991029722308,0.9913298126591945,0.6221931570522553,-0.12577964831582472,-0.6101470540622139,0.9107481693010072,0.28422057216301405,0.9913298126591945,0.6221931570522553
PLNT,0.6382959760787107,,0.03090462616196472,-0.6033106,32.3622565805336,0.261,,0.08538,0.33653998,0.44388,21.887152136213395,0.045,13.842624,consumer-cyclical,2.057307891580633,2.329504089103541e-16,0.6835140476561731,-1.7111876680963916,-0.722220940158826,-0.2309295237720542,0.0,0.21814600349574106,0.7542623371843505,1.1283928327587147,-1.0568384756497256,-0.22122275421406412,-0.2694598836602396,0.9136073130789355,-0.8881127106757574,0.5252002933597015,-1.0568384756497256,-0.22122275421406412
ETSY,0.41701957834366604,,0.03127666896754497,-0.017165542,40.86693454842093,,,0.105349995,0.18744,0.16003999,22.60448150725578,0.062,21.929447,consumer-cyclical,0.4567784816453984,2.329504089103541e-16,0.7338890813616038,0.3308588741089916,0.17259232493063317,0.0,0.0,0.49412436500106255,0.25029320291666113,0.031182526933726706,-0.5107330043872774,-0.082018186335157,-0.13173960794051037,0.39688918766900083,0.1678170663465416,0.19390002371286258,-0.5107330043872774,-0.082018186335157
LEA,0.20123367001753725,66.026,0.02180672747078925,0.16409755,45.8908871738909,0.239,0.12094,0.04403,0.04153,0.07171,22.784774941274144,0.03,10.9897585,consumer-cyclical,-1.1040372947353436,-0.44889589023690646,-0.548352141778053,0.9623538687286617,0.7011837036313938,-0.25216024915670004,-0.309618292121025,-0.35329656563084316,-0.24289355928812625,-0.3102653730343508,-0.37347495428534516,-0.3440503141072174,-0.3180447758053135,-0.700428442250101,0.4704591077344518,-0.3040184475185863,-0.37347495428534516,-0.3440503141072174
BBY,0.32012286235459647,130.097,0.024411873335196888,0.14738202,51.748530785913466,0.701,0.43126,0.07254,0.03896,0.06204,23.641380892014997,0.036,14.682196,consumer-cyclical,-0.24409176594579235,-0.31761098559523715,-0.19561232593234198,0.9041193246141052,1.3174912494309647,0.19368498392086184,0.04051636864988591,0.040701684569856074,-0.2515803523719883,-0.34764566926999296,0.27866228601163656,-0.2949192901499561,-0.2551617980799611,-0.2524383591577905,0.8050985193219772,-0.12950199210555982,0.27866228601163656,-0.2949192901499561
POOL,0.4687407104553515,134.537,0.0219076167666658,-0.479186,31.00076689718827,0.0,0.31254998,0.099029996,0.15137,0.119119994,22.495243691137528,0.022,14.918893,consumer-cyclical,0.8308861312060174,-0.30851318820470147,-0.5346916123871621,-1.2787551042230536,-0.8654690482635565,-0.48280312947171583,-0.09342437826558213,0.4067841844584399,0.12837389298090157,-0.12699757362897152,-0.5938961529479599,-0.40955834605023256,-0.25113079899638613,-0.004106223128615379,-0.8756757606527753,0.07868403138619695,-0.5938961529479599,-0.40955834605023256
LEN,0.416823009760373,27.736,0.023547065673104068,-0.35254663,46.17317137706636,-0.48,0.05962,0.03402,0.05766,0.0625,23.70157894756699,-0.087,15.720615,consumer-cyclical,0.45535666801389435,-0.5273541474629452,-0.3127083011083594,-0.8375614370820981,0.7308840227358165,-0.9460189560458061,-0.3788057676252537,-0.49163127220779856,-0.18837294744272,-0.3458674959226925,0.3244912856642406,-1.3021052812738134,-0.23747730677940887,-0.12823526018580342,-0.3508987901306959,-0.3511693707996162,0.3244912856642406,-1.3021052812738134
MTN,0.2393154135020353,612.185,0.02379180333631691,-0.09103191,41.732277472935664,,0.26042,0.047930002,-0.73705,0.26038998,22.310141021853752,0.025,29.564655,consumer-cyclical,-0.8285856376565301,0.6702131018841698,-0.27957053349555183,0.07351888752896253,0.26363872676158245,0.0,-0.1522427362937285,-0.2993998990654546,-2.8745524539314222,0.4190948695856119,-0.7348154914301708,-0.38499283407160184,-0.001710429493364697,-0.14598102308930405,0.11238587143018165,-0.7267750549262484,-0.7348154914301708,-0.38499283407160184
BIRK,0.3871758325340931,69.021,0.03249610592081164,-0.2859304,37.84056098783377,-0.13,0.12361,0.06708,0.28972998,0.28577,22.400687656353913,0.133,15.887255,consumer-cyclical,0.2409136476198217,-0.44275897510522755,0.8990022798997391,-0.6054799066322438,-0.1458252821033601,-0.608257415835532,-0.30660572591756297,-0.03475360992666498,0.5960410203533855,0.5172037285376825,-0.6658820077320425,0.4993655971591021,-0.23463939296010858,0.23238565080477777,-0.45318753485704527,0.19297135326171,-0.6658820077320425,0.4993655971591021
PHM,0.2259761243815079,19.065,0.02083831578733307,-0.11856592,41.03096553840241,-0.182,0.14901,0.092080005,0.15685001,0.16784,23.81919834212486,-0.096,12.102189,consumer-cyclical,-0.9250709599212098,-0.5451214900695521,-0.6794762233706362,-0.022405711930082062,0.18985072157720828,-0.6584391303810583,-0.27794685641646366,0.3107377343388116,0.1468967384935454,0.06133420060911151,0.41403536051689876,-1.3758018172097055,-0.2990998532839431,-0.7165562244537993,-0.1636647069113107,0.06025545425625121,0.41403536051689876,-1.3758018172097055
DDS,0.27036583634913314,21.542,0.02557180277505699,0.07730961,63.85650787456545,0.341,0.33753,0.113649994,0.05689,0.12937,23.07129029788591,-0.004,15.5269985,consumer-cyclical,-0.6039927056204071,-0.5400459846334357,-0.03855651473948032,0.6599969515060852,2.5914229083643647,-0.1537268860097058,-0.06523937301696597,0.6088274545369291,-0.1909756052927487,-0.08737520954447206,-0.15534976638313225,-0.6224594498650317,-0.24077463599805124,-0.39419840166444103,1.032564324620248,0.0663093166706856,-0.15534976638313225,-0.6224594498650317
LEN-B,0.3948010456572087,27.736,0.02374278425049221,-0.32958925,46.08171102896701,-0.48,0.05962,0.03402,0.05766,0.0625,23.681773902843005,-0.087,15.471953,consumer-cyclical,0.29606809692165853,-0.5273541474629452,-0.2862077754031795,-0.7575811697280482,0.7212610913305336,-0.9460189560458061,-0.3788057676252537,-0.49163127220779856,-0.18837294744272,-0.3458674959226925,0.3094136327491667,-1.3021052812738134,-0.24171207229870112,-0.1724979419814887,-0.32744634481444024,-0.3511693707996162,0.3094136327491667,-1.3021052812738134
VGNT,0.2146700625031735,853.169,0.03681223441517994,0.5119206,47.511755291297874,0.087,,,0.087969996,0.101689994,21.881195761618546,0.108,6.657778,consumer-cyclical,-1.0068496074952251,1.1640022024158931,1.4834111573719726,2.174120217105568,0.8717221176539799,-0.398845260905162,0.0,0.0,-0.08592288377552756,-0.1943748811147257,-1.0613730853930972,0.29465299733717987,-0.3918193036851113,0.5468545840975468,0.882332357951462,-0.07007444122256332,-1.0613730853930972,0.29465299733717987
HRB,0.45576490646170004,1789.419,0.02967618644502266,-0.20618153,25.827849065073167,0.045,7.13542,0.17401,0.3291,0.2611,22.333471761583624,0.03,7.1792617,consumer-cyclical,0.7370299580127883,3.0824285102737843,0.5171818643216985,-0.32764611445807773,-1.4097336886029312,-0.43937664573039487,7.604833162133742,1.4429816722185744,0.729114645819342,0.4218395188031124,-0.7170537140243907,-0.3440503141072174,-0.3829383279363724,1.4455467775360902,-0.7255854829304679,2.5496922497436927,-0.7170537140243907,-0.3440503141072174
DPZ,0.3471599943621311,,0.019418906077508093,-0.30013448,39.47648167386752,0.068,,0.33892,0.19084999,0.20357001,23.01697349788548,0.043,17.120571,consumer-cyclical,-0.04852764170432595,2.329504089103541e-16,-0.8716659684800225,-0.6549649138899671,0.026296876551505963,-0.41718088737371967,0.0,3.7219803197316343,0.261819225308894,0.19945192121950003,-0.19670134469449835,-0.2375997621998179,-0.21363576525989134,-0.3067312033947827,-0.34861630823739365,1.045812866565007,-0.19670134469449835,-0.2375997621998179
LAD,0.3220739413279136,257.698,0.024346333554872077,-0.10595292,31.036110835396713,0.169,0.10719,0.03924,0.04611,0.050679997,22.58195664224565,0.022,9.577617,consumer-cyclical,-0.2299792835036319,-0.05614971423718676,-0.20448648931727748,0.02153619747493845,-0.8617503625156855,-0.3197125571987548,-0.32513244391787993,-0.4194926939528828,-0.2274128151931504,-0.3915588313566304,-0.5278812664242898,-0.40955834605023256,-0.342093838921357,-0.16353849568603204,-0.38664224074650066,-0.34089919610513586,-0.5278812664242898,-0.40955834605023256
VFC,0.40713712507878386,280.723,0.03079466630108393,-0.057829738,48.9473736257686,,0.17938,0.03956,-0.05529,0.09396,22.43299642825892,-0.052,20.985075,consumer-cyclical,0.38529703466480447,-0.008970258174780348,0.6686253530892263,0.18919056231481116,1.0227696157650876,0.0,-0.24368032622951932,-0.4150704056307424,-0.5701524333657598,-0.22425590134427448,-0.6412852216260228,-1.0155076415231223,-0.14782245929288848,0.34831737652641676,0.40398672602663294,-0.363289766642574,-0.6412852216260228,-1.0155076415231223
BKNG,0.2968021314226664,,0.02393857021801651,-0.25182736,27.548856959621233,1.3,,0.2038,0.34412,0.36872002,25.53062062454587,0.081,18.08102,consumer-cyclical,-0.4127745360007974,2.329504089103541e-16,-0.2596981249942572,-0.48666973505404754,-1.228659143607803,0.7717397341664455,0.0,1.8546690757078357,0.779883374270551,0.8378548474986381,1.7169473975807685,0.07356338952950389,-0.19727911925753197,-0.22415755366501813,-0.31452971483180164,0.8681018243692562,1.7169473975807685,0.07356338952950389
DASH,0.47966206010882084,33.276,0.030505636474307582,-0.30092663,37.21446871472513,-0.3,0.088870004,0.029719999,0.03862,0.09037,25.099423326635087,0.356,98.15508,consumer-cyclical,0.9098820905378124,-0.5160023912594388,0.6294903744057241,-0.6577246525354271,-0.21169910745724269,-0.7723130210805222,-0.3458029311078272,-0.5510557853562117,-0.25272957791615674,-0.23813338464168454,1.3886753191065866,2.325401987570648,1.1663987578517037,0.3411233578946993,-0.547245593691064,-0.34693041975547,1.3886753191065866,2.325401987570648
LKQ,0.3409247964290113,82.105,0.022286115971167062,-0.25762928,40.79059635864036,-0.29,0.07131,0.03995,0.07013,0.1025,22.476983709430126,-0.03,12.683333,consumer-cyclical,-0.09362787729599142,-0.415949159551676,-0.4834423746697643,-0.5068828043488368,0.16456045998448277,-0.7626626913602287,-0.36561591784305486,-0.4096807417381337,-0.14622341057277488,-0.19124372659221825,-0.6077975437429219,-0.8353605536798308,-0.289202850231834,-0.3310064705058106,-0.3683283452415276,-0.2781909491865454,-0.6077975437429219,-0.8353605536798308
VIK,0.27646406534809553,374.759,0.02538503717904053,0.2896936,26.951507897478578,0.323,1.39616,0.081379995,0.29395,0.27399,24.27818994572343,0.165,26.197325,consumer-cyclical,-0.5598831893716553,0.1837145335856732,-0.06384479623082755,1.3999127564420073,-1.2915087737422142,-0.17109747950623422,1.1292149191070013,0.1628673303707306,0.6103050050030973,0.4716670284698578,0.763467345470283,0.7613977249311625,-0.0590567589529455,-0.14667115067226988,-0.0208978322688137,0.5935135707376717,0.763467345470283,0.7613977249311625
BWA,0.23879835236794972,70.11,0.026263143774044928,0.37686396,39.01933395002602,0.301,0.08056,0.06331,0.106359996,0.14194,23.228169939495324,0.003,30.055,consumer-cyclical,-0.8323256278240734,-0.4405275558803867,0.05505187011195512,1.7036019708971746,-0.021801575728921097,-0.19232820489088004,-0.3551791248160797,-0.08685369422188191,-0.02376330213653063,-0.03878469003237052,-0.03591672199503203,-0.5651399219148934,0.0066402477253392125,-0.4059337711975017,0.49649073009245775,-0.1261452028017157,-0.03591672199503203,-0.5651399219148934
RL,0.19397906767309311,110.373,0.022045450553610464,0.121290445,42.153702232904415,0.216,0.37537,0.11005,0.18395,0.19068001,23.7751830857249,0.14,22.416035,consumer-cyclical,-1.1565110539275514,-0.35802651616526554,-0.5160287554283897,0.8132199648357574,0.30797861439531204,-0.2743560075133752,-0.022544427272021186,0.5590767938307551,0.23849674071328433,0.14962441155275474,0.38052638498992736,0.5566851251092404,-0.12345291321231963,-0.6768554418404022,0.2822808572392314,0.23116337970619324,0.38052638498992736,0.5566851251092404
LOW,0.35168581895042234,,0.017194620733066643,-0.2448889,27.21987558797676,0.0,,0.12519,0.13365,0.14076,25.36183829094884,0.083,15.818884,consumer-cyclical,-0.01579159108205497,2.329504089103541e-16,-1.1728368217155258,-0.4624971210264286,-1.2632726700019044,-0.48280312947171583,0.0,0.7683063100720244,0.06847896167894256,-0.043346091227619565,1.5884527902906187,0.08994039751525769,-0.23580376529411828,-0.39620947093252684,-0.7361909735000163,0.19835979513083685,1.5884527902906187,0.08994039751525769
BYD,0.26864984334849906,130.47,0.016821616393026977,-0.22905415,16.85204728583375,-0.049,0.93084997,0.07824,0.20891,0.2863,22.299492506145743,0.0,2.9758604,consumer-cyclical,-0.6164047716738617,-0.3168466886522935,-1.223342048318321,-0.4073310899512563,-2.3541158894579937,-0.5300897451011543,0.6042047054328827,0.11947369530798271,0.32286341595577284,0.5192524934813112,-0.7429222453478553,-0.589705433893524,-0.45452312532796457,-0.7188645028814921,-1.0971789081701349,0.39144857754448736,-0.7429222453478553,-0.589705433893524
QSR,0.12452554897262913,290.102,0.015209366347413057,0.08041108,40.98370098158616,1.512,0.34792998,0.06448,0.27738002,0.30146998,24.20642802420626,0.046,17.859297,consumer-cyclical,-1.658880038787314,0.010247814285993041,-1.4416426018331647,0.6708020346554064,0.18487781695137176,0.9763267242366686,-0.05350505531483826,-0.07068470254405608,0.5542972277020345,0.577893480688009,0.7088347324045668,-0.21303425022118722,-0.2010551080102727,-1.030091608778162,0.6106688586144823,0.2520002376327873,0.7088347324045668,-0.21303425022118722
DUOL,0.7407492682134637,6.11,0.039970239270046046,-0.544345,51.16259249275273,-0.275,0.3442,0.056420002,0.11684,0.15636,22.615603331936732,0.183,16.832151,consumer-cyclical,2.798369789211065,-0.5716669777259461,1.911008731144919,-1.5057598513031876,1.2558421947314429,-0.7481871967797884,-0.057713599018055235,-0.18207106201866624,0.011659898745199345,0.016957178811265423,-0.5022659186190428,0.9087907968029464,-0.21854761777887,1.3792371808766795,-0.3327016177838444,-0.05279189587006417,-0.5022659186190428,0.9087907968029464
WEN,0.31841922856422816,3380.615,0.0382177971857219,-0.30866808,34.023922896622764,-0.408,1.08042,0.03817,0.14292,0.2069,20.919222544460155,0.017,9.666666,consumer-cyclical,-0.2564144357522164,6.34287418969514,1.6737260106069927,-0.6846947702364893,-0.5473899744946104,-0.8765365820596924,0.7729648617732571,-0.4342797205300398,0.09981225813318406,0.2123243113603197,-1.7937268106208006,-0.450500866014617,-0.3405773159515126,2.5867285881833055,-0.7028737755969306,0.16270542768418025,-1.7937268106208006,-0.450500866014617
BFAM,0.4582074660220249,217.779,0.028889692227859073,-0.40204352,35.75131204252693,-0.17,0.14942999,0.06145,0.127,0.15707,21.85435871869544,0.065,20.22857,consumer-cyclical,0.7546974022220865,-0.13794587955988807,0.4106896217504434,-1.0100016064478528,-0.36564403096059894,-0.6468587347167062,-0.277472980880961,-0.11255824509432329,0.046001462065058445,0.019701750716881298,-1.0818042242317538,-0.05745267435652632,-0.1607058966060773,0.3424803814708806,-0.6741681240417193,-0.08108200329833613,-1.0818042242317538,-0.05745267435652632
EXPE,0.37436521632482345,230.271,0.0319704404952452,0.22343695,34.82784932724353,1.887,0.89489,0.061079998,0.1898,0.18408,24.17670811384038,0.14,16.55311,consumer-cyclical,0.14825230546040968,-0.11234910365840797,0.8278265626609946,1.1690839518927205,-0.4628054626539841,1.3382140887476766,0.5636310012008573,-0.1176715436061001,0.25827018022324255,0.1241114509572841,0.6862088560478633,0.5566851251092404,-0.22329974397937036,0.2879099214876654,0.681497525995471,0.20708527219382095,0.6862088560478633,0.5566851251092404
LULU,0.5554011432923812,44.689,0.028376716496467485,-0.4563973,36.91513618689639,-0.059,0.30898002,0.14401,0.13212,0.21489,23.088750380535515,-0.043,7.9759536,consumer-cyclical,1.457715620718338,-0.4926165440481362,0.341232104036543,-1.1993624941494636,-0.24319315315600668,-0.5397400748214477,-0.09745237109094212,1.0283921420179087,0.06330744673018424,0.24321040928408194,-0.142057341663664,-0.9418111055872302,-0.3693704993673936,0.43544372690224825,-0.6607652407089727,0.3093644067353082,-0.142057341663664,-0.9418111055872302
WHR,0.6652169942769285,205.431,0.03115368136787803,-0.6118213,31.382750659221585,-0.011,0.05933,0.01507,0.016210001,0.05134,21.416571468952263,-0.068,10.092106,consumer-cyclical,2.252032145105596,-0.16324759176221568,0.7172364156316231,-1.74083774407937,-0.8252789154205732,-0.4934184921640387,-0.37913297519042377,-0.7535136587845525,-0.3284770581973062,-0.38900752756589485,-1.4150932571153134,-1.1465237054091524,-0.3333319843667602,0.9353403229916677,-1.0198450505546606,-0.46253280493454435,-1.4150932571153134,-1.1465237054091524
FIVE,0.2884825189820107,82.332,0.025342794024137225,0.41736352,43.77383559407919,4.182,0.28250998,0.07843,0.08859,0.15438,23.215496893657267,0.229,19.692377,consumer-cyclical,-0.47295169238453777,-0.4154840244148176,-0.06956456911760303,1.8446967141353567,0.4784397215962101,3.5529647595550458,-0.12731856880940196,0.12209942899925354,-0.08382722367468443,0.00930330222940691,-0.0455647580982595,1.2854619804752834,-0.16983737478965924,-0.3193334286389861,1.9587003984288707,-0.019935765313856484,-0.0455647580982595,1.2854619804752834
M,0.28607542675171427,103.267,0.026001210327787273,0.27927434,48.98510869310296,1.0,0.15993,0.03509,0.03202,0.06145,22.506151403977373,0.012,8.52809,consumer-cyclical,-0.4903625954291055,-0.37258709009705526,0.019585773238425044,1.3636135271557666,1.0267398823568767,0.48222984255763895,-0.2656257991348887,-0.4768442456306415,-0.27503807377354555,-0.34992636986761744,-0.5855920713067145,-0.49144338597900145,-0.35996750176958553,-0.2811213040959119,0.9575277506900942,-0.3418586221016733,-0.5855920713067145,-0.49144338597900145
WSM,0.23273694842057605,71.369,0.02108783471863288,0.1724279,42.311647536621024,0.42,0.54960996,0.16636999,0.17272,0.20733,24.01340445547248,0.067,23.378462,consumer-cyclical,-0.8761687822796407,-0.4379477975662686,-0.6456910664321297,0.9913756308005012,0.324596710160708,-0.07748928121938682,0.17405085916564664,1.3373994003309615,0.2005384970044244,0.21398651688062226,0.561885184228471,-0.04107566637077253,-0.10706258145903264,-0.653269215426013,0.4128276865806075,0.4814938183454137,0.561885184228471,-0.04107566637077253
BURL,0.3893441594657624,294.974,0.02577566971771635,0.055913925,32.392718171926674,0.959,0.41412997,0.06146,0.06718,0.11146,23.543667606132036,0.11,23.98474,consumer-cyclical,0.2565975210921604,0.02023080277398628,-0.010952690787364501,0.5854574088177196,-0.7190159468413622,0.4426634907044354,0.021188522416818387,-0.11242004858425636,-0.15619463220600166,-0.15660800226219196,0.20427280442917473,0.3110300053229336,-0.0967375411653591,0.08862521102626071,0.10303498422693093,-0.1010085401589079,0.20427280442917473,0.3110300053229336
ROST,0.13034606724232806,70.281,0.016690798619872837,0.5009285,48.31828979684872,0.705,0.42628,0.12785,0.13578,0.1492,25.03902312910187,0.133,28.325243,consumer-cyclical,-1.6167792509623362,-0.44017716773764315,-1.241054928753225,2.1358252942187907,0.9565810361273552,0.19754511580897927,0.03489742494455229,0.8050665817498167,0.07567852170564536,-0.010720475898889475,1.3426924280250603,0.4993655971591021,-0.022817873340020018,-1.0993371158177347,1.0966504820517085,0.22623051312528122,1.3426924280250603,0.4993655971591021
FND,0.4326157754376102,80.645,0.030248331390872674,-0.36115634,33.462535260691936,0.534,0.09694,0.027420001,0.054380003,0.10402001,22.30806382276221,0.03,22.02404,consumer-cyclical,0.5695883989592805,-0.4189407776125279,0.5946509633051743,-0.8675564499119958,-0.606455950347533,0.03252447759195967,-0.33669753889371723,-0.582840955032294,-0.19945958372859088,-0.1853679847017179,-0.7363968706885493,-0.3440503141072174,-0.13012866949890528,0.2484328615506423,-0.480495974222523,-0.32609151558908,-0.7363968706885493,-0.3440503141072174
MAR,0.18155173933125082,,0.017212434817993047,0.35743248,49.55925444858486,0.043,,0.09761,0.65276,0.65186,25.253138518952856,0.111,37.43895,consumer-cyclical,-1.2464000104617086,2.329504089103541e-16,-1.1704247736524018,1.6359054408277645,1.0871481941165797,-0.44130671167445357,0.0,0.38716033530754584,1.8231097623651684,1.9323591213925158,1.5056992566862077,0.31921850931581053,0.13239045023387616,-0.8056082613713701,0.7605823077566303,1.0356573047663076,1.5056992566862077,0.31921850931581053
WING,0.6539823126328115,,0.03951805107181385,-0.58630407,45.044267695649,0.198,,0.18971,0.29759002,0.32471,21.777768510565153,0.064,24.910166,consumer-cyclical,2.1707698027739037,2.329504089103541e-16,1.849781916957186,-1.6519393211088576,0.6121072750500348,-0.29172660100990355,0.0,1.6599501930235894,0.6226085460774629,0.6677299679808991,-1.1401126295383701,-0.06564117834940322,-0.08097734412899434,1.34018390657703,-0.44385288235624204,0.7375721767704878,-1.1401126295383701,-0.06564117834940322
RCL,0.32732715052474304,224.816,0.030225506052035615,-0.18568617,38.08514749380177,-0.046,0.44669998,0.07682,0.2707,0.37073,24.987420779234018,0.065,16.102966,consumer-cyclical,-0.19198193764058444,-0.12352669031727553,0.5915603855651709,-0.256243176826802,-0.12009129772106637,-0.5271946461850662,0.057937328174278976,0.09984979087848447,0.5317182582327504,0.8456246145956099,1.3034073705180975,-0.05745267435652632,-0.23096578981635504,0.09201725253577031,-0.3011763735776449,0.38378249797028097,1.3034073705180975,-0.05745267435652632
MAT,0.42870036396274747,137.445,0.02483471247639983,-0.2349537,35.579938522396986,,0.20497,0.04731,0.01323,0.11903,22.008900297187836,0.105,9.447761,consumer-cyclical,0.5412675690756548,-0.30255454072459387,-0.13835940860512003,-0.4278842883679999,-0.3836749663677212,0.0,-0.2148070793581362,-0.3079681103289037,-0.33854968546450537,-0.12734545391639973,-0.9641511558378132,0.27008748535854915,-0.34430531357881655,0.03345120658198029,-0.2705197515785737,-0.24716758226698624,-0.9641511558378132,0.27008748535854915
WH,0.244379561717936,557.292,0.01919417725514008,-0.09844428,48.13699879442728,0.204,0.39429,0.077199996,0.47733003,0.39703998,22.396865911703987,-0.055,26.028984,consumer-cyclical,-0.791955801674089,0.5577344099565404,-0.9020945154955048,0.04769523803903214,0.9375066403159443,-0.28593640317772745,-0.0011969543995487956,0.10510120298242231,1.2301432837277686,0.9473283215608447,-0.6687915158985069,-1.040073153501753,-0.06192364115562691,-0.3787719690710178,0.23308849172574972,0.5703439634678718,-0.6687915158985069,-1.040073153501753
KMX,0.34031193644898716,283.466,0.03252387005562008,0.28565228,46.52081253177465,0.816,0.04677,0.0178,0.02834,0.038259998,22.780265889554972,0.177,25.995285,consumer-cyclical,-0.0980607966323568,-0.0033497045166183347,0.9027615764263741,1.3858333687216633,0.7674608241030847,0.30466377570423764,-0.3933044476681327,-0.715786011536292,-0.2874767502516047,-0.4395695078681484,-0.3769077118350141,0.8596597728456851,-0.0624975421265619,0.2671170250924663,0.8193193228429951,-0.4590341793310444,-0.3769077118350141,0.8596597728456851
SCI,0.21611774236849088,344.863,0.015146376227437317,-0.07634044,36.8590442866454,0.047,0.34714,0.032899998,0.21003,0.30302998,23.06301226865247,0.036,20.039474,consumer-cyclical,-0.9963782954875794,0.12245603115606621,-1.4501715382063278,0.12470189266386911,-0.24909482005017708,-0.43744657978633616,-0.05439639128840043,-0.5071093089745922,0.3266491001012691,0.5839238076918973,-0.16165186028607892,-0.2949192901499561,-0.16392624077059012,-0.7746979341792803,-0.1872798357242147,0.08726680188254345,-0.16165186028607892,-0.2949192901499561
MCD,0.3096024520408372,,0.01210209187899849,-0.21975458,25.89130089294828,0.057,,0.1325,0.46485,0.53895,25.81960613018555,0.037,18.760357,consumer-cyclical,-0.3201876635838211,2.329504089103541e-16,-1.8623712215797052,-0.3749327023792554,-1.4030576524859601,-0.4277962500660426,0.0,0.8693279589309201,1.1879598447042703,1.4958948765149196,1.936953118963744,-0.2867307861570792,-0.18570986901592118,-0.7275196283878421,-0.7352622016437528,0.8882956700375275,1.936953118963744,-0.2867307861570792
WYNN,0.40792686116724597,,0.020930493290748416,-0.40748316,20.82221477250924,1.061,,0.05728,0.16537,0.24400999,22.82486212379758,0.069,18.777779,consumer-cyclical,0.39100932864920096,2.329504089103541e-16,-0.6669952809312615,-1.0289525434236657,-1.9363977177508283,0.5410968538514296,0.0,-0.17018618979221584,0.17569494479960499,0.35577647470072493,-0.3429564357535683,-0.024698658385018737,-0.18541316873651736,-0.09199531742735344,-0.8080844691076882,0.09032130742702851,-0.3429564357535683,-0.024698658385018737
CCL,0.34862727630792417,177.11,0.0312189245219963,-0.12963605,40.4075908993062,0.05,0.23998,0.05395,0.26426,0.26427,24.21967445339678,0.035,10.810574,consumer-cyclical,-0.037914544550960105,-0.22127883498234205,0.7260704154791152,-0.06097248030888169,0.12426283003212599,-0.4345514808702481,-0.17530522812847138,-0.21620562764448972,0.5099505743961469,0.4340934525225525,0.7189192873491408,-0.30310779414283295,-0.3210963250657216,0.15562567864860435,-0.12375371038233458,0.13813329278643457,0.7189192873491408,-0.30310779414283295
SN,0.2573601748730398,32.11,0.027480486119444984,0.8182181,48.56960581301954,-0.063,0.27528,0.11833,0.1016,0.16065,23.961577599770827,0.222,36.759182,consumer-cyclical,-0.6980648430070343,-0.5183915876011876,0.21988145627996042,3.241217418087434,0.9830230608398977,-0.5436002067095651,-0.1354761693336365,0.673503504166139,-0.0398524462345893,0.033540578071958746,0.5224292096099034,1.228142452525145,0.1208138599727256,-0.3321916581094205,1.2268800907392554,0.132928866667468,0.5224292096099034,1.228142452525145
GME,0.35464064663870276,70.557,0.024312686327313062,-0.12711239,75.76923014849592,0.645,0.15786,0.02865,0.19982,0.14245,23.24385727381144,-0.187,15.601265,consumer-cyclical,0.0055811746751253,-0.43961162898093414,-0.20904236352572,-0.05218040553768732,3.844810979528174,0.13964313748721804,-0.2679613841690334,-0.5658427981137178,0.2921385330249146,-0.036813236973407035,-0.023973897059389116,-2.120955680561502,-0.23950986207425704,-0.21435760594384293,1.3107579038259016,-0.14461972155781092,-0.023973897059389116,-2.120955680561502
MGM,0.38745314503322864,893.311,0.02472305270896656,-0.091380775,14.922815093636743,5.194,0.18924999,0.01766,0.067880005,0.12597,22.79570551468929,0.01,19.166666,consumer-cyclical,0.24291949557808667,1.2462553066615876,-0.15347827251976778,0.07230349117404437,-2.5570985965674007,4.529578127248753,-0.23254399727726913,-0.7177207626772284,-0.15382856271469086,-0.10051822993756243,-0.36515346880459276,-0.5078203939647552,-0.17879034233561575,0.4452321765733021,0.6815943406184655,-0.3011528881516877,-0.36515346880459276,-0.5078203939647552
YETI,0.3007681764838079,41.515,0.025293472108904792,0.21501994,44.62209388288592,0.541,0.25320998,0.113170005,0.19327,0.14935,21.81987633670468,0.085,17.991228,consumer-cyclical,-0.38408746486957773,-0.49912023975028946,-0.07624281448341563,1.1397602786285366,0.5676885763926373,0.03927970839616516,-0.16037781591106376,0.6021941740698795,0.2699990409240212,-0.010140636763900153,-1.1080557876383257,0.10631740550101147,-0.19880829567173391,-0.31981683970109426,0.5822428544724463,0.1754186905797342,-1.1080557876383257,0.10631740550101147
SGI,0.371240557799048,198.088,0.0259226866817688,-0.25186253,47.72111147213135,0.106,0.17516,0.05534,0.111269996,0.16731001,23.29326402022553,-0.03,24.646826,consumer-cyclical,0.12565112468514802,-0.1782937913655273,0.008953579158809599,-0.48679226236347223,0.8937493700021129,-0.38050963443660424,-0.2484417604537177,-0.19699631274519216,-0.007167133248685352,0.059285474321425134,0.01363963951559115,-0.8353605536798308,-0.085462079037627,-0.014563029173856561,0.008815824400678796,-0.09832993303154253,0.01363963951559115,-0.8353605536798308
CAVA,0.48906459971882715,61.899,0.038108334694379076,-0.13831687,33.419322089516925,0.198,0.083229996,0.035,0.0762,0.11691,22.5668608449876,0.313,96.60714,consumer-cyclical,0.9778922413172721,-0.45735233389247876,1.658904660460804,-0.09121523032880482,-0.6110025914949094,-0.29172660100990355,-0.35216656312582545,-0.4780880142212435,-0.125706354534237,-0.13554051369091485,-0.53937375203618,1.973296315876942,1.1400370180686519,0.7264815226285325,-0.33131480761120596,-0.2728753613930552,-0.53937375203618,1.973296315876942
MRP,0.18894444278317546,42.58,0.01748661931421996,-0.21054196,32.54177545429107,0.116,0.081199996,0.045760002,0.85156995,0.0,22.184728937692935,0.321,9.241993,consumer-cyclical,-1.1929273427264764,-0.4969379978086407,-1.133299870195673,-0.3428372363186132,-0.7033329975255306,-0.3708593047163107,-0.35445701608201574,-0.3293885417499694,2.4951023299383004,-0.5874671355015586,-0.8302921693516752,2.038804347819957,-0.34780958536692136,-0.9410550702435967,-0.4723431795201514,0.3059474091511892,-0.8302921693516752,2.038804347819957
YUM,0.18541761700386813,,0.01545436450980664,-0.08999008,43.97026072863482,1.316,,0.22694,0.32779998,0.35175,24.33977175384283,0.122,17.368153,consumer-cyclical,-1.2184374669027482,2.329504089103541e-16,-1.4084695623247223,0.07714847600715426,0.49910644368269297,0.7871802617189151,0.0,2.1744558000026157,0.7247204805489599,0.7722556360482998,0.8103498010086205,0.40929205323745627,-0.20941939236496812,-0.8756356764091567,0.4544783938029207,0.9178579791499688,0.8103498010086205,0.40929205323745627
SBUX,0.145110449937944,,0.01746877199014703,0.13068724,31.73687148796664,0.857,,0.08022001,0.12919,0.14717,25.397163237633816,-0.014,54.312138,consumer-cyclical,-1.5099859871269061,2.329504089103541e-16,-1.1357164188783528,0.8459570705669515,-0.7880203600464583,0.3442301275574412,0.0,0.14683674249773657,0.05340382659955562,-0.018567632192411063,1.61534580127759,-0.7043444897938005,0.41974434726251475,-0.8819008020017529,0.1340556126926448,0.04541823422622028,1.61534580127759,-0.7043444897938005
CHWY,0.5571573135192907,313.414,0.028956780873407188,-0.53477705,33.21775490017902,0.415,0.71988,0.06079,0.024619998,0.03309,22.713203344090932,0.073,28.000002,consumer-cyclical,1.4704182954084186,0.058015348693238086,0.4197735033093599,-1.4724264657413255,-0.6322103309892672,-0.0823144460795336,0.36616687713048757,-0.12167921475873794,-0.30005063649501046,-0.4595546223229237,-0.4279626727401838,0.008055357586488728,-0.028356795138526146,0.6494023824703389,-0.7289837476033755,-0.12877939911154612,-0.4279626727401838,0.008055357586488728
MHK,0.3109568587535408,27.604,0.02544216513948664,-0.034792006,43.97279237968165,0.376,0.055120002,0.03698,0.097849995,0.13457,22.85723126024289,0.068,16.519205,consumer-cyclical,-0.3103910119802846,-0.5276246225205016,-0.056109603156721706,0.26945076468071477,0.4993728094343222,-0.11995073198867841,-0.3838831241385296,-0.4507251052279996,-0.052527744872117664,-0.06727411953151047,-0.31831369390244646,-0.032887162377895636,-0.2238771531731016,-0.298041745885836,0.21629094737545285,-0.2386025234425393,-0.31831369390244646,-0.032887162377895636
GRMN,0.279747444940623,2.513,0.021590851585362565,0.13735402,44.42864389036582,0.353,0.21886998,0.12174,0.30438998,0.30131,24.736360998934266,0.114,29.941545,consumer-cyclical,-0.5361339524190823,-0.5790374230443599,-0.5775819907133075,0.8691831898710981,0.5473348816269972,-0.1421464903453536,-0.19912370483499095,0.7206285140989479,0.6455929217578279,0.5772750629225718,1.1122746424152339,0.3437840212944412,0.004708085505171707,-0.5642511220589166,0.42479052705091397,0.4360931984860892,1.1122746424152339,0.3437840212944412
TPR,0.32680591806838294,571.608,0.025790313578863147,-0.012461066,33.029448008770586,,1.97135,0.17543,0.19823,0.25280002,23.85606162582864,0.089,15.823935,consumer-cyclical,-0.19575209968387677,0.5870686593806188,-0.008969894754802928,0.34724860360951426,-0.6520228982582759,0.0,1.7782029170730367,1.4626055766480728,0.28676421356836185,0.3897551639789237,0.4420995130972969,0.13907142147251894,-0.23571774571477788,0.1274488883139797,-0.1015914315495872,0.9793319678170989,0.4420995130972969,0.13907142147251894
CMG,0.33474976630927145,246.35,0.026747619077579717,-0.20834368,46.03263895955133,-0.013,0.49560001,0.13075,0.16108,0.18312,24.422840507189857,0.093,29.583332,consumer-cyclical,-0.138292908971506,-0.07940237297317748,0.12065039635398361,-0.3351787394814715,0.716098010632553,-0.4953485581080974,0.11311132732269791,0.8451435696692146,0.16119442249230231,0.12040048049335275,0.873590346461042,0.17182543744402654,-0.0013923563032358392,-0.03234829519689996,-0.03814309565233864,0.3099624499943919,0.873590346461042,0.17182543744402654
MUSA,0.1972428793888672,352.932,0.025337798355050976,0.28535604,36.06790585882203,0.531,0.86394,0.121149994,0.049050003,0.06448,22.949428396455055,0.408,15.527727,consumer-cyclical,-1.132903354719421,0.1389898435759384,-0.07024098859091733,1.3848013104292551,-0.3323338518408455,0.029629378675871603,0.528710055883573,0.7124748370870955,-0.21747538417099724,-0.33821361934083405,-0.24812367722011433,2.751204195200246,-0.24076222949170603,-0.3547181665781333,0.3606989457547604,0.1713739723647093,-0.24812367722011433,2.751204195200246
ABNB,0.21480313999446357,32.004,0.022645392366978503,0.2919582,37.17220624188256,0.334,0.34542,0.061389998,0.21009001,0.20982,25.28964230606773,0.165,36.594532,consumer-cyclical,-1.0058870356132243,-0.5186087872686194,-0.4347959278708804,1.407802302786145,-0.21614572159804893,-0.1604821168139113,-0.056337070640443375,-0.11338745179402658,0.3268519384098148,0.22361184652144436,1.5334897231998876,0.7613977249311625,0.11800983626684586,-0.653097250250908,0.34372482145806166,0.09518481562419731,1.5334897231998876,0.7613977249311625
GM,0.1599743873406177,202.341,0.022449539788391003,0.3556267,42.421017418456735,-0.262,0.03164,0.02247,0.03202,0.08873,24.966644645027596,0.019,34.375,consumer-cyclical,-1.402472627347334,-0.16957916697319658,-0.46131459749614967,1.6296143585186076,0.33610397962316035,-0.7356417681434068,-0.41037565615441746,-0.6512482413350549,-0.27503807377354555,-0.24447295918423398,1.2875904236317286,-0.43412385802886316,0.08021074520119965,-0.6777887972722269,0.41002552333278713,-0.395283732611813,1.2875904236317286,-0.43412385802886316
CHH,0.20751166396341914,1481.726,0.023660832357405445,-0.01548779,44.132845677718244,-0.194,5.66362,0.09158,0.37729,0.47125,22.262108167954135,0.071,14.505667,consumer-cyclical,-1.0586275083838372,2.451949102056195,-0.2973041581702941,0.3367039249603427,0.5162126962290057,-0.6700195260454106,5.944198353798389,0.30382783973721195,0.8920004663295793,1.2341941469230917,-0.7713830786137446,-0.008321650399265062,-0.2581681236236917,0.3653391451673545,0.060965698381312605,2.0935552016970678,-0.7713830786137446,-0.008321650399265062
ADT,0.29034379468159294,223.863,0.01795915090170032,-0.29828572,27.100831276134812,0.017,0.17212999,0.051799998,0.24072,0.5219,22.2143255798671,0.02,8.444444,consumer-cyclical,-0.4594887721288212,-0.12547943827069458,-1.0693185371630969,-0.6485240953351724,-1.2757978273061357,-0.46639756894721673,-0.2518605266417896,-0.24591790494817273,0.43038360583812685,1.429986494837805,-0.8077601375197401,-0.42593535403598626,-0.36139201052696185,-0.5514289158542042,-0.7969064971961749,0.34064791727149235,-0.8077601375197401,-0.42593535403598626
GNTX,0.2521069730213287,0.441,0.01674574548607412,-0.2051006,35.391565097020546,0.258,0.16354999,0.1067,0.18993,0.22799999,22.24502067281486,-0.01,11.5026455,consumer-cyclical,-0.7360621357416055,-0.5832830618266099,-1.233615058406638,-0.323880307105888,-0.4034945339578918,-0.23382462268814228,-0.2615413573630271,0.5127809629583475,0.2587095899901305,0.2938883110262026,-0.7843918511001808,-0.6715904738222929,-0.30931020364353073,-0.8509867519916178,-0.3203998212506407,0.20095937665291339,-0.7843918511001808,-0.6715904738222929
TXRH,0.26758555595141625,68.842,0.019301021484837484,-0.047558486,13.859434133392952,-0.005,0.27714002,0.08718,0.08509,0.113199994,23.051743088154073,0.111,25.014399,consumer-cyclical,-0.6241029414610169,-0.4431257556757019,-0.8876276810573459,0.22497415264701887,-2.668981420662865,-0.48762829433186256,-0.1333775051427139,0.24302137530778095,-0.09565748662936031,-0.14988189148988176,-0.17023112857656703,0.31921850931581053,-0.07920223448468845,-0.6516187927313548,-0.9772118541159028,-0.03397387698854376,-0.17023112857656703,0.31921850931581053
PAG,0.19980189870733306,160.647,0.016876928825124624,0.14200008,31.567920440162297,-0.017,0.15842,0.04236,0.03966,0.043319996,23.30006014730485,0.06,14.559592,consumer-cyclical,-1.1143935374875744,-0.2550124021986459,-1.215852679919159,0.8853694062835528,-0.8057964168585944,-0.49920868999621487,-0.2673295350776706,-0.3763753828120135,-0.24921429978105306,-0.4200096087790319,0.018813555893809095,-0.0983951943209108,-0.2572497696708246,-0.8617528732017931,-0.1398785668570855,-0.32823220661244223,0.018813555893809095,-0.0983951943209108
CHDN,0.3564078351723728,349.173,0.02218424758766147,-0.21167582,36.21862588741236,0.144,0.33848,0.06481,0.36530998,0.33113,22.386228270489376,0.049,12.936752,consumer-cyclical,0.018363546631604635,0.1312874515959781,-0.49723547367784376,-0.34678744431020725,-0.3164759579374517,-0.3438383814994887,-0.06416748616554689,-0.0661242177118486,0.851507098671786,0.6925470829584403,-0.6768899910246325,-0.18846873824255653,-0.2848870720142796,-0.11586149181675369,-0.33570059458238255,0.3534406194382077,-0.6768899910246325,-0.18846873824255653
NKE,0.5096257092538873,74.289,0.022539434650491512,-0.5169811,36.202067405463254,4.28,0.22138001,0.06971,0.12687,0.10623,24.684380987305115,-0.011,16.857143,consumer-cyclical,1.1266142055602375,-0.431964561444565,-0.44914272737707694,-1.410427891042501,-0.3182181461018654,3.6475379908139227,-0.1962916330942884,0.0015920722209266226,0.045562052298170515,-0.1768250601021515,1.0727020696294363,-0.6797789778151698,-0.21812199882680594,0.08183563891286516,0.6396306512231854,-0.08149064216933569,1.0727020696294363,-0.6797789778151698
THO,0.4290846985105393,21.361,0.023698027340393075,-0.33636022,38.87180536533712,-0.665,0.04086,0.01757,0.02189,0.04823,21.99486522941915,-0.084,20.750751,consumer-cyclical,0.5440475255160682,-0.5404168633108426,-0.29226791370172417,-0.7811702722670247,-0.037323684274119064,-1.1245500558712367,-0.3999727121859082,-0.7189645312678302,-0.3092782348395074,-0.40102952563133926,-0.9748361042135922,-1.2775397692951826,-0.1518130456934749,-0.09621241716549954,-0.6476813374707935,-0.4573112509811462,-0.9748361042135922,-1.2775397692951826
COLM,0.19099765025160043,28.799,0.023175902663891107,0.10765147,49.57779578443085,,0.12658,0.06285,0.05027,0.1005,21.801335594577065,0.015,15.268617,consumer-cyclical,-1.1780761476982216,-0.525176003628229,-0.3629642093502917,0.7657037035317584,1.0890990067552375,0.0,-0.30325466912944227,-0.09321073368495882,-0.21335170265273562,-0.1989749150587419,-1.122170922367082,-0.46687787400037073,-0.24517492662156026,-0.6887387868922473,0.6182675700956654,-0.20219800513146963,-1.122170922367082,-0.46687787400037073
NCLH,0.43565149371619355,621.051,0.034171259257848405,-0.3976394,30.094461378634705,6.163,0.3673,0.042529996,0.14042,0.25548,22.630092593522384,0.049,8.884849,consumer-cyclical,0.5915462599642688,0.6883800099167127,1.1258200130995017,-0.994658274802024,-0.960825298469344,5.464695077145198,-0.03164982399933892,-0.37402609741948045,0.09136207030841559,0.4001148792121807,-0.49123519083080364,-0.18846873824255653,-0.3538918218832451,0.8019154276601611,1.1697371679579434,0.02145025702544423,-0.49123519083080364,-0.18846873824255653
AS,0.37392752547783265,15.993,0.02545307990276704,-0.22060084,32.73323135834842,5.0,0.091479994,0.06293,0.07926,0.16289,23.488195543663952,0.321,28.427084,consumer-cyclical,0.14508641393181088,-0.5514161823181389,-0.05463173136377173,-0.3778809526173504,-0.683189109270492,4.342361730675058,-0.3428580743043164,-0.09210516160442375,-0.1153633246367204,0.04219950915446539,0.16204172057990768,2.038804347819957,-0.02108349995264985,-0.15365383325003326,1.0937638895957384,-0.1270317628477488,0.16204172057990768,2.038804347819957
LOPE,0.38009521954702397,15.565,0.019992248912602772,-0.32412875,55.895930061083405,0.182,0.30979002,0.20431,0.22023001,0.31416,22.09728484323842,0.067,18.307972,consumer-cyclical,0.1896983827195711,-0.5522931772017311,-0.7940346738831112,-0.7385575594603788,1.7538567298239118,-0.3071671285623732,-0.09653844651236379,1.8617170977212467,0.3611259002270758,0.6269479488199865,-0.8968636779765174,-0.04107566637077253,-0.19341407954847142,-0.38554315612175705,0.23604401393371996,0.6883131250639863,-0.8968636779765174,-0.04107566637077253
TJX,0.2682882447916799,134.419,0.013339991139902297,-0.060986757,30.870839222778955,0.236,0.62171,0.13543001,0.10909,0.14276,25.70370006667602,0.054,24.50185,consumer-cyclical,-0.6190202748667155,-0.3087549765137292,-1.6947582048605672,0.1781919543002287,-0.8791392903353514,-0.25505534807278807,0.25540147481068765,0.9098196745770283,-0.014535683511582909,-0.03561490276109584,1.848713409298618,-0.1475262182781721,-0.08793105043625206,-0.874177818747004,-0.3186675613693036,0.27876764077875926,1.848713409298618,-0.1475262182781721
NVR,0.31968450511280266,32.15,0.017190539315250542,-0.22420883,47.8006084262302,-0.226,0.31544,0.16547,0.13889,0.15954,23.525558873170485,-0.109,15.999974,consumer-cyclical,-0.24726247762010828,-0.5183096254625341,-1.1733894504909468,-0.39045067986021254,0.9021135819488151,-0.7009005811503499,-0.09016356306733146,1.3249618526214517,0.08619055535965736,0.029249768473038087,0.19048655985708512,-1.4822523691171048,-0.23271976497284433,-0.646320517857863,-0.06307922635391579,0.33755965334670396,0.19048655985708512,-1.4822523691171048
APTV,0.5148302543573248,64.938,0.027471519105091692,-0.5035485,38.499591091470506,-0.353,0.05158,0.067150004,0.12675999,0.15757,22.912949362109796,0.023,19.643835,consumer-cyclical,1.1642595558490672,-0.45112526040828105,0.21866731198390385,-1.3636306110715282,-0.0764859278028086,-0.823459768598078,-0.38787731529410563,-0.03378617907759275,0.04519021023312933,0.02163454783351223,-0.2758952993598407,-0.40136984205735565,-0.17066405513421323,0.31060053580823,-0.7545254358241383,-0.08870968407626421,-0.2758952993598407,-0.40136984205735565
HOG,0.38274704958684347,74.04,0.024101571671519526,-0.120170176,39.2437816473377,-0.15,0.06093,0.01623,0.05633,0.100810006,21.656410300237205,-0.059,13.497238,consumer-cyclical,0.20887951551242767,-0.43247477575768284,-0.23762753636550465,-0.027994713104621073,0.0018135191202454794,-0.6275580752761191,-0.3773276920722443,-0.7374828636167934,-0.19286844736549685,-0.1977765576528654,-1.2325030784982458,-1.0728271694732603,-0.27534187899385015,-0.15374093220358662,-0.2179130897534982,-0.37636389017685,-1.2325030784982458,-1.0728271694732603
TOL,0.25132075322112785,34.101,0.021890553733101423,-0.026298821,42.97592506201441,-0.204,0.14393,0.06903,0.1456,0.15635,23.242316870435122,-0.097,10.955284,consumer-cyclical,-0.7417489958214663,-0.514311922149711,-0.5370019672120104,0.2990398208790878,0.39448816797571346,-0.6796698557657042,-0.28367863031668356,-0.007805290463621801,0.10887085948133593,0.016918522868932768,-0.025146611778341366,-1.3839903212025824,-0.31863188370235784,-0.5976876283943958,0.004619377696365705,-0.04142363460750917,-0.025146611778341366,-1.3839903212025824
CROX,0.24250301793494927,121.993,0.028244401290822098,0.44270587,41.520986593785594,,0.42299998,0.11993,0.24221,0.22850001,22.450386644200748,0.026,10.88219,consumer-cyclical,-0.8055291585456055,-0.3342165148864311,0.32331646948010573,1.932985879901655,0.24140791659219252,0.0,0.031196571986245373,0.695614945776841,0.4354199177816889,0.2958211854547182,-0.6280459866864765,-0.376804330078725,-0.3198766897075663,-0.27214306798397697,0.7247979321646159,0.3645131552498734,-0.6280459866864765,-0.376804330078725
ORLY,0.2171649969906197,,0.016363409091678202,-0.18005145,40.06683727282849,0.103,,0.13670999,0.2015,0.22451,24.958724227797294,0.081,27.28754,consumer-cyclical,-0.9888033266270739,2.329504089103541e-16,-1.2853838561514799,-0.23661260870164086,0.08841069474247663,-0.38340473335269226,0.0,0.92750855147257,0.2978170592431591,0.280397425808061,1.2815605810534665,0.07356338952950389,-0.040490171011823915,-0.7580623942595178,-0.17720221577061882,0.37643075913094753,1.2815605810534665,0.07356338952950389
ARMK,0.13998355911672586,186.724,0.01656019633886343,0.4139185,30.4745577875199,0.333,0.11694,0.04244,0.04422,0.07276,23.370654154737984,0.093,37.978725,consumer-cyclical,-1.5470696509287374,-0.20157923495697946,-1.2587386312981355,1.8326947513399483,-0.920833742061497,-0.16144714978594066,-0.3141314999164737,-0.37526981073147847,-0.23380115718867533,-0.3062064990894258,0.07255703169984566,0.17182543744402654,0.14158293062161517,-1.0024625057279508,0.2501379531641702,-0.3073522417315133,0.07255703169984566,0.17182543744402654
HAS,0.2730923209660961,531.042,0.019133228442664234,0.17413867,38.57433826276067,,1.5956,0.13079001,0.22157,0.26143998,23.23827955030373,0.162,15.685152,consumer-cyclical,-0.5842715837120035,0.5039467564651977,-0.9103470564309172,0.9973357116974193,-0.06862146066473462,0.0,1.3542434597880735,0.8456964939059923,0.36565516710040036,0.4231537435305368,-0.028220238346548437,0.7368322129525319,-0.23808124903681313,-0.33022396122590764,0.3095714170108949,0.7471872160812507,-0.028220238346548437,0.7368322129525319
DHI,0.23796033994334279,29.451,0.02242926315159296,-0.19160289,43.33972436482091,-0.048,0.12632,0.06884,0.1299,0.12376001,24.36665556628398,0.0,13.22846,consumer-cyclical,-0.8383871126692874,-0.5238400207681774,-0.46406007798069016,-0.27685619309691,0.4327650366838202,-0.5291247121291248,-0.30354802763614647,-0.010431024154892625,0.05580367994178983,-0.10906115453712878,0.8308165456522596,-0.589705433893524,-0.2799192241722221,-0.6087624038060517,-0.12440528951407154,-0.09180913159659451,0.8308165456522596,-0.589705433893524
OLLI,0.5342115301078808,38.281,0.026489249608173122,-0.32011908,58.461818958709074,0.434,0.14862001,0.067379996,0.10815,0.13356,22.350114536545515,0.091,19.161076,consumer-cyclical,1.3044475838464005,-0.5057468786604229,0.08566686614026976,-0.7245884358669412,2.0238247910498175,-0.06397881961097585,-0.27838688289350044,-0.030607769903262395,-0.01771295413369589,-0.07117836970710488,-0.7043835086339838,0.15544842945827272,-0.17888554119693287,0.29478919044208246,0.41175251185730016,-0.09947149415939091,-0.7043835086339838,0.15544842945827272
AN,0.31820155681052686,501.585,0.020174453305491193,-0.2997499,29.776551638708895,1.385,0.32766998,0.05435,0.04449,0.055209998,22.37290347852582,-0.006,7.2990265,consumer-cyclical,-0.25798889216544973,0.4435877885073125,-0.7693639846630451,-0.6536250915226491,-0.9942739314994103,0.8537675367889406,-0.07636445279878598,-0.2106777672418141,-0.23288853690360037,-0.3740476856143599,-0.687034203834652,-0.6388364578507855,-0.38089870851134994,-0.19458836277372746,-0.2647104954110397,-0.2234946106396401,-0.687034203834652,-0.6388364578507855
HLT,0.1357496338960556,,0.014886758920588928,0.24923718,45.29302400923131,0.141,,0.11026,0.62987,0.60502,24.994328030819393,0.025,47.409836,consumer-cyclical,-1.577694344319053,2.329504089103541e-16,-1.485324027078149,1.2589683068668498,0.6382799825891893,-0.3467334804155768,0.0,0.5619789205421598,1.745739842641588,1.7512946875065305,1.3086658863888168,-0.38499283407160184,0.30219671025588823,-1.021006123799067,0.516838269680154,1.0147533626725695,1.3086658863888168,-0.38499283407160184
TSCO,0.4742449161643216,248.71,0.020514512039426877,-0.43651646,38.3527855638669,-0.15,0.39513,0.07824,0.120740004,0.12262999,23.51463617915723,0.023,16.3822,consumer-cyclical,0.8706989770662825,-0.07456660679262245,-0.7233196318979942,-1.1301004573480913,-0.09193196044321837,-0.6275580752761191,-0.0002491807625045581,0.11947369530798271,0.024842205272138682,-0.11342935333259939,0.18217107299378127,-0.40136984205735565,-0.22621037678575906,0.024270912791888605,-0.6165301643558095,0.007659341621254364,0.18217107299378127,-0.40136984205735565
DRI,0.15122098464229103,414.393,0.017120292095724327,0.008372545,37.61725368702357,-0.067,0.55431,0.0765,0.09854999,0.16027,23.811665907739364,0.051,18.94608,consumer-cyclical,-1.4657874616409303,0.26492671867046846,-1.182901006683592,0.41982995991978456,-0.16932039099646318,-0.5474603385976825,0.17935392345737686,0.09542750255634402,-0.050161709181558115,0.032071652263319275,0.40830089069605874,-0.1720917302568028,-0.1825469677421459,-0.7945872498846848,-0.09898358989145371,0.06417284227387052,0.40830089069605874,-0.1720917302568028
ONON,0.4714596155571835,29.429,0.030956787621767644,-0.30240792,44.613050690748075,,0.23951,0.0958,0.14019,0.15228,23.01540625048515,0.135,20.852114,consumer-cyclical,0.8505524292063844,-0.5238850999444368,0.6905767706984816,-0.6628852575447479,0.5667371037661308,0.0,-0.1758355300444366,0.3621467669854389,0.09058465302853695,0.0011855543395570438,-0.19789449586701882,0.5157426051448559,-0.15008681274540878,0.3390813666534764,-0.032049384592872356,0.06952036107727406,-0.19789449586701882,0.5157426051448559
AZO,0.34098703819896187,,0.018650632945612984,-0.3238914,39.21194735687214,0.15,,0.11354999,0.19969,0.21349001,24.546892775944844,0.056,19.76271,consumer-cyclical,-0.0931776721030653,2.329504089103541e-16,-0.9756910546628682,-0.7377306656050484,-0.0015359016927298718,-0.33804818366731254,0.0,0.6074454341576562,0.29169912325802666,0.23779861601345773,0.9680317919453857,-0.13114921029241833,-0.16863958918804592,-0.35628957558864444,-0.3591049169883636,0.28423579335728516,0.9680317919453857,-0.13114921029241833
HD,0.2631443991209745,380.261,0.01616729110457531,-0.274495,27.529485845030194,0.046,1.0429599,0.121379994,0.12858,0.14569001,26.371650863584765,0.057,19.922268,consumer-cyclical,-0.6562265759471861,0.19498842575745864,-1.311938462402073,-0.5656405891970443,-1.2306972607900266,-0.4384116127583655,0.7306985579386851,0.715653356818634,0.051341980770312115,-0.024288673001696227,2.3572267916461307,-0.12296070629954142,-0.16592228330002431,-0.5910588708639334,-0.7449164875818122,0.36835130563148377,2.3572267916461307,-0.12296070629954142
TNL,0.21056639442444566,,0.02269065659877905,0.06544542,31.1950106130964,0.062,,0.0736,0.19755,0.22814,22.056033506239217,0.044,17.282124,consumer-cyclical,-1.0365321290648362,2.329504089103541e-16,-0.4286670976169349,0.6186637903117659,-0.8450318424914913,-0.4229710852058958,0.0,0.05535051463694634,0.28446576248002486,0.2944295328748016,-0.9282684715644612,-0.229411258206941,-0.21088448410741042,-0.48839974222725696,-0.2164463791285404,0.1585614524979432,-0.9282684715644612,-0.229411258206941
DECK,0.35910368305323137,20.521,0.02827781477723983,-0.25163776,36.53800397494495,0.011,0.42558,0.20319,0.15233,0.24008,23.088003823730613,0.057,11.052334,consumer-cyclical,0.03786306787377634,-0.5421380682225656,0.3278406948629458,-0.4860091954502108,-0.2828728338236227,-0.4721877667793929,0.034107613580348785,1.8462390885937554,0.13161876510561263,0.3405847280199481,-0.1426256980871195,-0.12296070629954142,-0.3169791020403133,-0.05881143516194781,-0.4136899320177421,0.5881375488249162,-0.1426256980871195,-0.12296070629954142
BBWI,0.4439873917362503,,0.03712436736457341,-0.3766082,35.88949086059594,0.933,,0.13415,0.095769994,0.18255,21.88959702398667,-0.023,4.178478,consumer-cyclical,0.6518412126835244,2.329504089103541e-16,1.5256743260462025,-0.9213885463410023,-0.3511056510443461,0.4175726334316722,0.0,0.8921303830919566,-0.059558304522400164,0.11819709178039343,-1.0549771736544253,-0.7780410257296926,-0.4340422977573106,0.7258385129099091,-0.28497385465122543,0.23769229258748745,-1.0549771736544253,-0.7780410257296926
H,0.23330750393222027,124.421,0.02133235714797339,0.124522805,34.878042930143266,,0.02157,0.02192,0.16749,0.2469,23.427453672441693,-0.066,200.70885,consumer-cyclical,-0.8720418582799075,-0.32924141307016525,-0.6125824417389284,0.8244810502463983,-0.45752438065806267,0.0,-0.4217376567794596,-0.6588490493887338,0.18286070407500868,0.36694808069079404,0.11579871207045322,-1.1301466974233987,2.9129107663991514,-0.6046219043630003,0.12231888986277854,-0.13269448035059772,0.11579871207045322,-1.1301466974233987
ULTA,0.36228460523296885,95.472,0.02199934654885657,-0.017801464,55.90418243687529,0.133,0.46117002,0.14843,0.12505999,0.14931,23.873984800088383,0.089,19.962353,consumer-cyclical,0.06087121312332645,-0.3885594618671512,-0.5222712919284854,0.32864341173583217,1.754724997306227,-0.35445374419181164,0.07426390250639266,1.0894749994674735,0.03944408251228683,-0.010295260533230675,0.45574449115167687,0.13907142147251894,-0.16523962742240395,-0.28331984689077006,0.576304888283416,0.2982219309882306,0.45574449115167687,0.13907142147251894
BROS,0.48519979627195153,123.827,0.032290797344258965,-0.27192813,31.24525697217848,0.373,0.14562,0.03788,0.12876001,0.1711,22.634774781638654,0.325,53.555553,consumer-cyclical,0.9499374678138176,-0.3304585508291693,0.8712032570219155,-0.5566979768927183,-0.8397452097937147,-0.12284583090476647,-0.2817718000231065,-0.4382874193219797,0.05195042809444677,0.07393603780954522,-0.48767062390939153,2.071558363791465,0.4068595475327061,0.49689405800218794,-0.5064296725303998,-0.14854318836027353,-0.48767062390939153,2.071558363791465
MCK,0.27169101487185365,,0.0192332968769947,0.13987088,47.919589001439086,-0.176,,0.04743,0.01348,0.01721,25.32388582342031,0.077,22.908773,healthcare,-0.37301662254232504,3.507929988996223e-17,-0.5468279177850468,-0.1479737447043803,-0.13706360220964084,-0.6316212718170984,3.134317891950319e-17,0.05782460579061331,0.0952168403691685,-0.7255742573848595,1.0229140462562714,-0.17039587102297857,-0.22176761188878433,-0.3066148467757906,-0.3055528729103732,-0.1431332028062694,1.0229140462562714,-0.17039587102297857
GEHC,0.3246644908942033,93.965,0.021755353431638896,-0.1348607,32.91766611699143,0.168,0.19376,0.05131,0.14976,0.16896,24.108561817193216,0.058,15.062212,healthcare,-0.017682220883101216,-0.12279100093582912,-0.3518866558163712,-0.5000711959589565,-1.4677156043246147,-0.27312328073345854,0.1828649660145839,0.08452856804477862,0.10073572558925092,-0.09032269645292719,0.12010065835869398,-0.2283316747956745,-0.27690416566264825,-0.16411995921176717,-0.7469700270056766,0.06945164079892156,0.12010065835869398,-0.2283316747956745
SHC,0.3214470358866406,340.734,0.01805957329580073,0.17128468,49.84755751847017,5.695,0.27781,0.08603,0.37956002,0.47409,22.386543967203245,0.092,32.438595,healthcare,-0.03926419993796669,0.029495471764610395,-0.637550370340289,-0.10771365187405839,0.03394482030809045,5.486813919031882,0.37269307296264087,0.32348773543256704,0.11004185953372292,1.1870038853405522,-1.1591143996865332,-0.1246570785708502,-0.15480304701018954,-0.21577303283788177,1.804348362488638,0.49830663831737076,-1.1591143996865332,-0.1246570785708502
MDLN,0.367073448143584,66.258,0.028795932752665357,-0.14682925,51.499487954706474,2.62,0.04935,0.02464,0.0082,0.0841,24.56672155711294,0.116,43.375,healthcare,0.2667877172958186,-0.13988958827504547,0.19231185365166378,-0.515410153170257,0.18046900652499848,2.2822170510603925,-0.14328704974233336,-0.09902676013011535,0.09500301798905376,-0.4455612299664941,0.4604483721171819,-0.0514750106474448,-0.07795464394861204,0.10640332755747899,0.649091968138378,-0.14821800546247227,0.4604483721171819,-0.0514750106474448
BDX,0.23077320671511958,68.84,0.016333356362403278,0.2122438,49.44473023414289,-0.314,0.06607,0.0434,0.15732999,0.27224,24.610119532245967,0.054,31.458698,healthcare,-0.6474842612611011,-0.13829618038137756,-0.7709775557095205,-0.055220226263393804,-0.0017854615048045353,-0.7754373263797214,-0.10552469461834155,0.03008827386167359,0.1010422849224412,0.3420251204370231,0.49268691324448005,-0.2405286861162421,-0.16168862957729735,-0.5189193324506665,-0.27748100471597326,0.09190774615069909,0.49268691324448005,-0.2405286861162421
STE,0.25366849180406753,28.312,0.015865193040214595,-0.13098186,31.58963189322057,0.14,0.11389,0.06797,0.19153,0.27172002,23.74251921802465,0.073,25.642248,healthcare,-0.49390773506776076,-0.1633068833692059,-0.8071640356149185,-0.4951000540253489,-1.5855105971631585,-0.30230334977515017,0.002477447847524985,0.19919042658972552,0.10242727119860551,0.3398483948577587,-0.15181708322869406,-0.18259288234354615,-0.20255991168394138,-0.488126218017295,-0.7943046669878857,0.16098588512340367,-0.15181708322869406,-0.18259288234354615
GMED,0.2402396427344122,2.347,0.030776518353447944,0.29031706,31.326860282090053,-0.262,0.118140005,0.08736,0.24755,0.32125,23.031456946822836,0.059,19.354006,healthcare,-0.583985494872022,-0.1793304449335309,0.3454003542812678,0.04483887818006284,-1.6088181140157005,-0.7212457695880083,0.012076143905464031,0.332641413215567,0.10469589425429245,0.5471893972164235,-0.6800355128660512,-0.2252824219655326,-0.24674640219565344,-0.1393051951747617,-0.7617416684745487,0.24915071214793671,-0.6800355128660512,-0.2252824219655326
MEDP,0.3660548890526092,33.216,0.02787351385036705,0.160285,58.865400009071585,0.371,1.6215401,0.20096001,0.20757,0.21968001,23.580993742046925,0.172,36.63028,healthcare,0.25995544740676324,-0.16028051919006284,0.12101388670216354,-0.12181090015041574,0.833816293938723,-0.061567780181194395,3.4075263999361476,1.1144894490693815,0.1030768376715298,0.12199997585668217,-0.2718076054696992,0.11928314784050105,-0.1253487337886905,0.07356293830628798,0.21681253786903765,1.1867731656334353,-0.2718076054696992,0.11928314784050105
BIO,0.28856510165160504,19.103,0.023000454996462975,0.27387142,60.072455880369176,0.187,0.0311,0.01663,0.111829996,0.17031999,23.035729552876138,-0.001,46.062195,healthcare,-0.259828967518534,-0.16898995590707877,-0.255647073131747,0.023762058659531838,0.9408806565659883,-0.253322519598025,-0.18450493138185792,-0.15415530076307002,0.09919968700344767,-0.0846295447537389,-0.6768615724794803,-0.40823759177404606,-0.05907214604687414,-0.22815533218578662,0.23710673187583173,-0.08102252247380479,-0.6768615724794803,-0.40823759177404606
SYK,0.30005169023575656,64.391,0.01870479924140091,-0.23916483,31.458639553460245,0.441,0.16508,0.08162,0.27015,0.28548,25.383228956929482,0.094,28.89717,healthcare,-0.18277946297152026,-0.14104175424618332,-0.5876779121439755,-0.6337479226327739,-1.5971294556592583,0.011382392423034645,0.1180907827038133,0.29313606699419875,0.10561111883584413,0.3974500342211338,1.0669975788264856,-0.11855857291056643,-0.17968808517513926,-0.30383304312055964,-0.7398316619563325,0.2285720006887475,1.0669975788264856,-0.11855857291056643
EW,0.13185546345365326,6.568,0.015942610554622576,0.1542393,41.7317159806888,-0.254,0.09175,0.083680004,0.29839,0.30662,24.630373768765658,0.136,51.380955,healthcare,-1.311002681318423,-0.17672557478667877,-0.8011800825868314,-0.12955910136212134,-0.6859202846040431,-0.7129086070046678,-0.04752605349489002,0.307313971390959,0.10675474459615472,0.4859457047193285,0.5077329386648022,0.009510045955393035,-0.021698053530384884,-0.7629694462306444,-0.5094626643236108,0.21312209180288805,0.5077329386648022,0.009510045955393035
MDT,0.28904736066971554,55.365,0.015001717790910423,-0.081426024,42.05825872570913,0.407,0.106479995,0.05118,0.19332,0.27724,25.427165917425395,0.137,21.465174,healthcare,-0.25659408031625264,-0.1466118935367513,-0.8739059786011332,-0.43158903155610895,-0.6569563470618841,-0.024050548556162343,-0.014258152647723541,0.08363384765997413,0.10249976022519743,0.3629559791168232,1.0996365096432812,0.012559298785534929,-0.23191155569950547,-0.425703984151379,-0.3708653090580518,0.13370785858856782,1.0996365096432812,0.012559298785534929
TECH,0.392571294973072,13.712,0.02804275126614116,0.16572714,55.91312267688495,,0.09032,0.06671,0.27871,0.27497998,23.153770702837633,0.013,62.47414,healthcare,0.437821654032991,-0.17231685829079824,0.13409501897993537,-0.11483622463851946,0.5719529466110691,0.0,-0.0507557286041788,0.1905185213216203,0.10595777027027255,0.35349514727011894,-0.589173737826315,-0.3655480521520596,0.05625201800744179,0.1331999382407094,0.15237224065751656,0.14980392756445826,-0.589173737826315,-0.3655480521520596
MRK,0.11365481088383893,128.408,0.018240069210802717,0.66774666,57.80578177652298,,0.06961,0.11868,-0.00241,0.4337,26.605207589675828,0.051,116.248,healthcare,-1.4330886472832354,-0.10153548270128088,-0.6235990172725375,0.5285546570069245,0.7398294674846255,0.0,-0.09752955483730501,0.5482002013084684,0.0945733483956793,1.0179244089251271,1.9747544105153954,-0.24967644460666777,0.43411250026434794,-0.7194077157523512,0.42279470816385006,0.39079210094799244,1.9747544105153954,-0.24967644460666777
BIIB,0.14335419717590278,44.329,0.021238224705557925,0.47237718,57.935469079198725,-0.848,0.04575,0.052059997,0.25058,0.33499,24.231063214113778,0.034,40.12078,healthcare,-1.2338717098618694,-0.15342244718296313,-0.39185789527047615,0.2781680943812084,0.7513325708056855,-1.3319429288176972,-0.1514177003671163,0.08969039577125726,0.10481859914288101,0.6047073968685142,0.21110182398149557,-0.3015137427190799,-0.10082153761349062,-0.5930506841051029,-0.10081408787693442,0.16194967285388404,0.21110182398149557,-0.3015137427190799
ELV,0.2649437171779476,68.953,0.022025392681877486,0.18057477,47.11451839552808,-0.131,0.11133,0.03832,0.04559,0.041389998,25.157921960901703,0.014,17.181618,healthcare,-0.41827600835021933,-0.1382264456439707,-0.3310140896855089,-0.09580742321652427,-0.2084723690624533,-0.5847247322858083,-0.0033043481523206664,-0.004874645790687173,0.09651718821490408,-0.6243526331816899,0.8996264322362515,-0.3624987993219177,-0.26201143203225274,-0.295838847893233,-0.29633484152159534,-0.1340036097274484,0.8996264322362515,-0.3624987993219177
BMRN,0.2248752067782549,66.473,0.022133903112534308,0.091323376,36.521427886293054,-0.813,0.011820001,0.03257,0.21162,0.18943001,23.175513704569664,0.199,162.16216,healthcare,-0.6870467449023058,-0.13975690713750147,-0.3226268232500861,-0.21019248353000544,-1.1480663933266095,-1.2954678425155826,-0.22804908024718132,-0.044448816657040376,0.10324084915627688,-0.0046317191561082785,-0.573021770979468,0.20161297425433217,0.7567441030546395,-0.3831434917632978,-0.8845755731240659,-0.04347219172601328,-0.573021770979468,0.20161297425433217
EHC,0.2609036139308681,82.121,0.018133177307734137,-0.0077096224,48.89050413413973,0.108,0.24968,0.09803,0.18054001,0.23582001,23.20695506330848,0.096,20.626486,healthcare,-0.44537613048184643,-0.13010018881057842,-0.6318611803235805,-0.3371136999651111,-0.050944630984212626,-0.33565200010851204,0.3091610723862121,0.40607730941452164,0.10198221327829546,0.18956478767507676,-0.5496653002295677,-0.11246006725028264,-0.23780488476576708,-0.4024458332053351,-0.2412367770192786,0.2516963456885265,-0.5496653002295677,-0.11246006725028264
BSX,0.593922654744327,50.151,0.024216103697380385,-0.54396176,37.37971772366171,0.151,0.15338999,0.06191,0.22895999,0.272,24.870501252831758,0.075,17.672066,healthcare,1.7884421969893212,-0.1498295654025857,-0.16168403672360684,-1.0243772860398475,-1.071937146476959,-0.29083975122305705,0.09168873072875257,0.15748269172883847,0.10394306088600522,0.3410204392203928,0.6861136061298113,-0.17649437668326237,-0.2585651308405225,0.4923095316210429,-0.7957180612466211,0.17353373064099728,0.6861136061298113,-0.17649437668326237
THC,0.34080885169323627,152.276,0.02748306130714643,0.26659453,43.43108213066488,2.134,0.37337002,0.083179995,0.18159,0.22208,23.74746095550695,0.068,9.95947,healthcare,0.09061059309562855,-0.08680602506918732,0.0908340275811833,0.014435957808439632,-0.535188609257523,1.7757344241224595,0.5885167219396601,0.3038726771995304,0.10202473436937437,0.1320467461612688,-0.14814607308190672,-0.19783914649425557,-0.3127603335656512,0.03154619853587484,0.4183272575577921,0.2816152199174584,-0.14814607308190672,-0.19783914649425557
NVST,0.2597488615631119,51.62,0.02393874821095655,0.14587426,30.937775142520366,1.113,0.030569999,0.03229,0.1039,0.14220001,22.050260606010077,0.071,40.46552,healthcare,-0.45312195485418144,-0.14892301381629672,-0.18312210814109178,-0.14027978102931715,-1.643329484587957,0.7117040494236333,-0.18570194609346502,-0.046375906716619335,0.09887854862863321,-0.20234461024549988,-1.4089252477046692,-0.18869138800382995,-0.0983991036901449,-0.26172235893719,-0.3573017387312136,-0.08388597860673776,-1.4089252477046692,-0.18869138800382995
BMY,0.12527188078701607,201.859,0.01711076599727222,0.32532156,41.515562419219144,1.531,0.46598998,0.10719,0.34418,0.38487,25.571110778611057,0.057,13.835919,healthcare,-1.3551639028066367,-0.056207286265261815,-0.7108880168730931,0.08970083119049146,-0.705092838119303,1.1473207944031723,0.7977002040622627,0.46912068422074693,0.10860908679036939,0.8135136430581996,1.2065671282533044,-0.2313809276258164,-0.28552113428584674,-0.7074197353149971,0.1773095958247869,0.5472359045328946,1.2065671282533044,-0.2313809276258164
TMO,0.31382696370336965,80.575,0.01810491851364822,0.28051925,69.56125606965375,0.094,0.13515,0.05129,0.18751,0.25335,26.243117071355105,0.105,36.62778,healthcare,-0.0903779646586412,-0.13105425875775525,-0.6340454314937923,0.032281952875456044,1.7825254954839387,-0.3502420346293579,0.05049345681499301,0.08439091875480871,0.10226447461374542,0.2629483363447386,1.7057725045415588,-0.08501679177900563,-0.12536630089668016,-0.28515921830339624,0.4881884712433456,0.12502429663207143,1.7057725045415588,-0.08501679177900563
HALO,0.24129018193799387,1517.687,0.02352214293124815,0.5561445,56.20915234973129,0.429,1.73674,0.25492,0.59803003,0.63152003,23.25140589721276,0.477,32.375366,healthcare,-0.5769387094361038,0.7558185549079566,-0.2153234316283146,0.3855247363457998,0.5982104123967908,-0.0011233514519760567,3.6677069940777947,1.4858671645835921,0.11888916588256544,1.8460330273178895,-0.51664463434428,1.0493052610337779,-0.1552473472786215,-0.012147862052153948,0.3275372657635382,1.7796240879654606,-0.51664463434428,1.0493052610337779
HCA,0.33619968961924157,,0.019611416339262656,0.013049483,54.968798174339774,0.116,,0.12291,0.15161,0.20185,25.249282973371137,0.087,14.470668,healthcare,0.05969334977517315,3.507929988996223e-17,-0.5176013387800287,-0.31050872029125953,0.48819253138718877,-0.3273148375251716,3.134317891950319e-17,0.5773130261371074,0.10081064441561687,0.04736049194279771,0.9674947083228431,-0.1399033427215597,-0.2810608525941086,-0.15263599633495184,-0.04987700880974746,0.1813710406238805,0.9674947083228431,-0.1399033427215597
NBIX,0.2541778646710748,12.497,0.021037299128194364,0.009853959,38.152609504222056,0.311,0.22089,0.11704001,0.2219,0.2707,23.391737714293622,0.395,20.736841,healthcare,-0.49049097414304627,-0.1730666609983143,-0.40738835018470515,-0.3146041208120982,-1.0033826016267775,-0.12409649955624785,0.24413845252857305,0.5369130283555795,0.1036571548508942,0.33557841596364474,-0.41239799512754133,0.7992665289621429,-0.23702943748488636,-0.35698199510868855,-0.4806944073317079,0.30507176292467286,-0.41239799512754133,0.7992665289621429
CAH,0.20418308733997761,,0.01850322126731171,0.41303802,41.32609915253608,0.688,,0.037219997,0.013300001,0.01669,24.66527384100482,0.058,30.945757,healthcare,-0.8258449214946699,3.507929988996223e-17,-0.6032587937787179,0.2021187119418561,-0.7218979955035221,0.2687922871836713,3.134317891950319e-17,-0.012445377386426516,0.09520955101034308,-0.7277510666875586,0.5336587430549604,-0.2283316747956745,-0.16529298555303237,-0.4763679050911293,-0.0836623321259982,-0.1612467232659105,0.5336587430549604,-0.2283316747956745
UTHR,0.2087103965955483,,0.02175864050348361,0.08576131,54.8680914399633,0.134,0.19315,0.11607,0.42231998,0.47431,23.86922842636176,-0.019,19.415623,healthcare,-0.7954767288396182,3.507929988996223e-17,-0.3516325830310443,-0.21732085684009142,0.47925996862462206,-0.3085562217126555,0.1814872724364957,0.5302369689673933,0.1117734952194825,1.1879248431224634,-0.05769011044570791,-0.4631241427166001,-0.24631342919845325,-0.3823697706235542,-0.015539036642708282,0.5028556449364587,-0.05769011044570791,-0.4631241427166001
SOLV,0.27455302854371383,110.313,0.018697034796523456,0.19731903,51.65407420627838,0.039,0.33960998,0.026989998,0.09778,0.13706,23.43166410333354,0.022,10.776283,healthcare,-0.3538188656271117,-0.11270229750992561,-0.588278061526078,-0.07434789071886254,0.19418061581255547,-0.40756002738982355,0.5122691968511331,-0.08285298232357824,0.09863070905168207,-0.22386157483005173,-0.3827383501514279,-0.3381047766807826,-0.3070207166942993,-0.35159974155437174,-0.09590910076537688,0.07604633718729631,-0.3827383501514279,-0.3381047766807826
HUM,0.448964497271103,76.485,0.02964119875326179,0.5677352,49.8637970407708,0.271,0.06893,0.03896,0.034649998,0.02468,24.54796564601068,0.262,36.270912,healthcare,0.8160948258324804,-0.13357828597894103,0.2576463206968448,0.4003794389914017,0.03538524584748087,-0.16578231247295014,-0.099065344399764,-0.0004698685116495865,0.09607415464177911,-0.6943035545172381,0.4465153900000077,0.3937159025532713,-0.12787395637430546,0.3133876201834614,0.08999412412197749,-0.17444115319671816,0.4465153900000077,0.3937159025532713
OGN,0.4796103558711869,850.199,0.04140138828832639,0.2559415,52.1738769874425,-0.283,0.24037,0.05669,0.20732,0.25526,22.00357427799501,-0.023,17.564102,healthcare,1.021660490890965,0.34389731241043475,1.1666450442721494,0.0007829780121652404,0.2402864794934052,-0.743130821369277,0.28813430646489846,0.12155622704668821,0.10306671350580467,0.27094392436042203,-1.4436065686921724,-0.4753211540371677,-0.2593237769393219,0.8440676158578496,-0.16735378795456887,0.19592529284445334,-1.4436065686921724,-0.4753211540371677
CAI,0.5584218557257216,76.454,0.042316353795992495,0.040224195,69.53883066281432,,0.20129,0.08769,0.1021,0.17584999,22.881808468963445,0.454,3.197286,healthcare,1.550310661645513,-0.13359741674761016,1.2373669043326603,-0.2756814651436091,1.7805363896380428,0.0,0.19987157690475488,0.3349126265000708,0.0988056546354123,-0.06148001505388,-0.791203109817729,0.9791724459405144,-0.3602771401953023,0.8846933830768543,0.5016183081648112,0.14302746074658948,-0.791203109817729,0.9791724459405144
UNH,0.28960658990805993,69.211,0.02174787950461465,0.07648575,40.02388319408945,0.615,0.14152999,0.04871,0.071329996,0.05922,26.520809075050817,0.004,23.591259,healthcare,-0.2528428938410889,-0.1380672282789179,-0.3524643497476534,-0.2292084637724975,-0.8374029401456154,0.19271567861068967,0.06490275394821769,0.06663416034868849,0.09755957215597673,-0.5497131827571793,1.9120582829545845,-0.3929913276233366,-0.21697188978340476,-0.24779149062255337,-0.2912985751024744,-0.0801541740760741,1.9120582829545845,-0.3929913276233366
IDXX,0.34170707853535687,67.971,0.020151989812465354,-0.1397655,42.497710483294696,0.176,0.74211,0.27085,0.3498,0.35616,24.440215426952832,0.097,37.459827,healthcare,0.09663570078092595,-0.1388324590256833,-0.47581794781725517,-0.5063572136745517,-0.617977519776324,-0.26478611815011815,1.4213211521533944,1.5955048240446368,0.10883667803587029,0.6933286525187875,0.36647225762058755,-0.10941081442014074,-0.11951963709608242,-0.1726715686873375,-0.46304028386699797,0.9547478266881723,0.36647225762058755,-0.10941081442014074
PEN,0.13715145703068266,13.896,0.017778315245466518,0.2773304,39.98745351077654,-0.235,0.1137,0.064169995,0.105220005,0.13575,23.252127901681373,0.149,78.21621,healthcare,-1.2754783236551488,-0.17220330792192337,-0.6592900887340091,0.028195105788444193,-0.8406342079910856,-0.6931078458692342,0.00204833017566142,0.17303702708311736,0.09893200442614522,-0.22934545980415924,-0.5161082874137114,0.04915033274723757,0.1668690754759214,-0.7023239067703604,-0.5018489826906252,0.011167975470191181,-0.5161082874137114,0.04915033274723757
COR,0.3244224206150907,446.516,0.019571563527061003,-0.003143549,42.788370388684825,0.119,0.96871,0.03559,0.014149999,0.01667,24.771494130232824,0.051,22.8327,healthcare,-0.01930597496243836,0.09477582567939669,-0.5206817445263966,-0.3312617960581001,-0.592196345721438,-0.3241884015564189,1.9331004387022306,-0.023663773871581854,0.09524397309281518,-0.7278347901222779,0.6125653545347283,-0.24967644460666777,-0.2223021649312241,-0.1484039646031461,-0.41588218111198566,0.3192114619502965,0.6125653545347283,-0.24967644460666777
UHS,0.4200248299320368,68.74,0.02033031120037616,-0.14503258,50.990393958835654,0.101,0.20948,0.08321,0.1114,0.14903,23.052519794117163,0.083,7.174145,healthcare,0.6219739157036921,-0.13835789253837477,-0.46203467387309,-0.5131075313611969,0.13531299885264195,-0.34294701736893496,0.21836880707613604,0.3040791855468078,0.0991822736003871,-0.1737530991506103,-0.664388804311684,-0.1521003540421272,-0.3323323755902002,0.007193783097409108,-0.24024718329249664,0.11196929176818016,-0.664388804311684,-0.1521003540421272
ILMN,0.25664173621334435,89.042,0.030730583323589408,1.7391741,72.6968297713128,-0.094,0.32339,0.086660005,0.21139,0.25701,24.444749901377723,0.094,50.77551,healthcare,-0.4739638668815146,-0.12582909042480167,0.3418498261724899,1.9017017514480348,2.0606470040418263,-0.5461653553378586,0.4756361439286425,0.32782372247894215,0.10323153492380978,0.2782697248983522,0.36984072907091203,-0.11855857291056643,-0.025952420609111123,-0.08598104371127548,1.1387278000506675,0.29624028155743665,0.36984072907091203,-0.11855857291056643
VEEV,0.5054862776039226,2.041,0.026985857511827117,-0.07387215,64.74447748875771,0.395,0.14425,0.075830005,0.29637,0.31096,24.556611027664026,0.176,45.672,healthcare,1.1952304707503825,-0.17951928413394236,0.0524028769645645,-0.42190794654033387,1.355283193828165,-0.03655629243117299,0.07104593478319429,0.25328663196022827,0.10667294133709568,0.504113690053395,0.45293768254103517,0.13148015916106862,-0.06181398512768842,0.35603802119366823,0.2989396516188861,0.23377979953347833,0.45293768254103517,0.13148015916106862
INCY,0.18332275209380547,0.603,0.020902848818858892,0.42790914,47.92887641472827,0.377,0.30667,0.16832,0.41899,0.33376,23.92590539937646,0.377,15.458599,healthcare,-0.9657714526511696,-0.1804067049515622,-0.41778062823480355,0.22117761827254062,-0.1362398201396412,-0.055314908243689044,0.43787378880465067,0.8898457390138202,0.11163864214195704,0.5995584056332833,-0.015587157026700814,0.7443799780195888,-0.2741188163687652,-0.5213195952791784,0.009874296629736793,0.5097291438984278,-0.015587157026700814,0.7443799780195888
PFE,0.15724287268696718,74.253,0.01335379800756263,0.0605613,58.75862384664601,,0.05014,0.05784,0.27877,0.3985,25.814280345685226,0.026,37.526318,healthcare,-1.140709535635639,-0.1349557013231187,-1.0012812198888077,-0.24961732342245457,0.8243453804162278,0.0,-0.14150282363300604,0.12947106121995888,0.1059602000700466,0.8705711638193347,1.3872076319864262,-0.32590776536021504,-0.11905241526514548,-0.7589821522825217,0.19157601899792442,0.24112490036908354,1.3872076319864262,-0.32590776536021504
VRTX,0.15211254913322608,9.767,0.01795572386678916,0.30310977,48.3892195062583,0.08,0.23542999,0.11926,0.38055,0.40521,25.609938348825143,0.125,30.681335,healthcare,-1.1751226152968206,-0.17475140288433808,-0.6455773666853799,0.061234083222158564,-0.09540795737628442,-0.3648320691502036,0.2769772244113057,0.5521920307175961,0.11008195042006118,0.8986603761676264,1.2354105066686067,-0.024031735176167798,-0.16715103748457188,-0.6651504616221795,-0.13300198110144315,0.45947789542914735,1.2354105066686067,-0.024031735176167798
QGEN,0.4137620628675705,49.25,0.0218915726676091,-0.03979236,53.17459957039251,0.079,0.11928,0.0587,0.26325,0.34955,22.92450694167066,0.003,22.213198,healthcare,0.5799646545662062,-0.15038559193713055,-0.34135764935315693,-0.37823110677443883,0.32904933468342695,-0.3658742144731212,0.01465083864407496,0.13538998068866565,0.10533169186183056,0.665658057344092,-0.7594841997942812,-0.3960405804534785,-0.22665530834475472,0.029407137758639568,-0.1383519955213777,0.2302576421346658,-0.7594841997942812,-0.3960405804534785
CHE,0.2297613834704622,35.495,0.018326361414185977,0.16205978,41.340507628960346,0.437,0.27106002,0.1345,0.1325,0.16066,22.610524132426356,0.088,25.768877,healthcare,-0.654271348577658,-0.15887409913209646,-0.6169290990287877,-0.11953633268155181,-0.720619981468318,0.007213811131364411,0.35744814821145415,0.6570807896746784,0.10003675318758799,-0.12506792186139531,-0.9927289002223261,-0.13685408989141779,-0.201670109556891,-0.4766915155795141,-0.2776475010061685,0.24737444230308137,-0.9927289002223261,-0.13685408989141779
DGX,0.11554916454560848,81.074,0.015160217776850926,0.2818855,47.91885196331177,0.15,0.14602,0.06404,0.15248,0.19601999,23.970718199423235,0.102,24.742039,healthcare,-1.4203817404408026,-0.13074631509433915,-0.861654791281657,0.034032946127766424,-0.13712897657979972,-0.2918818965459746,0.07504350467371261,0.1721423411106354,0.10084587651234034,0.02295506886043348,0.017702398370960735,-0.09416455026943131,-0.20888553917045635,-0.804260948938933,-0.13165930899933595,0.09274669778928045,0.017702398370960735,-0.09416455026943131
INSP,0.7218557003321878,3.524,0.04511641858292085,0.011052728,61.44439984814096,,0.17965001,0.03915,-0.0025600002,0.07937,21.419021452579724,-0.076,16.167833,healthcare,2.6465888700002718,-0.17860409284567375,1.4537966914255473,-0.3130677720984083,1.0625703893800162,0.0,0.15099735517870036,0.0008377997430646643,0.09456727388814488,-0.46536182227758494,-1.8778464207927024,-0.6369315540346879,-0.26913514026158236,1.3072604895267153,0.24983420576053597,-0.05473984836691875,-1.8778464207927024,-0.6369315540346879
CI,0.2141158268054016,74.29,0.02076908633409885,-0.07313621,47.20894878348325,0.102,0.16758,0.04462,0.03985,0.04518,24.997547005783925,0.067,11.2372875,healthcare,-0.7592182943634938,-0.13493286782502972,-0.4281197411841828,-0.4209647619298268,-0.20009651046346622,-0.3419048720460174,0.12373706785991256,0.03848488054983896,0.09628473736985513,-0.6084870339300579,0.7804905838353865,-0.20088839932439748,-0.30378131036020684,-0.44075696779090207,-0.3209887148131035,-0.0874950870376128,0.7804905838353865,-0.20088839932439748
REGN,0.25852151842895255,8.535,0.020660308123214646,0.25084996,42.833115893844635,-0.045,0.14043,0.06526,0.33106,0.3027,25.08084207481331,0.167,18.759773,healthcare,-0.4613547020883457,-0.17551169665854366,-0.43652770557554943,-0.005742366678680739,-0.5882274747650172,-0.4951002345148983,0.062418411064674655,0.18053894779880075,0.1080777705731146,0.4695359115143653,0.8423670078015656,0.10403688368979166,-0.2509219843084675,-0.3577980347741463,-0.36302335865286545,0.2051427602377388,0.8423670078015656,0.10403688368979166
ABBV,0.17315237894998683,,0.01612308604521488,0.077379465,51.88797972574338,2.904,,0.105100006,0.40035,0.47779,26.859393789427376,0.102,74.52706,healthcare,-1.0339920741219057,3.507929988996223e-17,-0.787230308214923,-0.22806307388449132,0.21492774604240808,2.5781863227689787,3.134317891950319e-17,0.4547363747136767,0.11088378434549141,1.2024927207636043,2.163578710026208,-0.09416455026943131,0.14094599689986112,-0.6070741274456096,0.8550169983089652,0.4420282199556931,2.163578710026208,-0.09416455026943131
PODD,0.6233109864343209,66.685,0.028144419318534945,-0.56585395,36.08117247845435,3.286,0.26016,0.09715,0.16178,0.20138,22.92588059003795,0.235,24.524435,healthcare,1.9855726486972851,-0.1396260773646674,0.14195340677026713,-1.052434432951684,-1.1871165033954887,2.9762858361234863,0.33283029976058015,0.400020740655845,0.10122249547731513,0.045392991226896516,-0.7584637738585662,0.3113860761394402,-0.2104146083572514,0.662633326034295,0.2455782999254379,0.2198666317801592,-0.7584637738585662,0.3113860761394402
COO,0.3682400302352762,33.634,0.020223565092051265,-0.16806227,24.118440621966982,3.571,0.06838,0.02735,0.20822,0.21997,23.09812311704289,0.006,19.426115,healthcare,0.2746128928490128,-0.16002256237381451,-0.4702855677829753,-0.5426225043110958,-2.248196020881995,3.27329725315499,-0.10030752713410586,-0.08037528133919061,0.10310316050241512,0.12321392379839317,-0.6305120025213736,-0.3868928219630528,-0.24623970355964214,-0.11856507910259234,0.16082624265396653,0.011408568956877953,-0.6305120025213736,-0.3868928219630528
RGEN,0.4028212816267113,32.715,0.027852021883487416,0.3344078,63.30884005321733,-0.659,0.0199,0.01395,0.09309,0.18354,23.107303581268436,0.119,263.32877,healthcare,0.5065763053805693,-0.16058969709661886,0.11935267449104565,0.10134580460595165,1.2279439292133978,-1.1349774627862788,-0.20980028888118257,-0.17260030561903986,0.09844077970267864,-0.029288312542630132,-0.6236922195108582,-0.04232725215701916,1.4676260081828254,0.15511309425833203,0.06477075701102357,-0.0783120318350435,-0.6236922195108582,-0.04232725215701916
ABT,0.3768474763432554,63.212,0.01698332060198547,-0.24092036,29.359174270096858,-0.475,0.10576,0.05328,0.14706999,0.25075,25.865009995767867,0.13,31.98382,healthcare,0.3323497442367225,-0.1417693405771804,-0.7207388531453988,-0.6359978191994553,-1.7833494292050849,-0.9432227233694481,-0.015884271480109784,0.09808702310681616,0.10062678916108189,0.25206428983124235,1.4248925678745512,-0.008785471025458328,-0.15799867962459332,-0.1767194831619522,-1.120856657257996,0.10872345765475766,1.4248925678745512,-0.008785471025458328
ISRG,0.43995951305298925,,0.023195904889641232,-0.05903572,54.556720078888844,0.265,0.17423001,0.10512,0.33603,0.37889,25.704723644208496,0.185,47.172855,healthcare,0.7556913764204727,3.507929988996223e-17,-0.2405398588396442,-0.40289349909779043,0.4516417140710995,-0.17203518441045548,0.13875620896027718,0.45487398270885987,0.10827903898773017,0.7884803360771587,1.305822539352447,0.15892343463234568,-0.05126771238294424,0.17171717252694282,-0.04109565647904881,0.3725973916835065,1.305822539352447,0.15892343463234568
WST,0.2470467759288002,10.585,0.021017105360433514,0.38762808,60.52242583511474,0.181,0.19087,0.11377,0.22469,0.2742,23.98491441959675,0.138,47.411766,healthcare,-0.5383247457148023,-0.17424659744010093,-0.4089492186608515,0.1695531979571452,0.98079243492838,-0.25957539153553033,0.17633786037413324,0.514407300620852,0.10377014054038664,0.3502300170395048,0.02824817675147485,0.015608551615676824,-0.04958892224817466,-0.3738401872719182,0.29692341378333165,0.28618632964371915,0.02824817675147485,0.015608551615676824
CORT,0.6440433831431771,1.335,0.05183698611745584,0.34230232,47.663251143104624,0.241,0.08226,0.0047400002,0.16124001,0.00973,23.2454826169115,0.317,256.06668,healthcare,2.124640996343472,-0.17995497196234264,1.9732600293572333,0.11146346334353938,-0.15980045314787805,-0.1970466721604769,-0.06895935194744279,-0.23598780227369703,0.10120062768431547,-0.7568868219698405,-0.5210447916100361,0.5614248082110753,1.4165964404784974,1.3059820179127877,-0.08179455398827186,-0.2401583371266662,-0.5210447916100361,0.5614248082110753
RMD,0.3496697999203078,12.542,0.017946115982846778,-0.17729372,51.2437759133542,0.024,0.24269,0.14002,0.30857,0.37071,24.185689572571423,0.086,21.178162,healthcare,0.1500478808256505,-0.17303889052766558,-0.6463200038864085,-0.5544535796333578,0.1577876647789307,-0.42319220723358686,0.2933740590897585,0.6950719937063775,0.10716700062448198,0.7542374512770058,0.1773956428872259,-0.14295259555170156,-0.23392834401883983,-0.2231036711961412,-0.27328604069600465,0.462462626174406,0.1773956428872259,-0.14295259555170156
ZBH,0.23054238299970892,60.175,0.02043047351109075,-0.07895535,37.82649705032724,0.338,0.06413,0.03878,0.17959999,0.29674998,23.55313417812495,0.048,21.56068,healthcare,-0.649032575869899,-0.1436435387851856,-0.45429267172946425,-0.4284226026429096,-1.0323083728783833,-0.09595857583747376,-0.10990621189947457,-0.0017087121213789018,0.10194414560523571,0.4446281059619685,-0.2925033106157125,-0.2588242030970934,-0.23124045001324028,-0.41565626212818296,-0.5188965171195888,0.10873933188658769,-0.2925033106157125,-0.2588242030970934
CVS,0.22625187334702632,95.503,0.019716608970270506,0.12459648,36.255213079432615,1.888,0.06205,0.029679999,0.03861,0.04042,25.420057373329485,0.071,22.609499,healthcare,-0.6778123689800563,-0.12184186796121207,-0.5094705202221679,-0.1675494968237504,-1.1716793173810807,1.5193666746847403,-0.11460392114934916,-0.06433914594015895,0.09623452150785848,-0.6284132113932275,1.094355869463901,-0.18869138800382995,-0.22387056335938646,-0.4363749190544787,0.060045953493303106,-0.17778043924371928,1.094355869463901,-0.18869138800382995
A,0.29747440866262986,56.336,0.020363244160258566,0.26193225,65.13248849932268,0.085,0.20971,0.086330004,0.25559,0.28215,24.6065916155455,0.081,34.461998,healthcare,-0.20006729972416118,-0.1460126684923084,-0.4594891350952153,0.008460755012185949,1.3896992904864258,-0.35962134253561584,0.2188882653104972,0.32555250231197397,0.10502148742401261,0.38351008234038697,0.4900661714404433,-0.158198859702411,-0.14058491140712753,-0.2685230344372283,0.346179567654332,0.2582430843467177,0.4900661714404433,-0.158198859702411
IQV,0.35871297241956157,257.975,0.025321473648601236,0.31993723,65.40519184265783,-0.006,0.22818,0.05061,0.13027,0.17947,24.51318251635149,0.087,33.439056,healthcare,0.21070748881074428,-0.02157689224470872,-0.07624494820021507,0.08280024528146146,1.41388773969973,-0.4544565669211136,0.26060302004375846,0.07971084289583129,0.09994644562931984,-0.04632603150798747,0.4206764573627891,-0.1399033427215597,-0.14777296443960178,0.0376285494552735,0.3474104726866926,0.09848356926523054,0.4206764573627891,-0.1399033427215597
ZTS,0.5175818727847736,293.996,0.023842044475480894,-0.52160597,42.60122611509802,0.012,0.64911,0.15352,0.40721,0.42688,24.0855632158782,-0.002,11.391518,healthcare,1.2763650573213403,0.0006524438272554482,-0.19059678121929677,-0.9957259869071358,-0.6087958112866684,-0.43569795110859755,1.211279344346502,0.7879852644360763,0.11116159145298896,0.9893747176858798,0.10301595908201719,-0.41128684460418796,-0.3026975568206855,0.362140239976433,-0.6800732497674672,0.7749502294803617,0.10301595908201719,-0.41128684460418796
DHR,0.32966268891266337,52.97,0.018860919524041817,0.07502496,63.11170055923682,0.597,0.07605,0.03949,0.19777,0.31975,25.771495947141396,0.055,39.491978,healthcare,0.01584458980824396,-0.14808989969683442,-0.575610662953674,-0.2310806199906439,1.2104578999635711,0.1739570627981736,-0.08298472427519332,0.0031778376725533765,0.10267997037510472,0.5409101396124834,1.3554248912517732,-0.2374794332861002,-0.10524003066874289,-0.23595199094742147,0.3844447809237003,0.14094580584623703,1.3554248912517732,-0.2374794332861002
RVTY,0.3008546523854112,46.225,0.02447938351458928,0.6648867,74.90455489794884,0.012,0.03211,0.023740001,0.17052999,0.30079,23.560028413841025,0.013,73.50481,healthcare,-0.17739336984668624,-0.1522523846862961,-0.1413339380221822,0.5248893170897222,2.2564694917659347,-0.43569795110859755,-0.18222383217879382,-0.10522097129629744,0.10157684087272802,0.46154032349868157,-0.28738187117083813,-0.3655480521520596,0.13376280644287844,-0.1569932308517215,0.7818869525823532,0.06891809022407958,-0.28738187117083813,-0.3655480521520596
ALGN,0.27087236842664353,2.855,0.0249495569053664,0.12931299,34.60277549360947,-0.121,0.10155,0.07556,0.18247,0.22362,23.057896275450908,0.043,25.234375,healthcare,-0.3785079224648837,-0.17901694717598507,-0.10499209074147617,-0.16150479257163378,-1.3182484871389852,-0.5743032790566327,-0.02539261568298094,0.2514283321333118,0.10206037143272682,0.1384934506346473,-0.6603948411355967,-0.2740704672478029,-0.20542597129877227,-0.22083898679411498,-0.6846855195890839,0.11664738462942624,-0.6603948411355967,-0.2740704672478029
JAZZ,0.11505233317982391,91.828,0.02332971784588141,0.69338965,38.746736492149175,,0.22114,0.06862,0.26914,0.41881,23.433249016641188,0.155,15.846681,healthcare,-1.4237143757394966,-0.12410978973085945,-0.23019684471920965,0.5614188491087082,-0.9506842727468616,0.0,0.24470308104418298,0.20366402851374804,0.10557021720631461,0.9555923117766826,-0.3815609843251369,0.06744584972808894,-0.2713918250076238,-0.5926736700631885,-0.1297551412127178,0.37738240963523206,-0.3815609843251369,0.06744584972808894
DVA,0.27863544787071315,1241.986,0.02888845358892626,0.31850684,48.08013028460665,0.558,0.88475,0.07515,0.16061,0.20173,23.135592480594557,0.052,14.836302,healthcare,-0.32643489655796215,0.585677520945085,0.19946321135848655,0.08096704986468399,-0.12282378898606444,0.13331339520438892,1.7434755980197933,0.24860652168892827,0.10117511438172153,0.04685815133448248,-0.6026775790449013,-0.24662719177652587,-0.27849159980902827,0.15290194524853645,0.03048555202766949,0.5350288463562314,-0.6026775790449013,-0.24662719177652587
ALNY,0.5816945661477295,220.623,0.029940255875136657,-0.44845325,55.691594818047044,,0.96555,0.123430006,0.17928,0.2195,24.220260067848894,0.669,42.911304,healthcare,1.7064188737874462,-0.044627617126305766,0.2807618105662744,-0.9019730726468251,0.5523036995673786,0.0,1.9259635342649213,0.5808919489711124,0.10193118707807416,0.12124642308249198,0.2030766183331424,1.634761804421021,-0.08121296303116625,0.6475176890758049,-0.11655645769314886,0.68250827334915,0.2030766183331424,1.634761804421021
JNJ,0.10959122461615514,57.709,0.011947126042046334,0.43870306,46.311942407224024,-0.009,0.25742,0.08595,0.2919,0.35609,27.181598632727557,0.066,30.676708,healthcare,-1.460346288341354,-0.14516536057673676,-1.1100093162626774,0.2350111634406854,-0.2796598664194307,-0.4575830028898663,0.3266419712294953,0.3229371382726874,0.10649192125393037,0.6930356204972705,2.402931215766549,-0.20393765215453938,-0.1671835506880392,-0.9051736550602559,-0.16741056862287054,0.3622766628133459,2.402931215766549,-0.20393765215453938
RPRX,0.09865537287234899,91.581,0.014472241986391233,0.6029736,46.453336458335244,-0.463,0.13965,0.05088,0.19746,0.61411,24.24143041174852,0.165,31.376345,healthcare,-1.5337015715472337,-0.12426221875864255,-0.9148315801007444,0.44554115948341527,-0.26711838899367074,-0.9307169794944375,0.06065677009597168,0.08156910831042526,0.10266741640960557,1.7731516518096737,0.21880318162083195,0.09793837802950787,-0.16226731119500717,-0.8575984568022069,-0.25076473633489765,0.5045112366564191,0.21880318162083195,0.09793837802950787
AMGN,0.16567908726245667,490.281,0.0182190442891579,0.4192295,49.67793812610953,0.649,0.91473,0.08667,0.35548002,0.45329,26.152092891043097,0.095,26.180746,healthcare,-1.084121267627973,0.12178415118922464,-0.6252241294258261,0.21005374557538914,0.018899790028925854,0.22814861958988664,1.8111858496117357,0.32789251271160463,0.10906669989107848,1.099931513232584,1.63815444698076,-0.11550932008042453,-0.19877597067664937,-0.5291870819548582,0.15236738506473388,0.8370191438617507,1.63815444698076,-0.11550932008042453
LH,0.15223601343288548,79.124,0.01505422340270411,0.105103016,43.58815374626368,0.282,0.11728,0.05527,0.1224,0.16168,23.94165032833008,0.058,25.505795,healthcare,-1.174294443986574,-0.13194970215578472,-0.8698475802259459,-0.1925324237611008,-0.5212565512552354,-0.15431871392085705,0.010133810519195551,0.11178312745882361,0.09962773689229278,-0.12079802669071614,-0.003890907649587953,-0.2283316747956745,-0.20351874551854804,-0.7253639087894349,-0.2893692296457311,0.025186662044898948,-0.003890907649587953,-0.2283316747956745
DXCM,0.22825778163911953,53.346,0.024948365179230596,0.30403376,44.04033333076914,0.436,0.38491002,0.103310004,0.24327,0.28238,24.206425948689592,0.131,34.242065,healthcare,-0.6643571782643574,-0.14785786198652492,-0.10508420469364237,0.06241827371087017,-0.4811487814665055,0.006171665808446853,0.6145799742202142,0.4424167494964396,0.10452256853707824,0.3844729018396578,0.19279982965556028,-0.0057362181953164336,-0.14213034611172584,-0.3057664149815082,-0.13751961398239618,0.38649804852334746,0.19279982965556028,-0.0057362181953164336
LLY,0.23182264694613527,162.071,0.021788607029264686,0.44493508,41.15266541251776,0.262,1.02286,0.20357001,0.54222,0.52352,27.662341555385392,0.477,39.84435,healthcare,-0.6404448474909391,-0.08076131929131083,-0.34931633348389496,0.24299815335341238,-0.7372813537014842,-0.17516162037920815,2.0553989751833406,1.1324526814104567,0.11662904591118771,1.3939263542490556,2.7600550317108246,1.0493052610337779,-0.10276396787812624,-0.3568408334220483,-0.22314827357575998,1.1746017641885103,2.7600550317108246,1.0493052610337779
DOCS,0.7550659522933008,1.056,0.0405869376561691,-0.6316155,60.278115497488905,-0.519,0.17206,0.10949001,0.21539,0.3179,22.342949349112782,0.073,33.341175,healthcare,2.8693559205252432,-0.18012714888036485,1.1036924376973434,-1.1367147845062826,0.9591224101986687,-0.9890771175778207,0.1338552108596424,0.4849504213919331,0.10339352157541185,0.5331657219009576,-1.1914990186446792,-0.18259288234354615,-0.14846075887845717,1.2643070697807406,-0.3888898306284782,0.31384121893198624,-1.1914990186446792,-0.18259288234354615
HSIC,0.17228555336818782,80.733,0.016128369916315523,0.28683937,39.70242990386192,0.171,0.088549994,0.043920003,0.057550002,0.0794,22.959515169775926,0.067,24.481049,healthcare,-1.0398065490738895,-0.13095675354969966,-0.7868218937015597,0.04038185221583426,-0.8659154493434293,-0.26999684476470587,-0.054753312045781426,0.0336671760482851,0.0970015283841876,-0.46523623712550616,-0.7334780509335137,-0.20088839932439748,-0.21071947497614762,-0.6525283987750496,-0.36517681396410034,-0.09733021118470372,-0.7334780509335137,-0.20088839932439748
EXEL,0.16469160362498655,8.999,0.023247261261873525,0.4235437,60.72151350682687,0.262,0.44393003,0.23974001,0.39513,0.41886002,23.39554579524986,0.106,18.367924,healthcare,-1.0907450902240337,-0.17522535225007663,-0.2365702904353748,0.21558284719596915,0.9984512651330592,-0.17516162037920815,0.7478774967705459,1.3813914223210648,0.11067239176515072,0.9558017040869152,-0.40956913101239784,-0.08196753894886374,-0.25367544578792767,-0.5008469109698284,0.3462908306499401,0.7989357537359191,-0.40956913101239784,-0.08196753894886374
DOC,0.17085577007353683,108.653,0.01840233304561715,0.049530745,46.438787534480355,0.682,0.03039,0.01513,0.1599,0.5325,23.37352282587272,0.111,57.05714,real-estate,-0.3717969123361589,-0.09578819756575688,0.14473517406107694,0.5043909015456373,1.2637900647294882,0.11690384239966904,-0.39706172412071256,-0.8933004282921088,-0.8181284673892038,0.004761281187825409,0.05012698693150476,-0.11608781368588189,-0.09293975182823636,-0.10761664528027963,0.6283616028915981,-0.5259323346535499,0.05012698693150476,-0.11608781368588189
DLR,0.16826127095870178,67.944,0.017164949040084695,0.016172647,37.23729644922391,-0.587,0.02912,0.01476,0.25882,0.47511002,24.917324663588076,0.299,86.04412,real-estate,-0.388632198380631,-0.5342291412493024,0.009284873905189665,0.3602084076605559,0.1515455836140071,-0.6213855973986065,-0.40445718440336637,-0.9153144813138705,-0.2614155372897662,-0.23520372486174274,1.6849587815000298,0.2428485700697647,0.07436364012742416,-0.3045254885749146,-0.036543868708014515,-0.45409773196718645,1.6849587815000298,0.2428485700697647
REG,0.1218202358415382,71.972,0.00991053873236391,0.010851383,35.53026774885252,0.089,0.081870005,0.0323,0.39643002,0.63554,23.3213964808472,0.089,24.202019,real-estate,-0.6899805803971453,-0.4908470851644731,-0.7848195021344204,0.33720850178639894,-0.054794153446216826,-0.2280966602011012,-0.09728350968896568,0.12827062679883627,0.513041371780616,0.4356029407135393,-0.005072977274058045,-0.1580910075296278,-0.28256879170799104,-0.6552157225653462,0.018105896046360297,0.24490785740100646,-0.005072977274058045,-0.1580910075296278
WELL,0.12611663093447675,41.375,0.014361414053004975,0.29836106,45.26756891796224,0.356,0.03836,0.00825,0.16561002,0.26174,25.83467824939634,0.391,103.711716,real-estate,-0.6621019660102272,-0.8203805434632631,-0.2976042193751743,1.5799011231089397,1.1222172011216243,-0.07275916577545932,-0.3506508434492553,-1.302642819615679,-0.7859929845229846,-1.1273688404463191,2.656403932232718,0.41849828977997483,0.1763352404287407,-0.5933622429495548,0.8764530528183682,-0.8916638720085595,2.656403932232718,0.41849828977997483
AMT,0.15692645328340862,438.721,0.016571114737186518,-0.13433683,43.28428912942267,1.385,0.33914003,0.04893,0.45411,0.64382005,25.05758485216783,0.047,22.51582,real-estate,-0.46218200101281653,3.459084813309983,-0.05571922685155838,-0.290333231350136,0.8824851860740286,0.5259010655503291,1.4008505468502845,1.1177130639661288,0.8376591505298777,0.47022435456210177,1.8334893831617698,-0.2382789230495063,-0.2923009822367126,0.9803945284818695,0.3726843400914072,0.9566117789770983,1.8334893831617698,-0.2382789230495063
O,0.1709762518536586,74.722,0.010432621716940229,-0.08222371,20.03049087565691,0.692,0.03225,0.02359,0.46965998,0.8833,24.66250778835424,0.096,40.22222,real-estate,-0.3710151255088289,-0.46122924647696545,-0.7276696629163888,-0.06508658791943121,-1.9283536804837553,0.12272172608602261,-0.3862305775650149,-0.3899520808215558,0.9251730499312893,1.4715630490606941,1.4151166817902845,-0.14472635494298136,-0.19010541790666835,-0.5199713449673944,-0.6235728474390546,0.4051383601513532,1.4151166817902845,-0.14472635494298136
SUI,0.17502085013157695,72.848,0.012423880876166214,-0.13054627,36.5443240250139,,0.01722,0.02564,0.23205,0.43800998,23.362134001242467,0.002,142.02565,real-estate,-0.3447703800184982,-0.481412457277107,-0.5096963825124137,-0.2739494317096099,0.06778146894483324,3.229574211590441e-17,-0.47375322957153965,-0.26798232759287577,-0.4120747077180106,-0.39033030485077963,0.038066622606602055,-0.3241945468208047,0.39747076808168386,-0.44529307326933965,-0.06872265425492555,-0.3860351424333014,0.038066622606602055,-0.3241945468208047
EXR,0.16700634482660076,101.674,0.014344315814181616,-0.05640769,31.963055772254393,0.06,0.06953,0.03358,0.45882,0.65809995,24.091409232613113,0.038,29.09513,real-estate,-0.39677521152632894,-0.17095288709307183,-0.2994758789169221,0.04649705650139688,-0.48598642404436204,-0.24496852289152674,-0.1691417906852249,0.2044273507660119,0.8641666101009285,0.5299329707680532,0.81034341753543,-0.25546204780376597,-0.2543273513262902,-0.28906799251210763,-0.22815263014483064,0.35734628523744216,0.81034341753543,-0.25546204780376597
LAMR,0.11553870726484088,500.114,0.013122658791955927,0.19326353,40.12054135362915,0.039,0.59433,0.06603,0.33283,0.45511,23.40663556319792,0.065,26.297445,real-estate,-0.7307404055905904,4.1202949844162235,-0.4332046240826661,1.1256418911658548,0.5000622754105611,-0.25718607863286935,2.886872033201948,2.1351192982151193,0.1551061363521605,-0.3188299069982671,0.08519220998146947,-0.2039126735409869,-0.270474676439961,0.9854499849143225,0.4561726959811822,1.2145668901927404,0.08519220998146947,-0.2039126735409869
HIW,0.34025472951862246,132.648,0.017649314314854773,-0.11055899,41.05572011536567,4.002,0.06815,0.0218,0.26328,0.5754,21.90487853251864,0.075,19.218544,real-estate,0.727405597152942,0.16264090763669642,0.06230594219066884,-0.18755913822287074,0.6131034561235964,2.0484412262690737,-0.17717780264590377,-0.4964524994944033,-0.23631505540295356,0.18413926249268897,-1.505115614178522,-0.18482031270292062,-0.31133178361767716,0.3174508156601024,0.8246618480565998,-0.1814515237626429,-1.505115614178522,-0.18482031270292062
EGP,0.11943778452053923,46.09,0.01089995456666372,0.1774447,45.27103812303055,0.167,0.08732,0.03543,0.40761003,0.65400004,23.085773244773538,0.091,35.576576,real-estate,-0.7054399225286218,-0.7695994127681363,-0.6765130498643925,1.0572687375242973,1.1226365466554444,-0.1827171674475429,-0.06554711475734228,0.314497615874821,0.5759614700988633,0.5127899968908594,-0.2545896888504624,-0.15427253536201452,-0.21691855949708108,-0.7171841283870503,0.6657293722440663,0.3344254920268004,-0.2545896888504624,-0.15427253536201452
MAA,0.16578096553472998,102.377,0.011895373055850375,-0.14181161,27.60360921124729,0.137,0.0705,0.03129,0.25356,0.55799,23.362808497912212,0.01,34.52786,real-estate,-0.4047264999941721,-0.16338149051222908,-0.5675495166861578,-0.32264120111634775,-1.012941276608117,-0.2001708185066038,-0.16349328952445782,0.06817821179348633,-0.2910183477661414,0.11134274373936315,0.03878089083332098,-0.30892065815035163,-0.22297140611988117,-0.37855250239751964,-0.5119177654103562,-0.06874767043943743,0.03878089083332098,-0.30892065815035163
WY,0.2783000816815414,57.625,0.01688519649162474,-0.21580428,24.39857274962384,0.871,0.04974,0.00674,0.080340005,0.10041001,23.34285053902672,-0.009,29.765625,real-estate,0.32539188585202156,-0.6453660421279904,-0.021338252374812634,-0.6424570278405164,-1.4003550210963802,0.2268618440717526,-0.284382860759019,-1.3924839549207066,-1.2658850174816685,-1.8019387222676195,0.017646115019749838,-0.34519614374267765,-0.2504574729260805,-0.11377080288359383,-0.605316734955048,-1.1861726388572533,0.017646115019749838,-0.34519614374267765
FRT,0.1481947356636484,134.114,0.010273924481467243,0.104837894,24.627271861732297,-0.456,0.12550999,0.03259,0.35035,0.62729,22.97102845109052,0.072,21.876768,real-estate,-0.5188407074843991,0.1784299081879279,-0.7450414634913248,0.7434429803690096,-1.3727106618374532,-0.545171321107374,0.1568407232268667,0.14552488457264948,0.2537071324635852,0.4011071750779887,-0.37610038561955994,-0.1905480209543405,-0.2959893818987695,-0.36181742092926533,-0.3914796675252725,0.2392949788352725,-0.37610038561955994,-0.1905480209543405
UDR,0.1770454417644434,156.144,0.012674442332151597,-0.08044422,28.32357386088505,0.909,0.13739,0.022449998,0.20177999,0.58923,23.234901222092383,-0.001,21.234177,real-estate,-0.33163313165034125,0.4156957213827622,-0.4822686605853695,-0.05739516300534995,-0.9259144348997199,0.2489698020798964,0.22602036268555176,-0.4577792820997031,-0.5824316220046997,0.24196670961264846,-0.09666841111618098,-0.32992225507222456,-0.2996982075142761,-0.13273535695098285,-0.2447799319417245,-0.14305595795155066,-0.09666841111618098,-0.32992225507222456
CBRE,0.27370200485780943,117.789,0.020756418945455674,-0.15928805,36.90360690115539,-0.042,0.15798001,0.02585,0.03608,0.05065,24.33962136530396,0.155,29.39817,real-estate,0.29555570740071113,0.002607647615723146,0.4024253012166014,-0.39817898218027376,0.11121034285723289,-0.30431093649233376,0.3459200486496811,-0.2554878650670109,-1.5149763748387828,-2.0100004971746084,1.0731913274207878,-0.03208142599839014,-0.25257830330893055,0.23352955207767856,-0.1970931919384582,-0.8586361721076803,1.0731913274207878,-0.03208142599839014
OHI,0.10859363228792282,71.471,0.013081095188642623,0.11821234,49.29882851400533,1.613,0.16529,0.04913,0.61487,0.90296,23.416991075954133,0.112,16.480429,real-estate,-0.7758058762890278,-0.496242916867179,-0.4377543859344242,0.8012508619398159,1.6095019461807227,0.6585488135991918,0.38848756102101684,1.1296125520859999,1.7424020806025182,1.5537675038964427,0.09615833341086691,-0.11417857760207527,-0.3271352901252428,-0.5699343930302103,1.0231005405732434,1.2035674244014944,0.09615833341086691,-0.11417857760207527
HST,0.152701701126338,85.298,0.015606129365733547,0.3161291,46.91774665499021,0.084,0.15558,0.0433,0.18215,0.2719,23.46764318219938,0.036,15.026845,real-estate,-0.4895957359509402,-0.34732442394639035,-0.16135139732163084,1.6566992762485424,1.3216849899683538,-0.23100560204427803,0.3319443174426166,0.7827424733917535,-0.6929074534919889,-1.0848867824030228,0.1497971306506349,-0.25928051997137924,-0.33552490276141517,-0.3327571857396538,0.9157928880575393,-0.16577686126516042,0.1497971306506349,-0.25928051997137924
EPR,0.19507558247495446,152.233,0.013987326405717315,-0.017353952,35.59997729612746,-0.132,0.113170005,0.0425,0.54328996,0.77695,22.181894493041366,0.106,17.932907,real-estate,-0.2146384583633424,0.3735737697075467,-0.33855374182186165,0.2152976080308806,-0.04636790399172969,-0.3566718896695164,0.08498255869454904,0.7351445209122689,1.3395560049349586,1.026881270231505,-1.211765464695807,-0.12563399410491505,-0.31875206096025305,-0.059872810159219116,-0.06258072854345516,0.7966410886933204,-1.211765464695807,-0.12563399410491505
ZG,0.6285867513695161,12.953,0.030202468107490586,-0.6134419,35.77328074474784,,0.012150001,0.0088599995,0.046630003,0.062280003,22.552487509953497,0.179,120.434784,real-estate,2.598345554651973,-1.1264889838910244,1.4364375306977255,-2.3611516522800837,-0.025419581323119653,3.229574211590441e-17,-0.5032768329082281,-1.266349410598792,-1.4556018996801916,-1.9613719083468808,-0.8193205069999276,0.013740240012968996,0.27285533325335243,0.9694313671528914,-0.7955237445344011,-1.2966500128835232,-0.8193205069999276,0.013740240012968996
AVB,0.0,75.129,,-0.008827567,,-0.413,0.08487,0.02628,0.30628002,0.6025,23.99220313273106,0.023,25.248285,real-estate,-1.480452430886765,-0.4568458063512142,3.797831787997197e-16,0.2521508918459335,-8.588795328098083e-16,-0.5201544212560534,-0.0798139475860838,-0.22990396560928775,0.005685218844260366,0.297452625974316,0.7052876504414248,-0.28410058906086544,-0.27653008568591214,-0.6457660790793263,-0.08933450980337358,-0.0016450170941988002,0.7052876504414248,-0.28410058906086544
VTR,0.14919181268958293,84.928,0.014008184466472543,0.2359215,33.23824845297929,-0.067,0.02012,0.02169,0.14807999,0.37091,24.498568317939323,0.217,157.44443,real-estate,-0.5123708355757913,-0.3513093695152551,-0.33627051319005985,1.3100208835974672,-0.33184553444792375,-0.31885564570821784,-0.456865958059968,-0.5029972179603324,-0.8846504285791011,-0.6708957817271597,1.241510554325337,0.08629121119762098,0.48646293607635244,-0.3999835727603687,0.21977323448044186,-0.6288523465816402,1.241510554325337,0.08629121119762098
CSGP,0.6821933986666194,14.537,0.02812774817490049,-0.6771682,38.90747212762266,12.61,0.00894,0.00466,0.082159996,0.1108,23.13042838324497,0.184,152.22221,real-estate,2.946190437686067,-1.1094291088070198,1.2093282126911418,-2.6365935212999796,0.35343065458569095,7.056475503482278,-0.5219693013356131,-1.5162386313673675,-1.2556422705916095,-1.7584950059045026,-0.20730146935203808,0.02328642043200216,0.45632198591394524,1.0153631805233962,1.5911042122559964,-1.2630863022997731,-0.20730146935203808,0.02328642043200216
EQIX,0.1365504870850128,162.217,0.015881256880363563,0.31409526,40.576841098333674,0.288,0.10735,0.03683,0.27021998,0.4584,25.32657739563639,0.167,64.928116,real-estate,-0.5943983573110521,0.4811026793279383,-0.13123455059405165,1.647908483579151,0.5552182135166365,-0.112320774842664,0.05109152261396125,0.3977940327139195,-0.19725746744671113,-0.3050734137933022,2.118343016459063,-0.009170592992710544,-0.04751104615411654,-0.08151007619238847,0.6969353074177077,-0.013361331478033145,2.118343016459063,-0.009170592992710544
NNN,0.16059478673225847,112.118,0.010423367205638925,-0.036588192,21.167863903438942,-0.037,0.08719,0.03914,0.61697,0.90287,22.77960473177019,0.077,20.341585,real-estate,-0.4383787772750362,-0.05846972081949731,-0.7286827084446589,0.13216215195109493,-1.7908719548157122,-0.30140199464915696,-0.06630413037682646,0.5352331204984322,1.7542206931501203,1.5533911864531456,-0.5788113650562464,-0.18100184053530735,-0.30484995734238823,-0.4085104021797308,-0.6533705991712581,0.9441352174312179,-0.5788113650562464,-0.18100184053530735
Z,0.6523577800808478,12.953,0.030074606323262004,-0.627926,35.71428623747762,,0.012150001,0.0088599995,0.046630003,0.062280003,22.531695146446424,0.179,117.95651,real-estate,2.7525919236865097,-1.1264889838910244,1.4224411342882082,-2.423755750981422,-0.032550633727502165,3.229574211590441e-17,-0.5032768329082281,-1.266349410598792,-1.4556018996801916,-1.9613719083468808,-0.841338887931443,0.013740240012968996,0.25855154422822724,1.0161813580278978,-0.8187687949029746,-1.2966500128835232,-0.841338887931443,0.013740240012968996
BRX,0.1557050614581713,176.202,0.010935438976473573,0.037230134,30.03951153758007,-0.141,0.14413,0.03704,0.36018002,0.65936,22.859758096000473,0.043,19.714287,real-estate,-0.47010741545319007,0.6317228517078636,-0.6726287472242182,0.4512244179442561,-0.7184978115330772,-0.36190798498723464,0.26526871095727345,0.410288495239784,0.3090296075660526,0.5352016240394561,-0.4939317742408734,-0.24591586738473278,-0.3084705167510262,-0.17033777032318156,-0.2097271261920186,0.37994710945064153,-0.4939317742408734,-0.24591586738473278
FR,0.12821885697197408,90.051,0.011834343940489388,0.17438066,39.10924988521538,0.393,0.1363,0.03524,0.45097,0.68461,22.82227838694396,0.084,22.216417,real-estate,-0.6484609605194026,-0.296134028571218,-0.5742300717579336,1.0440251488591508,0.3778208534366091,-0.05123299613595087,0.21967307787602997,0.3031931021609432,0.8199875108158436,0.6407795734088693,-0.5336214666093196,-0.16763718794866092,-0.2940290386765936,-0.5062750202828514,0.45687100205326975,0.4959083160654215,-0.5336214666093196,-0.16763718794866092
VICI,0.253101550297596,60.277,0.011592673839354249,-0.29160303,31.2368791761333,-0.414,0.09849,0.04818,0.70182997,0.88813,23.953744067873373,0.057,8.903101,real-estate,0.1618826823515617,-0.6168036755100739,-0.6006845010952293,-0.9700792084687946,-0.5737641444015623,-0.5207362096246888,-0.0005020034524266502,1.0730899835166117,2.23180502945067,1.4917587518509619,0.6645608547590427,-0.21918656221143998,-0.3708691553419919,-0.3518684980845805,-0.6881931874983485,1.1990379403414542,0.6645608547590427,-0.21918656221143998
PLD,0.12787648659385367,63.823,0.013447711083262742,0.1420083,35.78934996732063,0.853,0.07749,0.02516,0.43030998,0.69761,25.56126325138264,0.123,28.917595,real-estate,-0.6506825466497865,-0.5786128187879277,-0.39762275925573126,0.9041032744841294,-0.02347718916550011,0.21638965343631605,-0.12278914198449715,-0.2965410990805668,0.7037147624321701,0.6951365374406455,2.3668670752704455,-0.09317698068020233,-0.2553520254279334,-0.5423060415644819,0.3656719129183151,0.2448802647019379,2.3668670752704455,-0.09317698068020233
SBAC,0.27508768996902744,,0.021692990834734506,-0.15110278,35.02528878663088,-0.105,,0.08406,0.52165,0.63873,23.555704043955632,0.023,17.291576,real-estate,0.3045471944594394,0.0,0.5049471884829525,-0.36280008732473557,-0.11583426733714837,-0.34096360371636164,1.6162618668313201e-16,3.2078581522215095,1.217768241703715,0.4489413034259523,0.24305048295216666,-0.28410058906086544,-0.32245361426681746,0.2698314609807973,-0.27319931945941517,1.2186419243377942,0.24305048295216666,-0.28410058906086544
INVH,0.14992768658315445,94.425,0.013111644426809892,-0.07421601,23.681234139034274,0.605,0.070539996,0.02479,0.25115,0.5268,23.467397864920482,0.101,24.155962,real-estate,-0.5075958686389752,-0.24902550987334218,-0.4344103120973702,-0.030475197417383814,-1.4870644362690684,0.07210613801474605,-0.1632603849343279,-0.3185551521023285,-0.30458161264219935,-0.01907215688764564,0.14953734828899728,-0.1351801745239482,-0.28283461768652696,-0.39701056353656256,-0.48181116522390205,-0.20136732664162535,0.14953734828899728,-0.1351801745239482
ELS,0.1298333926690225,182.359,0.011222823616481475,-0.037067413,27.814733291493837,0.191,0.22877,0.05905,0.32112998,0.48533002,23.18249584241025,0.064,28.315536,real-estate,-0.6379844989421362,0.6980344999984036,-0.6411701736729044,0.13009083245014189,-0.9874213265359966,-0.1687542466002942,0.7581441112122472,1.7198271628316126,0.08925946817158995,-0.19247078852291535,-0.15216386319931297,-0.20582190962479355,-0.2588269135624487,-0.19370672420554566,-0.34202824689538297,0.5936899884231336,-0.15216386319931297,-0.20582190962479355
JLL,0.222179835618882,42.352,0.02216424666904339,0.060130954,29.992058831753482,0.978,0.13520001,0.04818,0.045700002,0.06145,23.36633460255452,0.108,14.925257,real-estate,-0.03876333391612836,-0.8098581331368285,0.5565332312327811,0.5502077994192236,-0.7242337308183966,0.28911319951573644,0.2132676193277494,1.0730899835166117,-1.4608358622934687,-1.9648424039789782,0.04251491150837848,-0.12181552193730179,-0.3361112355557246,-0.09736274527339195,0.03836242270552115,-0.5348301658570215,0.04251491150837848,-0.12181552193730179
BXP,0.3192475576433422,211.631,0.01718722726296891,-0.18383813,41.55350540652463,-0.232,0.05308,0.01683,0.28755,0.50691,23.126005675861197,0.037,33.211956,real-estate,0.591093449084155,1.0132975451113944,0.011723560653292739,-0.5042909001762655,0.6732740238872428,-0.41485072653305277,-0.26493338253534676,-0.7921547792732032,-0.09972566181709301,-0.10223831185626442,-0.21198496076422735,-0.2573712838875726,-0.2305663747122637,0.5387048516162808,-0.08195586760735851,-0.3147630338704768,-0.21198496076422735,-0.2573712838875726
GLPI,0.1957690972972689,155.719,0.012138083664393944,-0.18816292,36.09972429333942,0.479,0.19354999,0.06415,0.77479,0.99555,23.15442545597546,0.09,11.10234,real-estate,-0.21013835260382,0.41111841904014723,-0.5409811881549531,-0.522983782717988,0.01403978802827972,-0.0011991964333096787,0.5530510520707754,2.0232641098883293,2.6424175656561175,1.9409145269504593,-0.18188941417892193,-0.15618177144582115,-0.3581758653055281,-0.11333370723954195,-0.1700477303743393,1.7899118136414205,-0.18188941417892193,-0.15618177144582115
CCI,0.29116828336037853,,0.018928458148031155,-0.29923725,36.06752233081569,-0.675,,0.04725,0.46825,0.64648,24.09489879254321,-0.049,27.427984,real-estate,0.4088915698189408,0.0,0.2023274839041793,-1.0030763199488126,0.010147325951617632,-0.6725829738385186,1.6162618668313201e-16,1.0177573637592103,0.9172378083503998,0.48134641659874244,0.8140387386468587,-0.4215655870949429,-0.2639495741547916,0.2037396845743734,-0.555170655945238,0.6040853971770882,0.8140387386468587,-0.4215655870949429
ADC,0.1672793816985792,58.984,0.010071667140963513,-0.04300469,19.991454868849658,0.021,0.037049998,0.02399,0.48116,0.86722,22.843490071254195,0.168,36.30978,real-estate,-0.39500351932795363,-0.6307294447547821,-0.7671815730753122,0.10442835598800866,-1.93307221824398,-0.2676582692683059,-0.35827924326122146,-0.3661531045818133,0.989894135964469,1.4043276658583117,-0.5111590397099968,-0.007261356908903911,-0.21268674520682188,-0.5976381790526827,-0.6987673771747591,0.4174473634949365,-0.5111590397099968,-0.007261356908903911
PSA,0.1619924523686363,109.632,0.014568464104319452,-0.017545044,30.07446517416207,0.451,0.21929,0.06985,0.45703998,0.69985,24.690710293848408,0.033,26.98855,real-estate,-0.42930955052201575,-0.08524424699300415,-0.2749394754699305,0.21447165802853072,-0.7142727365943489,-0.017489270755099824,0.702940202960627,2.362399521304659,0.8541488164309367,0.7045026604738134,1.4449821422023479,-0.2650082282227991,-0.26648584384348084,-0.2631644243283168,-0.172430116440306,1.1559978002925089,1.4449821422023479,-0.2650082282227991
SPG,0.1427343040709446,503.504,0.011993651774459423,0.09969854,29.996729343783628,-0.125,1.20508,0.05633,0.46023998,0.73842,25.056800605355615,0.195,14.16796,real-estate,-0.5542725668609576,4.156805701925551,-0.5567914319889152,0.721229337472515,-0.7236691754456445,-0.3525993710890689,6.443389645509666,1.557994124401364,0.8721581307891877,0.8657755914511694,1.832658893398072,0.044288017353875116,-0.34048210678197327,1.0152472343585595,-0.11834640302073278,2.434829373037847,1.832658893398072,0.044288017353875116
IRM,0.25149347741157546,,0.020582712339210867,0.0903579,35.03453584734993,,,0.04634,0.19059,0.33733,24.22068587797676,0.185,79.25,real-estate,0.15144815691205818,0.0,0.38341049914245057,0.6808566288821528,-0.1147165145559953,3.229574211590441e-17,1.6162618668313201e-16,0.9636146928137962,-0.6454078868721016,-0.8113040011261646,0.9472428336213795,0.025195656515808792,0.035150195975815646,0.17828621868483627,0.1887133714420525,-0.12327429879611748,0.9472428336213795,0.025195656515808792
EQR,0.0,78.679,,-0.012717128,,-0.399,0.080240004,0.026689999,0.27879998,0.60419,23.92647890270668,0.021,28.675674,real-estate,-1.480452430886765,-0.41861186913643156,3.797831787997197e-16,0.23533918378337698,-8.588795328098083e-16,-0.5120093840951584,-0.10677532674108058,-0.20551007446099245,-0.14896999332365046,0.3045190312984468,0.6356880047534775,-0.2879190612284787,-0.2567483145165278,-0.6330214333410654,-0.09222340010392742,-0.03918409080681917,0.6356880047534775,-0.2879190612284787
KRC,0.34725603121777004,85.616,0.01740242031729916,-0.19715303,35.89227055770313,-0.702,0.03431,0.015700001,0.23993,0.55171,22.086115932366617,-0.06,23.265736,real-estate,0.7728359139778107,-0.3438995247817986,0.03527967877844348,-0.5618414082367212,-0.01103650345647431,-0.6882912597916733,-0.3742347915947261,-0.8593868276530351,-0.3677267711108172,0.08508414880708964,-1.3131915884402974,-0.4425671840168158,-0.287972711734514,0.15473868932481852,-0.4203897238282896,-0.37906606038787216,-1.3131915884402974,-0.4425671840168158
CPT,0.1715428063176551,125.648,0.012320120089401018,-0.06752533,28.741178749378946,-0.757,0.07885,0.01867,0.16104001,0.56514,23.138716330804936,-0.008,32.459732,real-estate,-0.36733884502501013,0.0872500455230405,-0.5210545620661482,-0.001556314566597885,-0.8754357974473164,-0.7202896200666182,-0.11486959396527734,-0.6826794885703881,-0.8117125928699693,0.14123907395684032,-0.19852482467411553,-0.343286907658871,-0.23490796623750898,-0.2670477871893726,-0.5324272440268442,-0.36700565036219857,-0.19852482467411553,-0.343286907658871
WPC,0.14494525284788348,101.882,0.01065189374958158,-0.036366284,28.591915253569255,2.565,0.077800006,0.03402,0.59301996,0.83773005,23.412731351641234,0.184,22.13356,real-estate,-0.5399260770600511,-0.16871270147598036,-0.7036670392326583,0.13312129682959042,-0.8934782536001395,1.2124113405400574,-0.12098391595269842,0.23060622462972877,1.6194320058836553,1.2810211926699353,0.09164743533269823,0.02328642043200216,-0.29450726224963464,-0.4707686059228966,0.15068479458983608,0.7525188768076552,0.09164743533269823,0.02328642043200216
CUBE,0.16485590856687185,134.3,0.013783481195033137,-0.0588966,33.496103718064006,0.083,0.12028,0.04282,0.41088,0.61923003,22.864095823479108,0.015,25.564627,real-estate,-0.41072904536883637,0.18043315109551938,-0.36086766769213413,0.03573933132007757,-0.3006768800570523,-0.23158739041291337,0.12638546076727897,0.7541837019040625,0.5943645693713792,0.36740598281743475,-0.48933827355639387,-0.2993744777313185,-0.2747042628641474,-0.1970545206551504,-0.1655083130499627,0.46058492871503887,-0.48933827355639387,-0.2993744777313185
KIM,0.1481022610658609,84.993,0.011189181870277174,0.049625516,28.995786520113,-0.058,0.05806,0.023740001,0.36565,0.60907,23.42450833788539,0.049,26.12941,real-estate,-0.5194407602254844,-0.35060931150991403,-0.6448527690521617,0.5048005267924959,-0.8446596889640058,-0.31361955039049955,-0.23593386111202722,-0.3810274052342118,0.33981416673897324,0.3249237993349907,0.1041188491409834,-0.23446045088189302,-0.2714445196408487,-0.5049676135958534,-0.2178262375206698,0.011944174931931228,0.1041188491409834,-0.23446045088189302
AMH,0.16310560857129325,68.848,0.012455135996178422,-0.061199486,30.09522723089168,0.106,0.07084,0.021930002,0.25921,0.51858,23.245664198333284,0.028,24.119047,real-estate,-0.4220864595690248,-0.5244929499134818,-0.5062750392849811,0.025785650909011002,-0.711763090842356,-0.21820625793430007,-0.16151340251965285,-0.4887177132216058,-0.2592206521023543,-0.05344248337543067,-0.08527079820178626,-0.2745544086418323,-0.28304767902351496,-0.48428481625582925,-0.3013945659558817,-0.2407235628047609,-0.08527079820178626,-0.2745544086418323
STAG,0.13913778946211983,93.78,0.01206648184180843,0.03159952,47.22258889893583,0.033,0.069759995,0.02892,0.37036,0.73025,22.67596475748638,0.081,27.546156,real-estate,-0.5776097697362559,-0.2559722393109576,-0.5488190851356426,0.4268874198149187,1.3585332681765077,-0.26067680884468153,-0.16780248447443039,-0.07283072242698753,0.3663216263100244,0.8316143302096605,-0.6885624490413365,-0.17336489620008083,-0.26326752392278446,-0.46080036472761865,0.5082479597155816,0.23932568740456672,-0.6885624490413365,-0.17336489620008083
ESS,0.0947943293407336,122.409,0.012229061561484442,0.03808546,40.85408088475131,-0.718,0.0771,0.029560002,0.33975,0.62124,23.644804189545496,0.031,42.026524,real-estate,-0.8653473261210609,0.052365616610736104,-0.5310222882391935,0.4549213624092778,0.5887300019356609,-0.6975998736898391,-0.1250601888429499,-0.03475224144851858,0.19405127865187843,0.3758102802785849,0.3374044002441418,-0.2688267003904124,-0.17969156384808185,-0.4480013325831728,0.11535049688503322,0.10251228215974871,0.3374044002441418,-0.2688267003904124
FRPT,0.44573100129066157,39.885,0.03143522486605097,0.072232604,23.88215825901726,0.176,0.17622,0.03486,0.07113,0.16455,21.740748541282258,0.155,14.911918,consumer-defensive,1.0519905217345193,-0.4528021595750058,1.523857755230035,0.38379086971541254,-1.4479823575396757,-0.1822928885061351,-0.165108407456444,-0.8447440591464397,-0.5423951633537016,-0.04762666103555945,-1.2907847721859271,0.4850337602710245,-0.5003847562397071,0.7076820391298494,-0.4154947921101328,-0.39996857274803616,-1.2907847721859271,0.4850337602710245
KO,0.07867634192195809,115.519,0.011867894437045936,0.3003893,44.24680122219353,0.169,0.42054,0.09401,0.34873,0.33909,26.637750611734837,0.067,25.849852,consumer-defensive,-1.5824162312066903,-0.2315031011193529,-1.3438452386986361,1.1533753830717584,0.5912095500242355,-0.18412055578785275,0.40283722979859277,0.4462994518883764,1.7462627312131103,1.4213178739278016,2.131544276978962,-0.0733465686263501,-0.13668773271224416,-1.0525881903415597,0.5201547924360471,1.0041793217069703,2.131544276978962,-0.0733465686263501
PRMB,0.3618710795767165,191.165,0.031159990085111382,-0.12619156,26.716321257000686,1.628,0.03588,0.04157,0.11502,0.19884,22.654066293071494,0.038,63.499996,consumer-defensive,0.4501151922010382,-0.010168931619705751,1.4835205406980116,-0.28550425230931986,-1.1641864539898172,0.19681752478729872,-0.491342406852203,-0.698287559416201,-0.18054647822208286,0.24096110167724927,-0.652501629132774,-0.2573582679220759,1.115216448477766,0.641155600426448,-0.41762439383727945,-0.2823038357033094,-0.652501629132774,-0.2573582679220759
WMT,0.23341506413434532,71.653,0.01661984498959836,0.047469616,37.76172928666551,-0.091,0.22313999,0.06414,0.0345,0.05989,27.44107484650493,0.059,38.77612,consumer-defensive,-0.47183304057531633,-0.35985152244065904,-0.647419996839596,0.3002640111864433,-0.058166244818375026,-0.2520053405373657,-0.05603832060088587,-0.20566115123267098,-0.8443891787643008,-0.9284547521852408,2.692957122021471,-0.12410841670792966,0.2931233446738777,-0.4930348532851904,-0.003302524723099128,-0.5086358506957745,2.692957122021471,-0.12410841670792966
BRBR,0.7877449584768671,,0.04428795298530308,-0.7838818,31.600541859366658,0.813,,0.1907,0.114659995,0.14096,20.61141690362621,0.042,5.453901,consumer-defensive,3.506676371414565,-8.315965751710284e-17,3.4074977868357488,-2.503927959188465,-0.6751102082087727,-0.015975165869828386,-6.452053896692338e-17,2.556713603738865,-0.1835145195957627,-0.24616224932354897,-2.0800318286679866,-0.2319773438812861,-0.8148730893538167,2.3047247194167713,-1.0650044444223552,0.5317592087048884,-2.0800318286679866,-0.2319773438812861
POST,0.36436612785829364,247.074,0.01985217965619272,-0.3128392,39.87212949881468,-0.279,0.082779996,0.04192,0.102819994,0.17233999,21.91771855026874,-0.018,13.540892,consumer-defensive,0.46802253072442335,0.15341634827025247,-0.17370306164480304,-0.9150765406392245,0.15315644039233206,-0.3010912618177828,-0.3823187979971004,-0.6906482487000187,-0.28112875504363355,0.0179346042212254,-1.1671071437365197,-0.6126912044931325,-0.545972714201308,0.1492452724499576,-0.3543371206882251,-0.3340402993798818,-1.1671071437365197,-0.6126912044931325
SJM,0.22818967955112363,120.682,0.017870331625153727,0.112237334,50.522563787010235,,0.03931,0.06257,0.17898001,0.24723,23.26505247604007,0.05,56.623814,consumer-defensive,-0.5093364152945744,-0.21639657444078858,-0.46415410465972634,0.5187289241698915,1.2196263731969965,0.0,-0.48336903776336554,-0.2399289164452604,0.3467682977976298,0.6482157484451939,-0.2255065548957569,-0.18121549579970658,0.8865766590410116,-0.3966290314650298,0.5794517657889626,0.06792152300854944,-0.2255065548957569,-0.18121549579970658
LW,0.4136543067218203,221.223,0.02560618929783475,-0.30366915,27.424307805717262,-0.062,0.16280001,0.060310002,0.097729996,0.16701001,22.469273223159384,0.056,20.04327,consumer-defensive,0.8217712379648359,0.07777838174544772,0.6695796097599713,-0.8841454805808192,-1.0932929724091431,-0.2444335760845354,-0.19630448134522188,-0.289256993416548,-0.3230929629183788,-0.0269229928480082,-0.7816464982069515,-0.14314410973852196,-0.32976227405324543,0.523043076490085,-0.7406240096914992,-0.20889435763203923,-0.7816464982069515,-0.14314410973852196
COKE,0.24557505816254532,,0.022874900588682343,0.5997485,50.41236092007381,0.107,0.97331,0.12462,0.1322,0.15844,23.256853458910868,0.106,25.303476,consumer-defensive,-0.38455892603686936,-8.315965751710284e-17,0.26929379474099285,2.163129680402331,1.2085913260884635,-0.200308465997352,1.6878049356985052,1.114411740523638,-0.03890691543873322,-0.09904897745945164,-0.231236537054672,0.17411744077135,-0.15485527010338593,-0.038421710431958855,1.0571375134978143,0.6660651958309896,-0.231236537054672,0.17411744077135
CART,0.287846040011916,1.348,0.026487013894813963,0.1612817,38.281564613403816,0.081,0.16001,0.09364,0.14094,0.15652001,23.048963374136722,0.141,23.56284,consumer-defensive,-0.08117370207877155,-0.5655583514424926,0.7986694384950677,0.6841581454143143,-0.006113086141968086,-0.20709694447230328,-0.20279013134275756,0.43822360913126945,0.033149532682714665,-0.1152077881486021,-0.3765230339603507,0.3962005261282603,-0.21273312274399872,0.05064579499126787,0.15698270493334765,0.038343805580656115,-0.3765230339603507,0.3962005261282603
BJ,0.18447168038195966,126.207,0.01911261281791615,0.04899478,49.296059020205064,0.193,0.27673,0.07047,0.04053,0.050869998,23.176075430115713,0.157,20.86168,consumer-defensive,-0.8231071012038776,-0.20023086460172837,-0.2820907665507463,0.30540846942635674,1.096811620216541,-0.1778542679648208,0.06853687741791639,-0.06749876028000168,-0.7946751762274209,-1.0043679104484389,-0.28768923821809794,0.49772422229141944,-0.3025493395973316,-0.4351429107854508,0.408121940559359,-0.4495012423844863,-0.28768923821809794,0.49772422229141944
DG,0.3456701573066243,169.811,0.023599448836564053,0.23033702,49.066946833088174,0.333,0.19692,0.048899997,0.06813,0.08208,23.99592334788991,0.052,15.529871,consumer-defensive,0.3338387250786445,-0.07264903440763192,0.3754804402435498,0.9170853650338812,1.073869714545136,-0.14130092233046765,-0.11698924123517979,-0.5382986318971027,-0.5671284979491643,-0.7417016913920874,0.2852713822859226,-0.16852503377931174,-0.47983721346061686,0.2122233769715208,0.6165513857495165,-0.4910295156183836,0.2852713822859226,-0.16852503377931174
SFM,0.45241850530591216,140.338,0.031573509714611536,-0.3966965,38.40297451428319,0.015,0.35197,0.103199996,0.074889995,0.09355,22.545712895044826,0.047,12.686424,consumer-defensive,1.0999877485464555,-0.15888468437806136,1.5441241822559861,-1.197931615871718,0.006044165415008641,-0.2243292359856412,0.2434395859439027,0.6468858373868704,-0.5113960918829461,-0.6451691268451083,-0.7282257101740798,-0.2002511888302989,-0.5743846124902776,0.8284090821414601,-0.4720722288141168,-0.06655994884932032,-0.7282257101740798,-0.2002511888302989
CPB,0.3631030374943204,179.259,0.020078413987276864,-0.36761487,36.533323432069615,,0.1005,0.0494,0.102010004,0.16625999,22.50058719784181,-0.079,15.137405,consumer-defensive,0.45895714032684853,-0.045004939102755756,-0.1405471403026784,-1.0998377511570951,-0.1811713612068918,0.0,-0.34112692273538703,-0.527385265394179,-0.2878066729399598,-0.033235229470634564,-0.7597623487500621,-0.9997502961151764,-0.4928870925361104,0.09113502030713812,-0.42700303745466234,-0.2973885226350401,-0.7597623487500621,-0.9997502961151764
MNST,0.17701365473161543,0.992,0.01678623850305116,0.2352767,30.21977993186995,0.18,0.25704,0.17483999,0.2918,0.31818,25.124307161908956,0.202,38.537033,consumer-defensive,-0.8766344782181547,-0.5665999790809914,-0.6230340859239405,0.9337471649967282,-0.813371338242573,-0.18124850720229643,0.022765554572665637,2.210543477019553,1.2769064850398806,1.2453374097013559,1.0738560407702418,0.7832596177503043,0.28517346764370816,-0.6887561810743622,-0.020290893482713762,1.1888882315833638,1.0738560407702418,0.7832596177503043
HSY,0.3225390204190053,129.821,0.01706882852693125,-0.14606923,27.08405279037467,6.31,0.32808998,0.09922,0.23119,0.22375,24.17856920561165,0.066,21.560875,consumer-defensive,0.1678230604777477,-0.1896565885187666,-0.5816189189201649,-0.35255267675533314,-1.1273640472150834,1.419265840930451,0.18792815349235137,0.5600160485492623,0.7772106817628832,0.4506059301746559,0.4129156461840966,-0.07969179963654754,-0.2793004207096071,-0.20115081565372794,-0.02021696101332182,0.4939402034947882,0.4129156461840966,-0.07969179963654754
CL,0.16967487123854366,1388.163,0.014149740052914757,0.104073524,35.95608596016939,-0.055,2.67367,0.15838,0.20966,0.23676,24.942990937784487,0.049,33.590553,consumer-defensive,-0.9293060362519721,3.492151854974942,-1.0094278521240097,0.49119196445697705,-0.23897242276098052,-0.24260590880281777,5.640457374152066,1.8512778256045406,0.5997077838161129,0.5600992749659548,0.9471410073725299,-0.18756072680990402,0.12069816061240539,0.5178059888663201,0.003204544297726255,2.1628855646346685,0.9471410073725299,-0.18756072680990402
MKC,0.3579000982791288,65.143,0.018958397529752313,-0.28571427,27.416066908975765,-0.142,0.24728,0.05136,0.17422001,0.19653,23.24696939727554,0.167,8.055555,consumer-defensive,0.4216148594054799,-0.3788992638075879,-0.3046918896411735,-0.8235827277472508,-1.094118165857254,-0.2653212021613086,7.748392920970675e-05,-0.4846051253835577,0.30752474023949583,0.22151993131076975,-0.23814413292080922,0.5611765323933938,-0.7283655445059216,-0.08732543134776051,-0.7276740319219379,0.011129257523979391,-0.23814413292080922,0.5611765323933938
DLTR,0.38531266252511387,223.945,0.026304479518573603,0.25442874,38.168489177086066,1.972,0.46032003,0.08262,0.062090002,0.12476,23.78635795994571,0.07,13.887941,consumer-defensive,0.6183589750891271,0.08574273689149689,0.7719179928066229,0.9983480013586871,-0.017435774936481116,0.2866343169174235,0.4953097841878137,0.19769445458175672,-0.616924928445806,-0.382502924620939,0.13881407952340646,-0.054310875595757764,-0.5344329948797083,0.49200656826241557,0.4225155144465432,-0.07660590357429366,0.13881407952340646,-0.054310875595757764
SYY,0.23979820109183955,564.591,0.017218911736797356,-0.057403624,40.859234215385996,0.053,0.77692,0.079679996,0.048449997,0.05314,24.344592771482663,0.047,21.300547,consumer-defensive,-0.42602030212733466,1.0824457945994632,-0.5596233752851745,-0.05347893295885262,0.25199912344796693,-0.2144076135991739,1.2312772519210142,0.13352415725941694,-0.729379197628734,-0.9852633668924866,0.5289432206371724,-0.2002511888302989,-0.28795658180372746,0.03226737239565136,-0.005295807703353195,-0.08746028883519735,0.5289432206371724,-0.2002511888302989
CASY,0.36125578399906194,70.547,0.023661821567397084,0.0685786,22.660115526653954,0.277,0.19983,0.07912,0.065,0.08377,23.836282572823087,0.243,29.30925,consumer-defensive,0.445699122867888,-0.363087590328804,0.38462151687627494,0.37146572239586095,-1.570350309437413,-0.1559222605842089,-0.11022466279537889,0.12130134741993322,-0.592933610377097,-0.7274784974876066,0.17370449828583218,1.0434140891683992,-0.021659359365242915,0.15574434980511964,-0.4516022825419203,-0.3273338558100373,0.17370449828583218,1.0434140891683992
PEP,0.2341047906988712,238.949,0.013308947451746088,-0.09570658,31.49899752552571,1.37,0.51508,0.08931,0.16836001,0.19485001,25.877132502498437,0.064,16.608126,consumer-defensive,-0.46688276880272805,0.12964324556575213,-1.1326507653564852,-0.18267681437176336,-0.6852782422961786,0.12945493068970518,0.6226046681830523,0.34371442227107074,0.25921229332969203,0.20738098247787687,1.599977123624659,-0.09238226165694244,-0.443984178133872,-0.4899634295311537,-0.24616670865941226,0.358228091565423,1.599977123624659,-0.09238226165694244
PG,0.15522932638749037,64.49,0.012524346892590816,-0.031727374,52.46697189695455,-0.155,0.30290002,0.107209995,0.22084999,0.28440002,26.54464718703736,0.015,21.94562,consumer-defensive,-1.0329838943970815,-0.38080988978494656,-1.2476384168754917,0.03312840624045746,1.4143276154416902,-0.2687154413987842,0.12937163792003273,0.7344104897656719,0.6919630394127398,0.9610420217549155,2.0664778240073653,-0.403298581156617,-0.2665072724498832,-0.8871440670191731,0.3929135267611212,0.62919679721334,2.0664778240073653,-0.403298581156617
HRL,0.2475925430541942,36.326,0.018455970936529845,-0.19505274,22.906396361754645,-0.672,0.042930003,0.04634,0.08615,0.10414,23.118794220689708,-0.024,32.16129,consumer-defensive,-0.3700791321237292,-0.46321551003966016,-0.37832534980279636,-0.5177766275169435,-1.5456892394233928,-0.40370172491993117,-0.4749539881943571,-0.5941746676556589,-0.4185636014790852,-0.5560427224377403,-0.32772090334087733,-0.6507625905543171,0.07317376533465622,-0.4038733306553952,-0.8223891972867557,-0.5109337449417104,-0.32772090334087733,-0.6507625905543171
BF-A,0.2416556170792973,61.502,0.023252594012715,-0.016483545,46.56684957617558,0.057,0.18122,0.08627,0.27552,0.30294,23.233785630302854,-0.014,17.309677,consumer-defensive,-0.4126893469262879,-0.38955253973953696,0.32464690316911576,0.0845466417265304,0.8235251293914694,-0.21336323229533524,-0.15348542044647678,0.2773615520505155,1.1426869226351697,1.117076181828996,-0.24735776772000134,-0.5873102804523427,-0.4206569199375146,-0.15919832783223636,0.23156951294088815,0.5959098090170512,-0.24735776772000134,-0.5873102804523427
ELF,0.6583029076159098,79.503,0.04183820383108761,-0.2517107,56.42466328527612,0.931,0.060399998,0.051409997,0.14315,0.11887,22.508006985947464,0.355,103.03061,consumer-defensive,2.5776512134472047,-0.3368830478276956,3.0484731866529664,-0.708886901021094,1.8106268418162426,0.014834082593412132,-0.4343432832045187,-0.4835138607610522,0.05136975583470541,-0.43207370100992826,-0.7545769402067731,1.7540799623105123,2.429648099831034,1.763080450757492,0.3721913411295203,-0.32464027228519843,-0.7545769402067731,1.7540799623105123
TGT,0.13332523558638257,107.583,0.019409749819479852,0.74762595,53.031835109276265,1.005,0.26408002,0.05689,0.06044,0.079780005,24.988530444157604,0.053,16.237307,consumer-defensive,-1.1901928638261068,-0.25472320488094247,-0.23854365765498525,2.661928082508519,1.4708895936472413,0.03415513671442732,0.03913076677464756,-0.3639040160678767,-0.6305282789622003,-0.7610586587674344,0.978966841485552,-0.16217980276911428,-0.4563142732475771,-0.5611532421206782,1.3889909376233958,-0.42909004675571594,0.978966841485552,-0.16217980276911428
CELH,0.6335183436003543,22.802,0.03896207052057133,-0.5295416,44.46374614099501,-0.569,0.05113,0.088520005,0.19087,0.22042999,22.657755074397393,0.106,118.91304,consumer-defensive,2.399768652513147,-0.5027856566212802,2.626959575717082,-1.6460251122610372,0.6129330991975273,-0.37680890634608566,-0.45589229647180307,0.32647151578755507,0.444794664799865,0.4226644236688479,-0.6499236797453699,0.17411744077135,2.9577544604456882,1.507980857202983,-0.46996697313653185,0.18450957694611622,-0.6499236797453699,0.17411744077135
PFGC,0.2372910410895704,158.849,0.018353664253235983,-0.10122132,28.159574288507216,0.227,0.076680005,0.030199999,0.02229,0.02644,23.38866609829844,0.073,40.135967,consumer-defensive,-0.4440145683002303,-0.10472297309646063,-0.3933189731304748,-0.20127832190405504,-1.019667843585652,-0.16897702688219218,-0.3964988212278837,-0.946456046508498,-0.9450538505678339,-1.209972998401148,-0.1391176818176977,-0.03527518256516552,0.33833958993123164,-0.3140188381757219,-0.4633077307906331,-0.8744954291763409,-0.1391176818176977,-0.03527518256516552
REYN,0.2001292716822097,71.342,0.01619809761024961,-0.10138434,25.298347390348013,0.21,0.15433,0.06979,0.14619,0.18225001,22.23999645369232,0.006,13.512501,consumer-defensive,-0.7107302025503763,-0.36076148366417904,-0.7092294616936875,-0.20182819692226334,-1.306173762053295,-0.17341564742350649,-0.2159938445860803,-0.08234084967144166,0.07643286822477414,0.10133823502435131,-0.9418793380458967,-0.4604056602483939,-0.5469167427715085,-0.5935737159694142,-0.5604725354663549,-0.03014089775209913,-0.9418793380458967,-0.4604056602483939
INGR,0.20980565663147535,39.412,0.0113029223722603,-0.19347829,27.950642878083514,-0.405,0.13693,0.07334,0.12595001,0.15994,22.52202733730442,0.009,10.482493,consumer-defensive,-0.641281325649462,-0.4541861198924493,-1.4266450916244198,-0.5124659250116184,-1.040588968603278,-0.33398927288870056,-0.25644183938076615,-0.004856412407306505,-0.09043461340149854,-0.08642484085784145,-0.7447786483053018,-0.44136996721780164,-0.6476674778613711,-0.8407041790554436,-0.6290147221678657,-0.10953942651185317,-0.7447786483053018,-0.44136996721780164
STZ,0.3135530485354255,123.205,0.018941094369976073,-0.1974237,28.894129930111205,0.307,0.2369,0.08574,0.35931,0.38157,23.683947907100983,-0.033,10.767619,consumer-defensive,0.10332938247197845,-0.2090144774409788,-0.3072277656143823,-0.5257740000673743,-0.9461138940898125,-0.14808940080541894,-0.024051837103482177,0.2657934529660107,1.8334889578864422,1.7788334224854023,0.0672435770537936,-0.7078696696460941,-0.6381867589678131,-0.13763762019446088,-0.5399924316542019,0.9635159990585932,0.0672435770537936,-0.7078696696460941
MDLZ,0.17707424819194548,82.643,0.014702134461024422,-0.039818704,36.133786834095396,1.449,0.13340001,0.04123,0.21978001,0.15325,25.024572166963097,0.041,21.179487,consumer-defensive,-0.8761995897975796,-0.32769565798251027,-0.9284713259533575,0.00583592537259109,-0.22117853436665977,0.1500814614405187,-0.2646476449638289,-0.705708604111921,0.683141648295922,-0.1427284901010229,1.0041550348260109,-0.23832257489148354,-0.2919819454298231,-0.7107888579111492,-0.021753715851183325,-0.10748577272021272,1.0041550348260109,-0.23832257489148354
BF-B,0.254843666272437,61.502,0.02430622809075894,-0.050216734,46.78105813069391,0.057,0.18122,0.08627,0.27552,0.30294,23.21002446676025,-0.014,16.903227,consumer-defensive,-0.31803672512799247,-0.38955253973953696,0.47906293917743303,-0.02923717569219064,0.8449746756317149,-0.21336323229533524,-0.15348542044647678,0.2773615520505155,1.1426869226351697,1.117076181828996,-0.26396354387935295,-0.5873102804523427,-0.4341717807158606,-0.07617544189669882,0.200791422548063,0.5959098090170512,-0.26396354387935295,-0.5873102804523427
TSN,0.25190427545363075,44.025,0.016787724374478934,-0.06407195,29.184388695793984,2.041,0.03263,0.02565,0.02711,0.04977,23.60114485157842,-0.001,31.191357,consumer-defensive,-0.33913317718206704,-0.4406888493969588,-0.6228163230585626,-0.07597154662999148,-0.9170491406762572,0.30464989440864043,-0.49889734840868166,-1.0457670639922667,-0.9053156263177906,-1.0136255937907708,0.009375661501067728,-0.504822277319776,0.040922542652103634,-0.4675461165458628,-0.22945693096586942,-0.8659014081273775,0.009375661501067728,-0.504822277319776
CHD,0.13813422961734334,55.851,0.01428965172788583,0.07409501,39.740912868944264,0.09,0.17041,0.07873,0.18065001,0.2175,23.83006320725135,0.016,30.198719,consumer-defensive,-1.155677987017824,-0.4060869155405378,-0.9889230044823825,0.3900728629258241,0.14001720243695048,-0.2047470865386663,-0.17861431836202582,0.11278897262190142,0.3605365207224374,0.39800536100128003,0.16935801953060314,-0.3969533501464195,0.007916356471033816,-0.8502293023469147,0.1084476596080361,0.17317913399589827,0.16935801953060314,-0.3969533501464195
ACI,0.4174346113298555,973.585,0.024813712984050797,-0.32910663,44.791663562258215,-0.585,0.02717,0.03869,0.01428,0.04203,22.452197528524884,0.002,72.5625,consumer-defensive,0.8489030553478678,2.279129655217853,0.5534377218360519,-0.9699474360352048,0.6457687621157664,-0.3809864315614403,-0.5115896502235658,-0.7611481733093586,-1.0110918539377192,-1.0787661386550795,-0.7935800536642633,-0.4857865842891837,1.4165535867806418,1.227156810800591,-0.2350550351602929,-0.8406489540314308,-0.7935800536642633,-0.4857865842891837
PM,0.18536333231239427,,0.017640753694289607,0.22791469,52.6542875180293,-0.075,,0.14591,0.40002,0.42343,26.41839304001247,0.104,26.175585,consumer-defensive,-0.8167075805688584,-8.315965751710284e-17,-0.497800049468993,0.9089147187766331,1.4330842663364116,-0.24782781532201104,-6.452053896692338e-17,1.5791000980879872,2.16912030834687,2.1311309945810035,1.9782435883006044,0.1614269787509551,-0.12585679127808738,-0.43816921001261716,0.6980570565970113,1.469837850253965,1.9782435883006044,0.1614269787509551
SEB,0.34313478291896093,35.796,0.022997143341093998,0.095152974,35.65381591816842,0.518,0.12331,0.026080001,0.03422,0.06532,22.053353463001123,0.178,5.9797344,consumer-defensive,0.3156419599985277,-0.46476624781607684,0.2872091618039086,0.4611024809967986,-0.26923991257958146,-0.0929982870279296,-0.28810285599591673,-1.0363816032857833,-0.846697623326544,-0.8827553776874119,-1.0723170466022387,0.6309740735055656,-0.7973886135422673,0.046028291328786476,0.03295476046309585,-0.7634843650739139,-1.0723170466022387,0.6309740735055656
KVUE,0.1621140972512077,81.617,0.01847715907961007,0.13858867,40.56113146914236,0.085,0.15581,0.06992,0.19418,0.22591999,24.247296006039157,0.03,21.02381,consumer-defensive,-0.9835708536063064,-0.33069765224402625,-0.375220107543644,0.6076133638878016,0.22214892136675213,-0.20605256316846463,-0.21255344043113,-0.07950339140543126,0.4720837773035253,0.4688687636307411,0.46094620083270266,-0.3081201160036554,-0.2971583582269459,-0.5631628711313255,0.20790324069536303,0.16222392727442628,0.46094620083270266,-0.3081201160036554
COST,0.18199341954065046,23.953,0.012567415611799361,0.0079033375,40.17565971725077,0.15,0.28402,0.087910004,0.03971,0.04737,26.723498782006907,0.111,43.850674,consumer-defensive,-0.8408939537318458,-0.4994179223181565,-1.2413264523759329,0.1668048766592491,0.18355011664067997,-0.18908136698108638,0.08548319247844859,0.3131572667127495,-0.8014356210168474,-1.0338242123533472,2.191470421549229,0.20584359582233722,0.46185723770425996,-0.8605461094753117,0.05375787543961422,-0.35915484354474914,2.191470421549229,0.20584359582233722
FLO,0.5398384388973829,151.702,0.02430238970360289,-0.566081,26.304009122114877,,0.040110003,0.0493,0.062529996,0.093210004,20.886165660294914,,21.346155,consumer-defensive,1.7274138212494545,-0.12563452571542233,0.47850040182062764,-1.7692744267029543,-1.2054728919779452,0.0,-0.4815093528679785,-0.5295679255988025,-0.6132974221718074,-0.6480305641437756,-1.8880203413045886,0.0,-0.2864400711126738,0.6934265657848866,-0.9915824395602998,-0.568101316195591,-1.8880203413045886,0.0
USFD,0.21092372453592403,126.315,0.018905788252786975,0.24089527,25.21915208803793,0.292,0.16350001,0.05826,0.04197,0.04443,23.716387499418705,0.045,28.815624,consumer-defensive,-0.6332567833570626,-0.1999148652057793,-0.31240207686417293,0.952698896569877,-1.3141038995901924,-0.15200583069481396,-0.19467726316382647,-0.33400157126453445,-0.7828031756215987,-1.058567520092503,0.0899143779917532,-0.2129416508506938,-0.03807290756692041,-0.38185790847567164,-0.17113694457170978,-0.5925123825356158,0.0899143779917532,-0.2129416508506938
CLX,0.3473617524840394,2221.429,0.019795086708701184,-0.33251536,24.10299457778352,-0.501,1.6376,0.08321,0.12885,0.16964,23.005303399096505,-0.02,16.983229,consumer-defensive,0.3459795592701775,5.930221787057181,-0.18207035615376646,-0.9814452612763853,-1.4258691471613425,-0.35905442418082845,3.2320117438687257,0.21057214978903568,-0.06652580573700002,-0.004788757500762133,-0.4070353348980018,-0.6253816665135273,-0.43151163582229624,2.0313769967245308,-0.9221229442061855,0.8428173326049998,-0.4070353348980018,-0.6253816665135273
KMB,0.22629147922176338,348.933,0.01741648055681555,-0.19670534,35.409468043795954,-0.323,1.04913,0.10195,0.19002001,0.20993,24.20152226185591,0.006,19.254942,consumer-defensive,-0.5229600858800465,0.45144766745520026,-0.5306685467903638,-0.5233509340749799,-0.2937074276227747,-0.31257945616000804,1.8640559107176475,0.6196026721354845,0.4377869691089324,0.3342955516184874,0.42895666679664884,-0.4604056602483939,-0.3559749525319561,-0.20072698840507,-0.3765459392859209,0.8139352758951379,0.42895666679664884,-0.4604056602483939
ADM,0.12288139020897168,39.134,0.017331827876923434,0.34325838,46.153839072375504,3.156,0.07642,0.02257,0.04008,0.03648,24.367617237579434,0.072,21.688524,consumer-defensive,-1.265149920184539,-0.4549995257449848,-0.543074876026306,1.297975040448609,0.7821687609733784,0.5957711828536671,-0.397103228175389,-1.1129929982946711,-0.7983851764167402,-1.1254754440810373,0.5450341468877324,-0.04162041357536297,-0.2750559663769829,-0.7544081073186101,0.8919716614252181,-0.8584892117419594,0.5450341468877324,-0.04162041357536297
PPC,0.3941955839647067,82.717,0.02122258075923243,-0.3335777,45.066669447156414,-0.962,0.1452,0.08015,0.01619,0.096099995,22.584444298414628,-0.028,11.79476,consumer-defensive,0.6821130444872853,-0.3274791398778785,0.027136974267544235,-0.9850285898670086,0.6733061845017562,-0.47941936944823405,-0.2372174188662804,0.1437827475275556,-0.9953449642452746,-0.6237081367028263,-0.7011578010818654,-0.6761435145951068,-0.604033314227424,0.12725695962565034,-0.2637139249378288,-0.4281219430717064,-0.7011578010818654,-0.6761435145951068
SFD,0.3504663959821939,32.755,0.01605285620401362,-0.18760681,18.616112362078482,0.255,0.15453,0.07311,0.08405,0.10929,22.720863439041402,-0.023,6.9591074,consumer-defensive,0.36826205477392665,-0.47366397154830886,-0.7305154116098783,-0.4926611147312245,-1.9752922739136192,-0.16166635775532154,-0.2155289251056816,-0.009876530877940791,-0.43587693569590913,-0.5126998534388787,-0.6058196368106848,-0.6444173595441196,-0.7648235016095053,-0.2786391094614202,-0.8765399154667217,-0.2934955612796025,-0.6058196368106848,-0.6444173595441196
KR,0.26160675689258284,413.24,0.01834912852607091,-0.083936095,54.484655671773936,0.153,0.14442,0.05801,0.029779999,0.05386,24.26770620837711,0.02,32.932583,consumer-defensive,-0.26949700183144437,0.6396048263005301,-0.39398370961142304,-0.14297435054097066,1.616366238611982,-0.18829808100320738,-0.2390306048398353,-0.33945822177609325,-0.8833029667722736,-0.9792037813237138,0.47521011727700446,-0.37157242610562974,0.09882001337085461,-0.007958628380779117,0.42836460235593465,-0.610248893677979,0.47521011727700446,-0.37157242610562974
CTVA,0.16550661233923195,19.191,0.016025302014343004,0.2264924,49.8501543801503,-0.099,0.04256,0.04546,0.3013,0.24001,24.670806026538248,-0.012,47.060608,basic-materials,-1.2497489640608905,-0.9286081769717369,-1.1169883245539274,0.5232608904202071,1.3499677492416216,-0.5280088625976924,-0.28199929951509334,-0.29479439160273146,0.8750250165782043,0.08903105340834457,1.1049232234681834,-0.7015730754207649,0.18185716431624488,-1.0984484885288517,0.44840659235471203,0.096815594717181,1.1049232234681834,-0.7015730754207649
SW,0.30503670131096977,78.427,0.028168993644905275,0.040318847,43.06759332243247,,0.02715,0.02621,0.05466,0.14608,23.86445941470076,0.011,47.419353,basic-materials,-0.10303998665103553,-0.25431651761500695,0.34691357417894986,-0.08668495831264016,0.4358216387209789,0.0,-0.35676632686078286,-0.6729698126873258,-0.8399308447251593,-0.5190695025695636,0.4079326934189013,-0.6073766695892266,0.1882353251749825,-0.0034809766956975428,0.11637889346944624,-0.5971841217107079,0.4079326934189013,-0.6073766695892266
AMCR,0.2650950344555109,128.294,0.019795077389071252,0.03183472,39.54591117713154,,0.09396,0.035669997,0.09691,0.15043001,23.685288681609336,0.259,17.588234,basic-materials,-0.4312951199588451,0.3133265065112347,-0.6625481512731433,-0.11448083995310208,-0.03882680280739948,0.0,-0.03261414665536289,-0.4871236646907544,-0.5461549562234277,-0.4909076426791189,0.2530609516723391,0.4083063150290975,-0.3421349254993005,-0.26017225490691787,-0.05110254758683386,-0.389200102562166,0.2530609516723391,0.4083063150290975
SLGN,0.278006434731636,203.153,0.02108629783541735,-0.17667764,28.574274587160033,-0.137,0.11748,0.04244,0.10297,0.14636,22.02412486428604,0.068,13.735178,basic-materials,-0.32518454039371897,1.165456956369183,-0.5068936665749637,-0.7976135746626822,-1.5175719006278934,-0.5848943860691328,0.08150139410846706,-0.35412373039106787,-0.5040181068903982,-0.517256789318485,-1.1828171589784209,-0.3739334029632409,-0.410638767966023,0.11112624980016676,-0.9666932871199028,-0.323474308122871,-1.1828171589784209,-0.3739334029632409
VVV,0.33896199313051373,474.994,0.021120213226289396,-0.17225015,38.40530063387393,0.157,0.28399,0.07014,0.21043,0.24500999,22.069763011584197,0.241,37.209877,basic-materials,0.1757703902175692,4.259861017602096,-0.50280522241776,-0.783108135505026,-0.19255703580711908,-0.1447800728953575,0.889383141242197,0.19005596644234832,0.2431808748467874,0.12140086815213236,-1.1433684206705577,0.3345873887261545,0.006720097892590683,1.3109420618006349,-0.3734817480691675,0.36100521267086627,-1.1433684206705577,0.3345873887261545
NEU,0.3276745291718637,51.129,0.02086425330072901,0.077748775,39.76982428490081,0.229,0.25123,0.11083999,0.23868,0.26725,22.833958759298906,0.07,19.45632,basic-materials,0.0830059094596166,-0.5650534633426053,-0.5336607672081398,0.03594378693115592,-0.008648040711487785,-0.036996975791575785,0.7304364951782909,0.9896266602807265,0.43961090680356657,0.26538215683470684,-0.48281228830544615,-0.3657424111518028,-0.30892205004192597,-0.33856944036370945,-0.003233743190635883,0.6062640547743227,-0.48281228830544615,-0.3657424111518028
ECL,0.2009451472010994,138.023,0.013884934289965284,0.014124036,46.646481926709264,0.033,0.21956,0.07233,0.18521999,0.24555,25.06671563484612,0.097,36.856377,basic-materials,-0.9585022059470417,0.4240730720099452,-1.375006106215766,-0.17250496856829403,0.9181803037953639,-0.330406517907426,0.5767783669474025,0.23307955980210238,0.06788873077844321,0.12489687987611423,1.4471398877352883,-0.2551640216973885,0.00043518837869154447,-0.6364784133842875,0.13842293910654796,0.2506608843510156,1.4471398877352883,-0.2551640216973885
CRH,0.362702884899961,77.592,0.020173462377251622,-0.2947017,36.74867506293331,0.139,0.15812,0.06061,0.19022,0.20014,24.732153371951146,0.056,14.628976,basic-materials,0.37088166639008846,-0.26382143920935625,-0.6169344680950227,-1.1842865703034566,-0.4158352060111578,-0.1717258471713029,0.27868062780923447,0.002834576159949202,0.10265517764868091,-0.16908636559345663,1.157950691022136,-0.42307935383186956,-0.394747849850877,-0.16995808030476348,-0.5906158744953057,0.05377100400610199,1.157950691022136,-0.42307935383186956
NEM,0.32103663387228687,15.807,0.031666343935108074,0.354738,49.74731015847172,0.114,0.25905,0.15755,0.51569,0.66200995,25.52345056981335,0.151,14.768246,basic-materials,0.028453273628694233,-0.9671287214930275,0.7685133550459813,0.943421918008552,1.3361065182940552,-0.2091505336656716,0.7683779717417751,1.9072670603127062,2.365737744054802,2.8210485581208897,1.8419327965681376,-0.034007242788559884,-0.3922717555142413,-0.056720697606117344,0.6901259675456451,1.9656078335575433,1.8419327965681376,-0.034007242788559884
AU,0.3991401922865331,16.676,0.038622393727568975,0.30596197,48.01744234228699,0.501,0.44731,0.24863,0.51192003,0.60617,24.58435380296392,0.27,12.695946,basic-materials,0.6703367000730949,-0.957236773151124,1.6070536283543264,0.7836208263026383,1.1029568389291051,0.3701836132671551,1.6817874829747097,3.6965770526443866,2.339524104140604,2.459542067747435,1.0301955812254784,0.453356769992007,-0.42911537074946987,0.4400511850920991,0.7522537594996329,2.5443576768767837,1.0301955812254784,0.453356769992007
ESI,0.35095292858499144,74.976,0.029311065138938153,0.4039812,47.91580956514991,0.619,0.06539,0.046469998,0.118310004,0.17904,22.902677867754804,0.564,48.373333,basic-materials,0.27431625537484605,-0.29359973249177246,0.4845883998798734,1.10475356224226,1.0892588851428198,0.5468281335205751,-0.1712315360951002,-0.27495249970950564,-0.39735483340589833,-0.3056872570140237,-0.4234128103091973,1.657432566273407,0.20519622468861637,0.15510164092098233,0.9136135269685517,-0.28730653155613195,-0.4234128103091973,1.657432566273407
VMC,0.26683670492628153,58.22,0.0178405612639909,-0.19523275,35.736910171584114,0.027,0.13234,0.06044,0.21611,0.28836,24.1795461683993,0.025,28.881935,basic-materials,-0.4169814390944485,-0.48433562019825777,-0.8981618306758928,-0.85840423012856,-0.552199763929257,-0.3393884426660745,0.15359990328153314,-0.0005051548314471476,0.2826754795021681,0.40204778801424107,0.6802876338971684,-0.55003972690916,-0.14134316068449757,-0.5998262966561997,-0.5833308122412971,0.2094545039916238,0.6802876338971684,-0.55003972690916
BALL,0.21825530159940865,131.495,0.016352790575502894,0.122226596,34.26919997389858,0.092,0.17151,0.046329997,0.09232,0.14491001,23.42000762360393,0.197,16.24058,basic-materials,-0.8162410664668505,0.34976393647951226,-1.0775101212958078,0.1816629927070303,-0.7500161281563069,-0.242084257780716,0.34364691568456107,-0.27770288605377913,-0.5780704906192371,-0.5266439896289544,0.023757098320887862,0.15438556887451643,-0.3660949918247441,-0.514662417094382,-0.27014579774333086,-0.2596926126543524,0.023757098320887862,0.15438556887451643
RS,0.19046533533771998,26.921,0.01558902060159038,0.3557073,38.670796552675945,0.423,0.12229,0.07334,0.09538,0.098009996,23.700999118523697,0.265,22.526346,basic-materials,-1.0446291082794672,-0.8406165076012945,-1.169581325754902,0.9465975597774814,-0.1567737882304829,0.2534185914047249,0.10483879849086593,0.25292149098628103,-0.5567934676886974,-0.8302735498202848,0.26664075171303575,0.4328792904634118,-0.25433977107355854,-1.018275647211888,0.34774745431724113,-0.25732668200795883,0.26664075171303575,0.4328792904634118
JHX,0.32384615678053635,69.137,0.028759753678653157,0.27281952,36.80370531658391,0.234,0.03313,0.05175,0.16133,0.26715,23.410638642846536,0.639,115.045456,basic-materials,0.05154295388956537,-0.36006588481441315,0.41812871710324206,0.6750388098529873,-0.4084182890224906,-0.029512038492702047,-0.32775225654753026,-0.1712243449210641,-0.0982249506072961,0.264734759245036,0.015658731231285073,1.964594759202336,1.3905661261159354,0.03653526205946476,0.07903616077926487,-0.08311669820771361,0.015658731231285073,1.964594759202336
CCK,0.20189336818226664,186.334,0.016165146967096686,0.09933841,31.43043096301612,0.429,0.27367002,0.070989996,0.12595001,0.15955,23.162516426925038,0.165,15.166907,basic-materials,-0.9507093813334698,0.9740039308657589,-1.100130247282836,0.10667621928639695,-1.1326222894398597,0.2624005161633734,0.8393121336583572,0.20675454281742484,-0.34423176711457143,-0.43186504724088876,-0.19881334845915677,0.023329699891506853,-0.38518392436368803,-0.3589452325835157,-0.2545151846633631,0.06749246553008047,-0.19881334845915677,0.023329699891506853
NUE,0.1843430708543591,30.512,0.020242367325124955,0.6993239,38.16776789016849,0.938,0.14548999,0.0732,0.15668,0.15736,24.694164923716468,0.23,18.86602,basic-materials,-1.0949441026787714,-0.799739653175776,-0.6086280908340915,2.072361747807428,-0.2245714374368014,1.024367133188719,0.2174016983448391,0.25017112428748395,-0.13055768153115524,-0.4460430544546822,1.1251142057165162,0.289536933763245,-0.3194170488709351,-0.8344372822295464,0.9573858145197818,-0.02725697833837859,1.1251142057165162,0.289536933763245
ATR,0.22878091653966431,52.78,0.015613951908221397,-0.07426041,33.21691791077322,-0.186,0.13459,0.06141,0.12494001,0.20299,22.76493924964157,0.063,22.272058,basic-materials,-0.7297377378034878,-0.546259899806952,-1.1665758980624543,-0.4620720153456228,-0.8918415458695911,-0.6582467715980954,0.16451656853317492,0.018550957295932383,-0.351254575336743,-0.15063553428783508,-0.5424714273327484,-0.3944108824918362,-0.2588607811738991,-0.8141911785576313,-0.6707201109377697,-0.0797056459488677,-0.5424714273327484,-0.3944108824918362
CRS,0.37753481005200495,32.658,0.03095470789233611,0.586313,19.939327960233243,0.464,0.25752002,0.118719995,0.24078,0.26442,23.681782299211545,0.126,36.889942,basic-materials,0.4927758173180996,-0.7753114355213169,0.6827268095774848,1.7021129761327372,-2.6813804983516683,0.31479507725548955,0.7609547364076832,1.1444331126975424,0.4542127852853094,0.2470608050470194,0.2500301020474824,-0.1363946404315361,0.0010319436483775426,0.1333970637914225,-0.22149081498781387,0.6516653598593887,0.2500301020474824,-0.1363946404315361
SOLS,0.3751693033205007,152.771,0.03495559873096186,0.15723145,44.89723250726517,0.228,0.112629995,0.07637,0.19338,0.21783,22.914504148292288,0.111,42.666664,basic-materials,0.4733352233564,0.5919516153314566,1.1650275689731697,0.2963466576999812,0.6824183932858023,-0.03849396325135053,0.057969891417893944,0.312447284538817,0.12462752812597018,-0.05456173198066857,-0.41319040046791455,-0.19782707901732183,0.10373682358317467,0.7434381358870087,0.3134236959114776,0.11012074302550313,-0.41319040046791455,-0.19782707901732183
LIN,0.1691347959339753,68.947,0.011974064797584146,0.014052868,48.641556025527755,0.113,0.18400998,0.07164,0.28119,0.38991,26.111443212609537,0.093,30.583117,basic-materials,-1.2199312327712182,-0.36222868134486386,-1.605358256387909,-0.17273813071975505,1.187074193893135,-0.21064752112544635,0.404294958934436,0.21952418107231672,0.7351946469268473,1.0594800403250741,2.3501823480032096,-0.2715460053202647,-0.11109768703053977,-1.0625060568346638,0.26789618068264454,0.6046234568146686,2.3501823480032096,-0.2715460053202647
ASH,0.24170559203159483,78.93,0.024187353843626233,0.40997112,36.618958081566625,,0.0399,0.024319999,0.11469,0.19760999,21.857980381430163,0.073,43.538464,basic-materials,-0.6235180576905635,-0.24859079837912954,-0.13306650457185634,1.124377868591733,-0.43331831791767006,0.0,-0.29490522376814554,-0.7100997827665625,-0.4225257184113379,-0.18546558935189023,-1.326429260115172,-0.3534559234346457,0.1192366372018941,-0.33505845354718317,0.23035318355802095,-0.403249078574484,-1.326429260115172,-0.3534559234346457
FCX,0.24309796349452592,32.149,0.030106986411505363,0.8109491,54.061809533642,0.281,0.14755,0.07585,0.33404,0.36933997,25.333634789260387,-0.073,34.653465,basic-materials,-0.6120750430103695,-0.781105453594998,0.5805353901032309,2.438070658965039,1.9176099930276456,0.040846372116711036,0.22739656038263223,0.3022316368004281,1.102675255384043,0.9263101619104864,1.6778596801723917,-0.9513983256696268,-0.03873058980258918,-0.2708817021673789,1.4655090080364654,0.6396534036193975,1.6778596801723917,-0.9513983256696268
RPM,0.22418238970914423,89.022,0.018619782557760135,-0.14019096,33.7260275117942,-0.014,0.21371001,0.07626,0.15307,0.15222,23.25652877901727,0.072,19.085106,basic-materials,-0.7675301024344999,-0.13371215319329463,-0.8042279952175682,-0.678075119058068,-0.8232243144666435,-0.4007649285168391,0.5483950858116458,0.31028628213261933,-0.15565900596881801,-0.4793192905637682,-0.1175508762741174,-0.3575514193403648,-0.3155218984161624,-0.5684900836151209,-0.6340214540138502,0.05592576785291972,-0.1175508762741174,-0.3575514193403648
SON,0.20261829998386285,132.433,0.021071437686903328,0.15157843,30.123342448430577,-0.788,0.18855,0.03951,0.10012999,0.16749,22.297507076362646,-0.013,7.66405,basic-materials,-0.9447516283425098,0.36044132145615826,-0.5086850328486577,0.27782611046734734,-1.3087902400925036,-1.5594332223824927,0.42632246052366235,-0.411684976301606,-0.5237654787508432,-0.3804616786210166,-0.9465108235836354,-0.705668571326484,-0.5185779196698413,-0.3643317799116697,-0.8634657840025497,-0.22239741828745085,-0.9465108235836354,-0.705668571326484
LPX,0.33727395641204655,21.617,0.026048070857844493,-0.26917094,39.26043333554938,-0.518,0.03098,0.026600001,0.05271,0.104090005,22.230351142758536,-0.121,83.83118,basic-materials,0.1618974910204945,-0.9009926802197714,0.09123984748202561,-1.1006421383953724,-0.07730319193259717,-1.155246608243311,-0.3381837366768769,-0.6653080572380576,-0.8534897318867777,-0.7909117181025092,-1.00455912324973,-1.1479821291441412,0.8356045979635301,-0.21595178057241712,-0.7777306461904269,-0.6619733109760553,-1.00455912324973,-1.1479821291441412
DD,0.186007297631043,22.902,0.019469831650607523,0.27993906,38.77977181124004,1.496,0.01792,0.020669999,0.14239,0.22653,23.58779160910637,0.04,55.746784,basic-materials,-1.0812668822359761,-0.8863653457901443,-0.7017559859725644,0.6983640018467582,-0.14208622288287848,1.8596861357430274,-0.4015489136486295,-0.7818057716994854,-0.22991998796168195,0.0017618583207027535,0.1687863540681638,-0.48860728832337424,0.33628949863534763,-0.8897960713328948,0.8053213049023024,-0.3528782037472735,0.1687863540681638,-0.48860728832337424
PKG,0.17209654776469388,94.474,0.01778632355854318,0.08578074,38.82246761315448,-0.195,0.14887,0.082779996,0.13121,0.20977,23.74010744133459,0.147,29.774027,basic-materials,-1.1955904799044084,-0.07165127590899302,-0.9047000961723591,0.062258285580260586,-0.1363317297167265,-0.6717196587360681,0.23380100399692888,0.43837470980897625,-0.307657607688294,-0.10674197770814572,0.30044523510162174,-0.050389226411436096,-0.12548257370267754,-0.7239806173285869,-0.24859770095751133,0.06444403210236635,0.30044523510162174,-0.050389226411436096
AVY,0.216238865585476,158.653,0.016107877932296857,0.04979098,44.54048204007682,0.108,0.3116,0.08394,0.13586001,0.16182,23.283184291070643,0.109,18.65246,basic-materials,-0.8328128704167316,0.6589072426583572,-1.1070339345084796,-0.05565214989867917,0.634335958165581,-0.21813245842432008,1.0233427535079003,0.4611635410380576,-0.27532480723168,-0.4171691219553586,-0.09451036342012352,-0.20601807082875992,-0.32321395205562614,-0.42697985408895134,0.12018378328086059,0.19800309133972982,-0.09451036342012352,-0.20601807082875992
GPK,0.5362795359224579,176.151,0.029083544269813997,-0.5264782,36.28669858151011,-0.765,0.060100004,0.03128,0.045250002,0.13234,21.708876568448606,-0.007,13.923078,basic-materials,1.7973976634991504,0.8580894199732345,0.45716113620710624,-1.943637787115808,-0.4780998874568902,-1.5250025108076732,-0.19689780965711115,-0.5733672472380326,-0.9053611529677515,-0.6080219313903497,-1.4553117333800687,-0.6810955958921696,-0.407298076317758,1.0375494065598303,-1.315580061793457,-0.5709120353133113,-1.4553117333800687,-0.6810955958921696
CF,0.25445403215426887,40.504,0.02719171116413129,0.28795636,47.05652289265092,0.996,0.29867,0.12934,0.49325,0.50044996,23.581696815687387,0.176,8.545994,basic-materials,-0.5187467438873925,-0.6859993219533362,0.22910379089996077,0.7246304547034959,0.9734451736549822,1.1111924058556544,0.9606083171951315,1.353068170505101,2.2097062425641782,1.7751130769882881,0.16351813165205073,0.06838015485441631,-0.5028977549277583,-0.32521409164692267,0.9364226780713775,1.5746239518131746,0.16351813165205073,0.06838015485441631
SMG,0.33348721221849087,,0.02338030464267226,-0.15210688,33.13638977566629,-0.255,,0.0929,0.16825001,0.15352,21.79396480999034,0.011,19.964144,basic-materials,0.1307766511077178,0.0,-0.23035494811846424,-0.7171143156609964,-0.902695039243118,-0.7615389063225528,-6.733296174721228e-17,0.6371870097610687,-0.05010821483946486,-0.4709031218980461,-1.3817630910189513,-0.6073766695892266,-0.2998933997194752,-0.033192765670248814,-0.7937827537422223,0.02904391825588941,-1.3817630910189513,-0.6073766695892266
SCCO,0.30221614603911917,67.863,0.03285778296314777,0.67855203,55.932204010130235,0.716,0.49897,0.25705,0.61162996,0.62746,25.86550116389871,0.406,30.38081,basic-materials,-0.1262203348852211,-0.3745680047080669,0.9121393551481438,2.0043084949540626,2.169699700922782,0.6920359171187255,1.9324341171524078,3.8619919641006097,3.0328347142754084,2.5973730145883773,2.1375947629921703,1.0103442131697977,-0.11469452207729623,0.13711700518495196,1.6220147043318567,2.856158452529201,2.1375947629921703,1.0103442131697977
EXP,0.28932321660056576,120.746,0.021638125524613645,-0.25731647,31.099256146917355,-0.125,0.2703,0.09233,0.21666999,0.30319,22.38074960309582,0.026,13.476754,basic-materials,-0.23217911439474773,0.2274065685541713,-0.4403717532586891,-1.0618042656206714,-1.1772576664696894,-0.5669305365518359,0.8229612979999845,0.6259890882016808,0.2865692442312116,0.4980568505624406,-0.8745575816667597,-0.545944231003441,-0.4152333123966308,-0.1483814330330885,-0.9353308228807323,0.5583941202488294,-0.8745575816667597,-0.545944231003441
PPG,0.25677460879435626,86.938,0.019215194050939043,0.014351368,37.76686954511936,-0.015,0.19297001,0.060489997,0.14016,0.16430001,23.867097357974547,0.072,15.230658,basic-materials,-0.4996754017448758,-0.15743461619044885,-0.732452126568339,-0.17176017851917175,-0.2786040749202206,-0.4022619159766138,0.44776769144762224,0.0004770600531224616,-0.24542579225419925,-0.4011135969917604,0.4102128809383185,-0.3575514193403648,-0.3840504893808859,-0.46318738150122124,-0.28420872313866874,-0.049573659436303735,0.4102128809383185,-0.3575514193403648
AXTA,0.2847905326870333,119.424,0.02034791556933212,0.16239321,38.32379067153688,-0.18,0.14344,0.06121,0.15156001,0.19243,22.652303452277035,0.031,19.73006,basic-materials,-0.26943035800616477,0.21235805795808801,-0.5959044249338535,0.31325772822220127,-0.20354285877355047,-0.6492648468394469,0.20745545185629982,0.014621862011936623,-0.16615838239198333,-0.21900071975708577,-0.6398316480556129,-0.5254667514748458,-0.30405520101693373,-0.21765890832731008,-0.17984999246359867,-0.04077044707020816,-0.6398316480556129,-0.5254667514748458
MLM,0.3205248417894236,54.945,0.017885321001810086,-0.22734898,39.256003439871016,-0.232,0.08894,0.045679998,0.20185,0.31788,24.25185357923562,0.21,31.156494,basic-materials,0.024247180302791688,-0.5216154024994477,-0.8927661184679686,-0.9636241222657066,-0.07790024839400274,-0.7271081947477337,-0.05697043979458168,-0.290472426081289,0.1835217713356665,0.5931595564851007,0.7427887715784601,0.207627015648864,-0.10090356379899533,-0.4633781135548749,-0.5895441884691476,0.10730961548622413,0.7427887715784601,0.207627015648864
AA,0.4981328317360856,29.918,0.03536445245560492,0.20499575,35.92981810846889,1.468,0.18226999,0.06493,0.18356001,0.16989,23.128786224886493,0.314,8.731809,basic-materials,1.4838941857082666,-0.8065012381183431,1.2143142078320384,0.4528330975469467,-0.5261998446227998,1.8177704868693345,0.39585278632501186,0.08770303429425826,0.05634643256790815,-0.3649241364689141,-0.22796908750782857,0.6335585898436451,-0.49959413268921476,0.6305690518073206,0.5814679132644938,0.04374452917956603,-0.22796908750782857,0.6335585898436451
SHW,0.2098516418481958,389.958,0.017378563285145733,-0.03913927,40.19662455258729,0.143,0.65124,0.09516,0.18124,0.19291,25.086064022620203,0.075,29.849491,basic-materials,-0.8853053962528478,3.2918843556894264,-0.9538549212958889,-0.3470073716270537,0.048875629382245905,-0.16573789733220395,2.6712255028713017,0.6815857864702211,0.040214763950561457,-0.21589321132666525,1.4638642626533238,-0.3452649316232076,-0.12414089219898056,0.4842413460468966,-0.15462321319233724,0.7942832104913548,1.4638642626533238,-0.3452649316232076
STLD,0.22373507904746187,46.924,0.02298808849585674,0.57375884,39.53584824547014,0.836,0.17568001,0.0787,0.114989996,0.13021,24.181566035288206,0.334,20.128065,basic-materials,-0.7712062640081243,-0.6129195655033699,-0.2776359545458603,1.6609827637425383,-0.04018307365559746,0.871674412291695,0.36387918380278295,0.35822124459736815,-0.42043976358419083,-0.6218115000503407,0.6820335680560792,0.7154685079580262,-0.29697903295164535,-0.5539205946857848,0.8308247007928786,-0.0800377088085951,0.6820335680560792,0.7154685079580262
EMN,0.18735518255939265,88.518,0.020620174594050356,0.06116855,36.78373655322842,0.325,0.07334,0.03549,0.12893,0.15713,22.726492652207995,0.099,16.885416,basic-materials,-1.0701894740637,-0.13944925556880605,-0.5630840507546279,-0.018376707289667022,-0.4111096569582872,0.10671382034679983,-0.13265931887263216,-0.49065979150992134,-0.3235110757541863,-0.4475320689109254,-0.5757039280097908,-0.2469730298859504,-0.3546303923585356,-0.590907593462378,-0.10759084796705147,-0.34859056376191633,-0.5757039280097908,-0.2469730298859504
NYT,0.2769194662034414,,0.01960360753470954,0.11925292,47.90839930815976,0.14,0.19724001,0.103879996,0.17122,0.18896,23.052859332384276,0.113,26.0,communication-services,-0.30083151116317086,-1.2433723959941524e-16,-0.6112166241424757,0.3855452618687684,0.4936294393627015,-0.2021145315747558,0.3901965231202622,1.0080600139842768,0.15987386592670302,-0.18942168765570983,-0.43156729353743034,-0.17132438178021567,-0.22409944399368745,-0.30401604510188224,0.2256867232189047,0.34217717884388305,-0.43156729353743034,-0.17132438178021567
T,0.2888541354780309,129.054,0.01602478472608647,-0.093669,46.97336779797451,0.062,0.18339,0.04163,0.24786,0.35319,25.842445844334097,0.023,8.052805,communication-services,-0.2365911803373646,-0.10135046244731948,-0.9567318664805173,-0.11234747733657492,0.3929704895028812,-0.23836838553109185,0.36967058863730207,-0.06151107279651216,0.16540023780398025,0.9437860339852118,1.0831316798473136,-0.1956969886933448,-0.30657203230603863,-0.43155783642173384,0.014084875545071485,0.3543364469074955,1.0831316798473136,-0.1956969886933448
PINS,0.5624290765651055,41.35,0.03347167590939348,-0.4178964,34.21650810362978,,0.06461,0.03513,-0.03464,0.06949,23.093290136020794,0.182,53.971428,communication-services,1.2359711770044215,-0.4850315808729998,0.7276674898444364,-0.8705149234662479,-0.980343763925226,0.0,0.19363674477105094,-0.17319320148412085,0.14502967340770131,-1.0137797617252517,-0.40961404114715083,-0.15263871648014998,-0.09556258539530622,0.4928690286586194,-0.6169528957971581,-0.21207663625765508,-0.40961404114715083,-0.15263871648014998
NWSA,0.22625226139146182,31.561,0.016637939456551138,-0.014853179,46.60513306303611,-0.749,0.07979,0.04658,0.12537,0.14821,23.461195799521576,0.108,27.815535,communication-services,-0.573556119131195,-0.5278557903533996,-0.8975352209308244,0.07195400280416411,0.3533289145216642,-0.6153155080770981,0.2161337455278256,0.02353916366558991,0.15656770529813882,-0.4706018292672761,-0.20984739887959913,-0.17267841549761173,-0.21575653187724447,-0.6663157101384729,-0.06334419691708992,-0.018590303693930443,-0.20984739887959913,-0.17267841549761173
ROKU,0.2768573414327681,16.792,0.026445726910541693,0.46513867,41.01013295449897,14.429,0.13122,0.0425,0.12172,0.11115,23.84188807220511,0.219,64.52543,communication-services,-0.30116590801395143,-0.5924661437925685,0.049351574023225826,1.19435819911635,-0.2489896482820113,6.439312637426335,0.2923538212143157,-0.04656284941832449,0.15630451039531962,-0.726320505294875,-0.0031378409794912123,-0.14261886697141912,-0.04706387225413116,-0.2814268259277647,2.4615603960868913,-0.08105625577589105,-0.0031378409794912123,-0.14261886697141912
CHTR,0.6085803140998685,441.578,0.0329996984710911,-0.5895182,34.89066227490653,0.161,0.27201998,0.05311,0.23503,0.40104,23.391347723484365,-0.017,2.8857663,communication-services,1.4843878443657805,1.2658569380688176,0.6821007189553583,-1.2718322143743497,-0.9077690429825155,-0.1923538785865115,0.501021624680314,0.13573674833175672,0.1644750896935227,1.2739570714358486,-0.24777373979544795,-0.2065292584325133,-0.33031608008058433,1.1441151671299856,-0.7906517119811255,0.5187976335353606,-0.24777373979544795,-0.2065292584325133
TTD,0.777387771051924,16.863,0.03550488330419011,-0.7631682,42.44256390078835,-0.236,0.15441,0.06252,0.14205,0.23343,22.473146575727647,0.03,0.14488095,communication-services,2.3930218945402517,-0.5921555381256864,0.9239622446571066,-1.6778922112173609,-0.09478415549425341,-0.3768766993642729,0.3267217690107323,0.29741810693951043,0.15777046994992616,0.11742692332505976,-0.7463416565494178,-0.1938013414889903,-0.3429112465721672,0.908276200357224,-0.7165176886919623,0.22483431730630718,-0.7463416565494178,-0.1938013414889903
NWS,0.20979664724204802,31.561,0.01699384120981412,-0.024163544,42.700234122899765,-0.749,0.07979,0.04658,0.12537,0.14821,23.56298970617103,0.108,30.796116,communication-services,-0.6621311833058592,-0.5278557903533996,-0.863174905513447,0.05018281488301651,-0.06704518233093931,-0.6153155080770981,0.2161337455278256,0.02353916366558991,0.15656770529813882,-0.4706018292672761,-0.15457500448055234,-0.17267841549761173,-0.20205989406032568,-0.6843872930575685,-0.2107259585083403,-0.018590303693930443,-0.15457500448055234,-0.17267841549761173
SIRI,0.20237322693946436,81.105,0.021598217821648374,0.13982296,38.29058806345049,0.237,0.07574,0.044260003,0.22129999,0.29385,22.889262310127148,0.01,10.351999,communication-services,-0.702088970582992,-0.31111428105756467,-0.4186482033195473,0.43364586870700983,-0.5417568222731262,-0.15702961062905593,0.21013158129429876,-0.01632271379731265,0.16348504348868534,0.5343325467893749,-0.5203977494491456,-0.19921747635857456,-0.2960065662144166,-0.4772838183200347,-0.08838018806505743,0.22290661444376159,-0.5203977494491456,-0.19921747635857456
CMCSA,0.31807609248919827,100.474,0.02032382389981406,-0.2551002,30.319147766922697,-0.668,0.114879996,0.043080002,0.17233999,0.27278998,25.0699027356302,-0.012,6.9743595,communication-services,-0.07929916473273067,-0.22638018018660094,-0.541683779061315,-0.48983525483362933,-1.3999063074811404,-0.5776672751224415,0.2681376761317267,-0.03659733280246757,0.15995462638128066,0.389015751551524,0.6636536501692366,-0.20517522471511723,-0.311527803485814,-0.28245437466021556,-0.8224696124790705,0.19512768031551594,0.6636536501692366,-0.20517522471511723
MTCH,0.159092843506286,,0.020162160010560017,0.15882182,53.92052358464377,0.504,,0.17361,0.28771,0.33879003,22.960314733263445,-0.012,14.23759,communication-services,-0.9350527910329516,-1.2433723959941524e-16,-0.5572915196117371,0.47807245685340094,1.1408526714201064,-0.03292987977852119,2.0567101634700903e-17,2.206151595540503,0.16827374927722527,0.8444244240759528,-0.4818174681350438,-0.20517522471511723,-0.2781511438549239,-0.4974481035482296,0.528665082831662,0.8047124422234202,-0.4818174681350438,-0.20517522471511723
NXST,0.3842758681095551,533.79,0.022705822512564384,-0.18703115,37.08169756970832,0.18,0.07434,0.05092,0.21224001,0.28914,22.328233227471802,0.622,30.542534,communication-services,0.27703207399714463,1.6692593289776567,-0.31171519108029755,-0.3306638282392916,-0.6718975140787945,-0.18352281159714764,0.20805675909011667,0.0981084618970086,0.1628317447063172,0.5018329525074,-0.8250271889365997,-0.033483749349296425,-0.20322517720844002,0.5448587372981679,-0.39536138463841125,0.24270747955021063,-0.8250271889365997,-0.033483749349296425
FWONA,0.24987414917236472,59.879,0.015268433159297946,-0.089016974,36.6074340695875,-0.497,0.0273,0.022230001,0.15955,0.21313,23.778090178603147,0.183,104.481476,communication-services,-0.44640740215701097,-0.40397225127218994,-1.0297533623372064,-0.10146926447810324,-0.7229534040236655,-0.49818767221816646,0.13834273302959763,-0.3948392550822784,0.15903236331960716,-0.02264563801763476,-0.03777903368996785,-0.15236790973667078,0.13654579668563174,-0.6267110052554691,-0.44087011357331174,-0.030027449187677104,-0.03777903368996785,-0.15236790973667078
SPOT,0.41644280061713423,5.558,0.02824035292029239,-0.2954558,44.89975691072394,,0.44484,0.12186,0.13712,0.14813,25.33041037214378,0.139,26.95686,communication-services,0.4501759071771668,-0.6416118348031734,0.2226126360604752,-0.5842020547679675,0.1697400506835733,0.0,0.757143635268312,1.316990032527618,0.1574149765606389,-0.47115383936123745,0.8051049541154265,-0.16428340644975611,-0.21970239359931906,0.010392236144822875,-0.13815400136146472,0.44009870124883277,0.8051049541154265,-0.16428340644975611
EA,0.0,26.43,,0.2005496,,0.975,0.16458,0.072340004,0.25881,0.21997999,24.692153759779753,0.189,59.743587,communication-services,-1.7913963279772165,-0.5503025181952559,0.0,0.5756479375045145,7.649205917987245e-16,0.1859876229578154,0.3417938703082552,0.466144099315023,0.16618982251243777,0.024620157276544718,0.45854225338452764,-0.1507430692757955,-0.06903783359534904,-0.7805662820574909,0.2538785201541102,0.2496869873530652,0.45854225338452764,-0.1507430692757955
META,0.29942774522722476,42.997,0.02643934438540954,0.016147494,71.53143350464768,-0.134,0.29848,0.14591,0.34827,0.48042,28.244800612476546,0.28,27.859392,communication-services,-0.17967697746478054,-0.47782640434687673,0.04873537706805646,0.14444541184828286,3.0367200077757346,-0.32946781342137205,0.5402357939796731,1.7302139086717707,0.17264062141824701,1.8216890871690055,2.3875702715251497,-0.12609965561918715,-0.2155549961884856,-0.20292266824786695,0.950565868734215,1.066194852809674,2.3875702715251497,-0.12609965561918715
GOOG,0.20750243891367895,18.859,0.01968422470842678,0.36882687,49.861747075154014,2.94,0.48676,0.12958999,0.34033,0.38838002,29.058272166338227,0.242,17.096838,communication-services,-0.6744801389917567,-0.5834235816313685,-0.6034334887923808,0.9691444403835846,0.7039131921505751,1.0993058668578184,0.819269740124965,1.4498056845174532,0.17206808236937465,1.1866016120689873,2.829271764643835,-0.13639031187139722,-0.265012066512369,-0.6204457364718353,0.9241211664639927,0.906936279770195,2.829271764643835,-0.13639031187139722
VZ,0.1704639354823133,184.081,0.01612682232070101,0.049053192,40.961397156150845,-0.22,0.15842,0.050479997,0.22999,0.36777002,25.97333547701109,-0.007,11.9453125,communication-services,-0.8738460082068904,0.13937767884167424,-0.9468807097968485,0.22139149665103025,-0.2542362033219911,-0.3694400113732296,0.3326646526098539,0.0905483893325572,0.16411166440305455,1.0443900116121925,1.1542025684515076,-0.20382119099772117,-0.28868482661455097,-0.5604496797206883,-0.13409490601473015,0.4079286794894145,1.1542025684515076,-0.20382119099772117
FWONK,0.2484076729185022,59.879,0.01580049066841687,-0.09172523,36.082188151925564,-0.497,0.0273,0.022230001,0.15955,0.21313,23.865928410697023,0.183,115.5,communication-services,-0.45430095308237234,-0.40397225127218994,-0.9783861980400366,-0.10780220097571377,-0.7794977043109715,-0.49818767221816646,0.13834273302959763,-0.3948392550822784,0.15903236331960716,-0.02264563801763476,0.009915662067479382,-0.15236790973667078,0.18717912371315676,-0.6122198007981996,-0.4618291925016173,-0.030027449187677104,0.009915662067479382,-0.15236790973667078
TMUS,0.28902977768800225,214.035,0.019100572612902756,-0.29182237,36.8605539048843,0.053,0.17994,0.05973,0.2522,0.37283,25.88765914096233,0.079,17.058577,communication-services,-0.23564575709890428,0.2704182724442788,-0.6597818206349613,-0.5757057082414526,-0.6957042936652148,-0.24255152252605366,0.36455763391985324,0.24948070093359823,0.16571318735966112,1.079304512052725,1.107681746207599,-0.1805318110585089,-0.2651878869512409,-0.2083364350965289,-0.5046538414775738,0.4647640085664594,1.107681746207599,-0.1805318110585089
FOXA,0.3558095202249157,64.06,0.022057062043043803,0.0067676306,39.025880722810555,0.031,0.14291,0.095010005,0.25214002,0.22667,23.997305923961754,0.281,16.315105,communication-services,0.12380724945967359,-0.38568151474776946,-0.3743493707624114,0.12251171013453753,-0.4626003594966418,-0.25277696851373815,0.30967858661923636,0.8556570176273641,0.1657088623102718,0.07078207038532514,0.08125146169781107,-0.12582884887570792,-0.26860435733437094,-0.21207454535016912,-0.19762187262528083,0.3504566342355494,0.08125146169781107,-0.12582884887570792
TIGO,0.1646054891267777,485.158,0.025398417816948574,0.92528856,49.945111911736866,-0.84,0.21733,0.05865,0.20743,0.42729,23.405262880923804,0.594,21.730673,communication-services,-0.9053800644380205,1.4565075713465605,-0.05176023693421163,2.270364319938187,0.7128876671434049,-0.6576116710261568,0.419970206930117,0.23092428570550327,0.16248490357905437,1.455085383516919,-0.24021804127248944,-0.041066338166714386,-0.2437182450398568,0.16645575665810944,0.775213438685145,0.5671161949328984,-0.24021804127248944,-0.041066338166714386
IRDM,0.20879129588645232,378.657,0.0393790006278133,1.7176871,46.636940082519025,-0.55,0.19715,0.051149998,0.15099,0.47882,22.347891105817276,0.038,55.057472,communication-services,-0.6675426532170656,0.9905946962957831,1.2979865139482358,4.123294631776981,0.35675303568169564,-0.5228217011884974,0.39006312687269196,0.10206025670222288,0.1584151171913518,1.8106488852897784,-0.8143532886932269,-0.1916348875411566,-0.09057189689489718,0.5403461856756512,1.3190753220900597,0.6152968465140113,-0.8143532886932269,-0.1916348875411566
GOOGL,0.21047200943300934,18.859,0.02000348256797087,0.3876022,50.041197063266345,2.94,0.48676,0.12958999,0.34033,0.38838002,29.068026651368175,0.242,17.273092,communication-services,-0.6584959346386029,-0.5834235816313685,-0.5726109355095202,1.013048330049732,0.7232315222378315,1.0993058668578184,0.819269740124965,1.4498056845174532,0.17206808236937465,1.1866016120689873,2.834568287407143,-0.13639031187139722,-0.26420212804675336,-0.6048434839264972,0.9451952397151272,0.906936279770195,2.834568287407143,-0.13639031187139722
VSNT,0.42212855320989084,38.869,0.026457853689928763,-0.29529023,29.25983026816654,-0.287,0.08063,0.05811,0.22323999,0.32813,22.20752401748891,-0.037,5.816514,communication-services,0.4807804106743894,-0.4958852803030613,0.05052234646510471,-0.5838148888959416,-1.5139450172266558,-0.4005811423357234,0.21737863885033484,0.2216460780914558,0.16362493338223855,0.7708688720518164,-0.8905702777262611,-0.21194539330209755,-0.3168484407915773,0.011805825612144284,-0.8327803494861069,0.3433796305939614,-0.8905702777262611,-0.21194539330209755
OMC,0.17853027885889183,107.744,0.02256651903955031,-0.042737246,32.60743731773705,0.588,0.060510002,0.05092,0.15384,0.16434,23.72895297837298,0.634,198.99998,communication-services,-0.8304275811735382,-0.19457590978896008,-0.32516415902613066,0.006750408459273174,-1.1535650658747065,0.0061127321744560235,0.18756048270854936,0.0981084618970086,0.15862062554012843,-0.3593027940723174,-0.064459714294353,-0.03023406842754587,0.5708858519584097,-0.450055883329543,-0.3802339750803258,0.02124669401834224,-0.064459714294353,-0.03023406842754587
FOX,0.3413730336301516,64.06,0.02127047925381448,-0.0008947849,40.48960640858591,0.031,0.14291,0.095010005,0.25214002,0.22667,23.890436726335544,0.281,14.661458,communication-services,0.046100473220425035,-0.38568151474776946,-0.45028952135736816,0.10459405730562973,-0.3050258940288397,-0.25277696851373815,0.30967858661923636,0.8556570176273641,0.1657088623102718,0.07078207038532514,0.023223268903844893,-0.12582884887570792,-0.27620334693942933,-0.2632901876282375,-0.15106960174564935,0.3504566342355494,0.023223268903844893,-0.12582884887570792
NFLX,0.45543160824265916,55.236,0.02300556102083745,-0.3952844,39.91132316595357,0.111,0.49541,0.16084999,0.33381,0.30446,26.39220467061736,0.134,21.880503,communication-services,0.6600396112096008,-0.42428411199519495,-0.28277712153562024,-0.8176394345597453,-0.3672798216139864,-0.2155935285585218,0.8320891773150902,1.9869108141750915,0.17159793695392778,0.607542885501,1.381641558000696,-0.16563744016715218,-0.24302973255047672,-0.015673874107071478,-0.4668375949107512,0.8995352034862774,1.381641558000696,-0.16563744016715218
TKO,0.20108914652424978,59.216,0.019882749022469722,-0.10656065,43.29202388544918,0.144,0.07063,0.04496,0.32388002,0.30558002,24.25008371390222,0.182,62.839165,communication-services,-0.7090007457467961,-0.4068726957389898,-0.5842670812487417,-0.14249307686609528,-0.0033372373182465756,-0.200255359576995,0.20255848024903406,-0.004295459176552628,0.17088190404403833,0.6152711648189825,0.2185055878118883,-0.15263871648014998,-0.05481275106948514,-0.5667135075781758,-0.11536189125377895,0.24610402248387556,0.2185055878118883,-0.15263871648014998
DIS,0.20245083866478658,39.404,0.016808805477131865,-0.066755176,51.24378675977762,-0.483,0.0801,0.048070002,0.19301,0.21205,25.922477780424796,0.068,21.628866,communication-services,-0.7016712126379707,-0.4935448009821895,-0.8810390662829778,-0.04941268154922474,0.8526939143010491,-0.4916805702260036,0.21659317044446594,0.04914017829771207,0.16144510344243726,-0.03009777428611307,1.1265876870065406,-0.18351068523678024,-0.24418607785709176,-0.6920850266343793,0.10386688750860694,0.09927016947462555,1.1265876870065406,-0.18351068523678024
RDDT,0.5294481142227028,0.635,0.044249435372984175,-0.28252715,43.51358078606994,1.778,0.30712,0.15653,0.28788,0.28844,24.033989846514384,0.611,33.12558,communication-services,1.058445693634688,-0.6631486192828965,1.7681996346466546,-0.5539699351124282,0.020514028342590165,0.5592164015083001,0.553040411011197,1.9126853250813711,0.1682860076699593,0.4970028641852379,0.10117022012031145,-0.03646262352756777,-0.19135532850228482,0.7211655696661486,0.008586831579487364,0.7827536519869414,0.10117022012031145,-0.03646262352756777
NI,0.20005433324872454,146.649,0.011098436302334586,-0.087067544,33.40427042941698,-0.584,0.085489996,0.032420002,0.17156,0.43973,23.651941429671705,0.046,20.74468,utilities,-0.10256379366562465,-0.3744585037987371,-0.5812488410679334,-0.0966958528739981,-0.06502472194400798,-1.2642659423527494,-0.07036776775232816,0.13983083204712488,-0.5539127863813706,0.32429377331106607,-0.2931808305583285,-0.16028695855253441,0.338969135149151,-0.3527570461774317,-0.47532883905691853,-0.04003898719387697,-0.2931808305583285,-0.16028695855253441
DTE,0.2104168698278649,229.06,0.010839776032658574,-0.12678367,22.813101326640023,0.224,0.1103,0.02769,0.13623999,0.21968001,23.955852296035246,-0.015,19.272152,utilities,0.014798205692303808,0.472955133481415,-0.6216658612801705,-0.462984887041665,-1.424284412812202,0.1957136750156917,0.14768984063810403,-0.3025027482030682,-0.9387111163064297,-1.569194761298988,0.07607503255601591,-0.4983164994930562,0.06042364320434549,-0.04463750736881724,-0.5638518749460585,-0.6656796962925955,0.07607503255601591,-0.4983164994930562
AEP,0.14582804677029937,160.789,0.011952726360237078,0.05809307,34.88828216614971,-0.432,0.10130999,0.029790001,0.23251,0.39617002,24.891283710775784,0.07,20.668991,utilities,-0.7167093120201402,-0.22906008816075987,-0.4477615506517957,1.2420737215111148,0.12543180980820492,-0.9896163113626468,0.06867574293759307,-0.10611785008696059,0.11011472122500775,-0.0505316138559284,1.2126370073460282,-0.027291729330034,0.32465169620075035,-0.46451031694423195,0.125963073318891,0.0055352500549279565,1.2126370073460282,-0.027291729330034
SRE,0.21714367121625985,84.663,0.01283285124108766,-0.12432796,36.818721171735525,0.713,0.06679,0.01958,0.28328,0.43344003,24.65466138755162,-0.001,22.66279,utilities,0.09098330324987633,-1.011846494727709,-0.3102374340057141,-0.4403366649039903,0.3731823556175896,1.079290448398325,-0.23472390427978088,-1.0609221602517442,0.6632349273148489,0.2701697714056751,0.9251376453135355,-0.4207359491132643,0.7018015522945305,-0.41036687516118225,0.3373787130373081,-0.09056034145275027,0.9251376453135355,-0.4207359491132643
EXC,0.18543592039491041,177.362,0.012210342364764992,-0.09606403,27.34743856559365,-0.002,0.09711,0.028110001,0.16590999,0.32990003,24.451900999539642,0.099,14.8529415,utilities,-0.26812616798011824,-0.05864368488153786,-0.4075077023315947,-0.17966754472135846,-0.8423522602893759,-0.2126469605353822,0.03176161045040236,-0.26322569376658783,-0.615467537132004,-0.6207723407640412,0.6787809981273785,0.1334108393138206,-0.7755205036846434,-0.24475918506441693,-0.41155558851537216,-0.36692599030305767,0.6787809981273785,0.1334108393138206
NRG,0.47680548731228883,483.357,0.03058810218281791,-0.3998518,35.92137159489306,,0.23772,0.04061,0.12765999,0.09819999,23.72431560831614,0.11,24.908855,utilities,3.0318105477379986,3.087833556500561,2.4641134049697166,-2.9814042716430467,0.25801743882858413,2.507585066036308e-17,1.267596974111717,0.9057313829521596,-1.0321870148341201,-2.6145073516526622,-0.20524521271643756,0.1943669860407999,1.1266704039326718,2.861252503069425,-0.9077956109381541,-0.3683415023557264,-0.20524521271643756,0.1943669860407999
DUK,0.13672565779715387,162.155,0.010099648699410472,-0.06683552,28.72974029462631,0.106,0.098570004,0.028369999,0.27503002,0.50657004,25.21070879372091,0.011,17.222055,utilities,-0.8197993769538882,-0.215013819719354,-0.7373146287734799,0.08989758602830218,-0.6649490857523114,-0.01750117009504602,0.04459373173826933,-0.2389115716588403,0.5733544735461457,0.8994396726263876,1.600742855993709,-0.35423833450201414,-0.32737562268368453,-0.5907092751489073,-0.19751755660635173,0.3196190765629906,1.600742855993709,-0.35423833450201414
SO,0.1553076937283638,182.058,0.010916695412104223,-0.111193955,25.662768500378434,0.304,0.114829995,0.03271,0.29612,0.47245,25.28085777357157,0.001,19.973494,utilities,-0.609346572047256,-0.01035578107418699,-0.6096468058695289,-0.31920596836517606,-1.058561074428594,0.34026611237890364,0.18750442010051033,0.16695045136343703,0.8031219363003437,0.6058431832994098,1.6859748268386074,-0.4096530133447226,0.19309049396137953,-0.40978305299699064,-0.3458336434716221,0.44085499776592524,1.6859748268386074,-0.4096530133447226
AWK,0.1500216861943014,137.745,0.014109629502823393,-0.04607922,40.57650886450362,0.086,0.10095,0.03516,0.40664002,0.55129004,23.970901847771316,0.062,22.438475,utilities,-0.669213807070334,-0.46601631800245347,-0.11073415166647087,0.2813262535648677,0.8554529423728349,-0.05363927943584903,0.0655117547961775,0.39606605672955936,2.0071963156474655,1.2842468124393074,0.09436044394087524,-0.07162347240420083,0.6593698076855321,-0.41532142557975277,0.3610466388339511,0.9382552349031275,0.09436044394087524,-0.07162347240420083
FE,0.15440981851516883,200.908,0.01020017542176841,-0.04003519,30.67847260486954,0.083,0.09491,0.03682,0.19304001,0.34675997,23.94503626903401,0.088,23.2957,utilities,-0.6195155523340528,0.1834744971985055,-0.7216068025406381,0.3370683949605417,-0.41485079613935805,-0.059059995836969456,0.012425590252301921,0.5513035689368101,-0.319896092309835,-0.47569574664916137,0.06293341168013616,0.07245469258684122,0.8215237085501579,-0.3858826192253952,-0.04561413233859527,-0.057965669942471085,0.06293341168013616,0.07245469258684122
CWEN,0.28179023649350693,176.898,0.019642656775192505,-0.025291204,36.32817031776466,2.966,-0.03167,0.00975,0.25156,0.74206,22.69998721417131,0.227,34.034885,utilities,0.8231447865524475,-0.0634148917313272,0.7538303034093342,0.4730474275510215,0.3102255662723284,5.150248465639783,-1.1000986991456727,-1.9801900789248008,0.3176573630609637,2.9257862281330715,-1.449818234465606,0.8427187285004892,2.852963225429481,0.5045200660768182,1.977840486487711,0.04078870328089046,-1.449818234465606,0.8427187285004892
OGE,0.11351355149226448,117.305,0.0105976600916984,-0.007219434,42.477053207301395,0.057,0.09703,0.03367,0.26549,0.3973,22.96215698175739,-0.04,20.097345,utilities,-1.082690531493638,-0.676196205954381,-0.6594977435856721,0.639717539812228,1.099366838072532,-0.10603953798001337,0.031058482443198733,0.25672636203750926,0.4694195153326101,-0.040808349726997414,-1.131278377793674,-0.6368531965998274,0.21651832536618584,-0.8061281603445637,0.5443482799682489,0.17909900252158018,-1.131278377793674,-0.6368531965998274
EIX,0.35966654666046927,228.042,0.023292143204790026,-0.017067373,31.442916414239164,0.551,0.19734,0.04092,0.26899,0.45976,23.752242106300262,-0.041,5.5277777,utilities,1.705141138894499,0.46248727017735125,1.32408164882888,0.548893171271044,-0.3167428681168116,0.7865717627378208,0.9126931124756749,0.9347215207739954,0.5075507093707122,0.4966481340099208,-0.1713141353572202,-0.6423946644840983,-2.5394817581646203,1.1639033526335767,0.3395740219640177,0.7129033691575758,-0.1713141353572202,-0.6423946644840983
ATO,0.17795485527386934,67.662,0.009779667880192154,-0.066627204,30.75422752637661,0.233,0.09792,0.03893,0.37223998,0.53323,23.998014158799986,0.048,18.646008,utilities,-0.3528537588770837,-1.1866639250149262,-0.7873133056250656,0.09181881738006271,-0.4051284878474014,0.21197582421905306,0.03888078152333923,0.7486235392725324,1.6324207156021877,1.128843584860887,0.12730227300315186,-0.1492040227839927,-0.058018646863000095,-0.7756103298390252,-0.03377794874942855,0.8871921553147366,0.12730227300315186,-0.1492040227839927
IDA,0.168734955700523,105.976,0.011183422345067903,-0.0027380586,32.33270081079624,0.017,0.094390005,0.02428,0.27459,0.37482,22.746360561940445,0.042,21.679932,utilities,-0.457274702489039,-0.7926897456122768,-0.5679693273211452,0.6810478212955917,-0.20254885874286999,-0.17831575666161936,0.00785530215097869,-0.6213942642432637,0.5685606198316756,-0.23424449693170313,-1.3934739820836892,-0.1824528300896178,0.515882734369243,-0.6059779251408204,0.10006106863036746,-0.06980570979807812,-1.3934739820836892,-0.1824528300896178
CMS,0.2044618780776404,185.604,0.010760136951141685,-0.11666435,22.368455117370544,-0.439,0.09158,0.02971,0.17167999,0.34245,23.70795982496711,-0.005,19.0,utilities,-0.052645680525012055,0.026106933342522388,-0.6341098843664523,-0.36965765897230213,-1.481349847524115,-1.0022646496319276,-0.016842113047549994,-0.11359926949304024,-0.5526055401034756,-0.512782223133497,-0.22511771339311012,-0.4429018206503477,0.008942983601429798,-0.22021621051631401,-0.9510907187094482,-0.2989572864443907,-0.22511771339311012,-0.4429018206503477
PCG,0.37105504627383556,189.45,0.022009275392027634,-0.22072935,29.43628821395677,0.398,0.09318,0.02568,0.24788,0.40457,24.328192750475186,0.001,8.81295,utilities,1.8341227906458837,0.06565447977418132,1.123626842286727,-1.3294156258157517,-0.5742714563902346,0.5101152262806778,-0.002779552903476963,-0.4904710611769076,0.27756513618661616,0.021748624925058198,0.5284737819713841,-0.4096530133447226,-1.9180538909682423,1.007801370902264,-0.46452395197510277,-0.048484213242177554,0.5284737819713841,-0.4096530133447226
ETR,0.15912052629572307,186.77,0.01286857003712304,0.06809425,33.83430616535264,-0.019,0.10248999,0.02683,0.24458,0.41077,24.58239832599101,0.059,25.386189,utilities,-0.5661639352570437,0.03809664710729474,-0.30465618527692007,1.3343113824233848,-0.00983438027181981,-0.24336435347506474,0.07904688104384691,-0.3829270015152582,0.24161286752211988,0.07509845200108947,0.8373370362496647,-0.0882478760570134,1.2169635826375809,-0.277574491142223,0.3603708828921668,0.0032077997629495064,0.8373370362496647,-0.0882478760570134
UGI,0.19641275263451052,134.987,0.015372597790385075,0.11470866,36.475136024852944,,0.13279,0.04755,-0.02479,0.23849002,22.7581067206074,-0.045,11.850498,utilities,-0.14380689842508548,-0.4943762069932273,0.0866112499668479,1.7642210674011098,0.3290869931503744,2.507585066036308e-17,0.34535670166323,1.55473640386681,-2.6930727719188994,-1.4073381837508572,-1.3792022385006337,-0.6645605360211816,-1.3434669887389061,-0.1838572851504883,0.6977693535171614,-0.5500794625349292,-1.3792022385006337,-0.6645605360211816
MDU,0.18198913708652686,88.05,0.012627813327005395,0.06257105,31.382550128417762,0.472,0.068909995,0.026530001,0.12531,0.28631002,22.08421140703794,0.069,19.935484,utilities,-0.3071630753373116,-0.9770187412789233,-0.34227568065301656,1.2833726883142247,-0.32449021481746493,0.6438262308416488,-0.2160910560343846,-0.4109818800843322,-1.05778927902772,-0.9958561303999218,-2.1979942699877153,-0.03283319721430485,0.1859004682716663,-0.5421524990897505,0.5342362347794696,-0.6701795863865896,-2.1979942699877153,-0.03283319721430485
ED,0.10002200758925939,110.113,0.010711966736963317,0.05256188,37.40336825884513,0.221,0.08962,0.03237,0.16540001,0.34835,24.355579856385262,0.132,17.006655,utilities,-1.2354904328295038,-0.7501499121261161,-0.6416367323145871,1.191061338206211,0.44821535822381026,0.19029295861457124,-0.03406874922403932,0.1351548163330363,-0.6210235789421618,-0.46201383930308026,0.5617494905764594,0.31627927949475865,-0.3681209932062904,-0.8757590257567357,0.6098565516815307,-0.24548783778406127,0.5617494905764594,0.31627927949475865
LNT,0.18376694348438016,160.951,0.010488579257873231,-0.029708922,28.1126970687573,-0.04,0.11135,0.02448,0.19053,0.41296002,23.52132255109231,0.01,20.353699,utilities,-0.2870283417486858,-0.22739427887268682,-0.6765421944826026,0.4323042377584139,-0.7441397753077369,-0.2813093682829079,0.156918395732652,-0.6026909495194988,-0.347241714694857,0.09394315979029061,-0.45188455618019113,-0.359779802386285,0.26501061280793103,-0.39698827170132506,-0.19771496861074364,-0.1747677771728533,-0.45188455618019113,-0.359779802386285
PNW,0.1596583513137811,233.288,0.01039960376338087,0.062692046,31.31898222428559,-0.095,0.09365,0.02335,0.21341999,0.38693002,23.14595932385446,0.071,17.857965,utilities,-0.5600727413739685,0.5164306993454439,-0.6904450809359258,1.284488595439158,-0.3326484539014938,-0.3806891689701162,0.001351324138844463,-0.7083646777087717,-0.09786381463193781,-0.13004006582085215,-0.9079560159262143,-0.021750261445763225,-0.20708598215894003,-0.24469570765481677,0.19038365752251604,-0.2337293085056793,-0.9079560159262143,-0.021750261445763225
WTRG,0.12163261224656938,121.656,0.0136903036125136,0.010561585,44.40154340637107,-0.026,0.08078,0.029590001,0.35409,0.52555,23.131613233670645,0.031,20.097435,utilities,-0.9907372538616124,-0.6314558589642226,-0.17625601555918835,0.8037061492759741,1.346353920204989,-0.2560126917443458,-0.11176439402004262,-0.12482116481072561,1.4346834558399952,1.0627586377731584,-0.9253867118948267,-0.24340897681659715,0.2165353498942594,-0.5994830427950079,0.6313491259122057,0.5652141336955964,-0.9253867118948267,-0.24340897681659715
VST,0.3593462235718157,373.28,0.030529113023926246,-0.30112648,48.439153296269225,-0.062,0.42962003,0.05886,0.13766,0.34592998,24.56132215176013,-0.055,23.330524,utilities,1.7015132860191169,1.955936710801718,2.4548960403152478,-2.070892453076103,1.8645365983901916,-0.3210612885577912,2.9542255450644745,2.6124088514957284,-0.9232406372075596,-0.4828376535805859,0.81172919603028,-0.7199752148638902,0.8281110659460689,2.037448679045361,-0.17580571441456758,1.0401390264430144,0.81172919603028,-0.7199752148638902
CNP,0.18208604115678645,210.256,0.010797338889327655,-0.03525722,32.57240740417052,0.233,0.09825,0.029979998,0.24489,0.40062,23.911307299102,0.107,22.035929,utilities,-0.3060655780841313,0.27959786278434806,-0.6282968869181773,0.38113407288144685,-0.17178516241745095,0.21197582421905306,0.04178118455305438,-0.0883499816491045,0.24499020185120898,-0.012240377808864812,0.021952251469484537,0.17774258238798735,0.5832236334868657,-0.21825486740598685,0.140441578227683,0.04654525673657351,0.021952251469484537,0.17774258238798735
NFG,0.2093145164639275,90.92,0.012574485735956518,-0.16569328,31.855659570376275,-0.116,0.19576,0.06893,0.40073,0.60634,22.698751600307215,0.011,10.56546,utilities,0.0023133865746508895,-0.9475071816692349,-0.3506083957158752,-0.8218356839884922,-0.2637718382546037,-0.4186341837779593,0.8988063343334027,3.5541207478373034,1.9428088529648757,1.7579413038171166,-1.4513195222258009,-0.35423833450201414,-1.5865466054781254,-0.43193406360348635,-0.5014139020070184,2.038419309738175,-1.4513195222258009,-0.35423833450201414
CEG,0.41216230948280913,76.419,0.02953867552140745,-0.25983328,45.475743357922504,-0.468,0.15055001,0.03888,0.086619996,0.2543,25.22308842097107,0.23,24.806643,utilities,2.2996874293318657,-1.0966176784985353,2.3001349994781655,-1.690058573515637,1.4842156312122845,-1.0546649081760922,0.5014512071534414,0.7439477105915909,-1.4793024361302762,-1.2712962968031944,1.615784272577422,0.8593431321533018,1.1073358365610075,1.1677349167704987,-0.42016928349314825,-0.3762999537971096,1.615784272577422,0.8593431321533018
AES,0.18981492737144626,256.886,0.01762980709301434,-0.033181548,63.79300139104012,,0.095740005,0.02964,0.18673,0.31178,23.086968245422256,0.199,5.580524,utilities,-0.21853126329210043,0.7590835856414122,0.439312011169516,0.4002773269875716,3.835033586249965,2.507585066036308e-17,0.019720587272540314,-0.12014542964635809,-0.38864129679336784,-0.7766917709434755,-0.9796309837981184,0.6875576277409056,-2.529504192996577,0.32662144450627595,1.411770304412512,-0.31643947752766527,-0.9796309837981184,0.6875576277409056
PPL,0.18374885888376943,135.434,0.011270336421208912,-0.10494506,35.37470131209696,0.212,0.086330004,0.03197,0.23591,0.39998,23.93213973723371,0.042,19.461538,utilities,-0.28723316079748296,-0.4897798072909518,-0.5543885482686874,-0.26157442307888207,0.18785834001810187,0.17403080941120988,-0.06298485336388908,0.09774818688550561,0.1471564525763071,-0.017747456732841973,0.04726394899167808,-0.1824528300896178,0.09624816846801425,-0.4438005054523741,0.033438242116809895,0.041043082341270416,0.04726394899167808,-0.1824528300896178
EVRG,0.11144387058275332,160.554,0.010199904015702022,0.034695745,36.073829369431024,0.23,0.092539996,0.02908,0.25238,0.46611,23.618386818516495,0.044,19.959288,utilities,-1.1061309206028185,-0.2314765399058039,-0.7216492111582611,1.0262877312975425,0.27758371196405807,0.2065551078179326,-0.008404612117506517,-0.1725147108729003,0.3265909570927475,0.5512886827087591,-0.33395014246822957,-0.17136989432107613,0.19040326678568759,-0.6864188905556278,0.503475517026511,0.17424007920277496,-0.33395014246822957,-0.17136989432107613
WEC,0.14464873024449199,157.985,0.010126573450826857,-0.08435243,30.272753065533664,0.197,0.11988,0.030250002,0.21802999,0.39115003,24.21488572822,0.026,19.916996,utilities,-0.7300657855329298,-0.25789298472715905,-0.7331074955188499,-0.07165523122033762,-0.4669204222840558,0.14692722740560765,0.23188941950074113,-0.06310013270572702,-0.047639584770323276,-0.0937276781177681,0.390804198779495,-0.2711163162379514,0.1824032518825213,-0.5736887552596462,-0.1305494753662619,0.00685550597673068,0.390804198779495,-0.2711163162379514
NEE,0.2172582622727995,161.676,0.013195903983102206,-0.035337508,25.094952296877807,0.531,0.11677,0.024430001,0.31524,0.50847,25.78581019365138,0.124,17.058558,utilities,0.09228111632887706,-0.21993926816989098,-0.2535085439040779,0.38039360252501647,-1.1314340188363883,0.7504336533970177,0.20455531822069925,-0.6073666846838662,1.0114272020170618,0.915788468989512,2.2994989299393045,0.2719475364205918,-0.35830294786629546,-0.12705556524836395,-0.0002022543047846733,0.38110107613585176,2.2994989299393045,0.2719475364205918
D,0.1506629402424469,160.459,0.01274753653099691,-0.0073661804,25.26428077115719,-0.58,0.08281,0.03041,0.29219,0.46035,24.697867556343997,0.176,20.941175,utilities,-0.6619512168143713,-0.23245340337720471,-0.32356830374638984,0.6383641450444808,-1.1097025775412221,-1.2570383204845887,-0.0939225208372501,-0.04813766795986234,0.7603060527089891,0.5017249723929623,0.977633731880604,0.5601038664026758,0.37613840896920414,-0.40599097464598866,-0.57612558432711,0.27999270907620977,0.977633731880604,0.5601038664026758
XEL,0.15388149820074765,173.135,0.011862750352188773,-0.11193466,31.56500035088051,0.24,0.0992,0.02365,0.22700001,0.41891998,24.50800599856921,-0.051,19.30959,utilities,-0.6254990996951009,-0.10210896797218359,-0.4618207725820125,-0.32603725193631705,-0.30107474192896916,0.22462416248833406,0.050130829638597656,-0.6803097056231238,0.050085436128435745,0.14522748807739763,0.7469493400151955,-0.6978093433268067,0.06750546856008072,-0.396476280083099,-0.13416261045898406,-0.1087164879446732,0.7469493400151955,-0.6978093433268067
AEE,0.1556478865062678,157.846,0.010814157065382735,-0.025942504,26.877753879620016,0.119,0.11943,0.030569999,0.25236,0.46487,24.03791291698008,-0.062,17.496479,utilities,-0.605493682913691,-0.2593222902274193,-0.6256689589321648,0.4670406974899525,-0.9026311072105012,0.0059886009764759255,0.22793432446022055,-0.03317510969742376,0.32637306455538667,0.5406187172935528,0.17577981039846657,-0.7587654900537861,-0.2754651883276239,-0.4968283106910916,-0.14320060291469092,0.26543774915293405,0.17577981039846657,-0.7587654900537861
PEG,0.21455394301635922,142.409,0.01163984260931289,-0.18013322,28.353990756028537,-0.427,0.11835,0.03238,0.18872,0.35582,24.236708071066598,-0.089,16.835,utilities,0.06165306378459268,-0.41805746294336404,-0.49665127345701515,-0.9550105982799582,-0.7131723929927143,-0.9805817840274458,0.2184420963629713,0.1360899820692242,-0.36696098932598986,-0.39773590248728147,0.4173186440818832,-0.908385122929099,-0.4005914972780533,-0.28435189087192886,-0.882921591766706,-0.10254120334526896,0.4173186440818832,-0.908385122929099
ES,0.15130876250592679,180.7,0.015174199860740221,-0.10990387,31.72502682463525,-0.854,0.09016,0.03302,0.23923,0.3524,23.908272633968647,0.023,16.578814,utilities,-0.6546368887545373,-0.02431978732852743,0.05561053562225248,-0.307307930055896,-0.280537109762416,-1.75213041845359,-0.029322635175414693,0.1959405891852728,0.18332661377816387,-0.42716435548728593,0.018265091788466074,-0.28774071989076394,-0.4490520056007282,-0.20778204682027077,-0.7799918194239673,-0.01930494692481599,0.018265091788466074,-0.28774071989076394
SLB,0.22272018675245278,47.002,0.02306344507623923,0.42120266,41.945284278381585,-0.297,0.12909001,0.06172,0.12706,0.20302,25.004193114981973,0.05,23.765854,energy,0.16991781567001793,-0.29642770020756076,0.5753532072091972,0.24663128742734752,0.06270461992669638,-0.772114061810963,-0.4515819514618987,-0.35126683166081374,-1.030746506274618,-0.9105639527892544,0.6621046925689806,-0.8721903966502348,0.4104020986357049,0.14961444089055145,-0.15425938481897303,-0.6860398105466462,0.6621046925689806,-0.8721903966502348
XOM,0.20112257210148812,15.921,0.016389946292259244,0.44075358,47.58549672246611,1.128,0.12584,0.055209998,0.15859,0.18816,27.22936921087182,0.441,20.972937,energy,-0.1700795146128479,-0.6274904902457238,-1.0383845076263776,0.3029068208873851,0.7226260257727568,-0.03963978442333079,-0.4762055881985432,-0.5199557976106254,-0.8679961260038306,-0.9713521359479165,2.6128153007924744,0.4860168835225534,0.16996538072388356,-0.6119848374949831,0.3286310207456037,-0.7088774119402289,2.6128153007924744,0.4860168835225534
BKR,0.23989528221904033,80.925,0.020861111264547653,0.15632749,28.038673159847747,-0.042,0.16463,0.04853,0.1283,0.17454,24.721426324669427,-0.024,18.0,energy,0.4402942762358748,0.06490697456045195,0.04280060659798787,-0.5157876418132282,-1.5644096866491948,-0.641039717436334,-0.1823139173992414,-0.6930497467625323,-1.0243459204345997,-1.0270678193006066,0.41421591714358674,-1.129242413869637,-0.08596890405386569,0.18266728579810487,-0.9070790152995857,-0.7316943509742451,0.41421591714358674,-1.129242413869637
WFRD,0.29815120866922745,90.665,0.025690634995631498,0.1508516,36.28155382823081,-0.71,0.22793,0.07896,0.10498,0.19443001,22.450766263845722,-0.082,15.518737,energy,1.3573797871274185,0.1686536871814008,1.210641471161004,-0.5315494898960031,-0.5999684616372196,-0.9844030979941855,0.2972772855292403,0.09546079960178133,-1.1447182283291368,-0.9457032452153026,-1.5763684130133888,-1.3307156165551146,-0.2995759435742094,0.9122249818232744,-0.7053070165091361,-0.4244208471033545,-1.5763684130133888,-1.3307156165551146
OXY,0.27292519948412236,34.511,0.022549312920149025,0.15129924,41.441063455438545,9.649,0.10629,0.046830002,0.45443,0.57335,24.73603766684844,0.534,16.318583,energy,0.960262979774635,-0.4294770007566645,0.45102944878068585,-0.5302609991345427,0.0037093041239354674,4.340299385836328,-0.6243257780445436,-0.7371005634499537,0.6590597731179493,0.6043544771668212,0.4270250158219478,0.8090687430009916,-0.23071877844008662,0.3272718092662188,1.2712492302752403,-0.024503022802431718,0.4270250158219478,0.8090687430009916
TRGP,0.1316991803116418,515.794,0.018327869468459785,0.62723863,35.55346625038973,0.233,0.70839995,0.09237,0.27803,0.32839,24.783068094944408,0.042,25.842257,energy,-1.2629672362055153,4.696963357595294,-0.569769794547239,0.8396869658151835,-0.6851568446478398,-0.4996850323264401,3.93754839597928,0.44294441533446083,-0.2514751802523927,-0.39770967805160634,0.46825445162505475,-0.8999798039171972,0.5891555389929585,0.9547421089475132,-0.11505163705303212,0.9328269882524355,0.46825445162505475,-0.8999798039171972
HAL,0.2712263525807995,74.186,0.022300404468159337,0.26666665,41.36985566411942,0.161,0.14917,0.07258,0.12793,0.185,24.000166934526042,0.037,16.649214,energy,0.9335191276861694,-0.006874246830982602,0.39084018831639505,-0.19818647058791267,-0.004622216403060791,-0.5366942589733942,-0.29944630282221657,-0.06985951869609304,-1.0262557726610568,-0.9842788290018445,-0.2180793633208842,-0.9173481834590488,-0.20225540753436205,0.4391616897238606,-0.24650098198812254,-0.5949601057953027,-0.2180793633208842,-0.9173481834590488
WMB,0.13137073742037614,200.371,0.015237652405550629,0.07756317,36.539620512508584,0.512,0.21503,0.05032,0.39540002,0.57071996,25.143776125519818,0.078,27.079681,energy,-1.2681377009992152,1.3371995654969864,-1.3170239685370426,-0.7425035265704217,-0.5697739023402141,-0.35627427906949316,0.19954068967177724,-0.6466667734469844,0.3543610197916896,0.593595705078355,0.7844707650280943,-0.7749274712158662,0.6956829314021558,-0.4159873680130905,-0.556183902660043,0.12520766027370936,0.7844707650280943,-0.7749274712158662
LNG,0.24091153220246167,243.42,0.01793605927017652,0.15315592,47.61809299304808,1.007,0.39116,0.086260006,0.74996,0.37418997,24.74079930544571,0.227,20.365631,energy,0.4562924448691794,1.7957408623778097,-0.6645145325765198,-0.5249167157215584,0.7264398850770021,-0.10183584587168412,1.533986164739605,0.28462056692096516,2.1845155257797244,-0.21035456600441788,0.43119932766242514,-0.2573497608686912,0.11768360457079453,0.5291729248901564,0.03322910782791985,0.9481919228589691,0.43119932766242514,-0.2573497608686912
OKE,0.1255256407036444,143.07,0.01701095504936529,0.19018912,31.43487700793571,0.142,0.16277,0.05767,0.13254,0.19484,24.70770234786731,0.528,14.98594,energy,-1.3601532921212272,0.7268514772122856,-0.888216614438042,-0.41832003967090375,-1.1670438710546747,-0.546460582671896,-0.19640617075543376,-0.4562115478216901,-1.0024600462719566,-0.9440260886060683,0.4021847313042504,0.7882266875507697,-0.34544338682199116,-0.5071728097823279,-0.7106081644658248,-0.6497759633637872,0.4021847313042504,0.7882266875507697
FANG,0.19085691934347626,28.678,0.020579129009109916,0.2815243,34.26581869178226,1.795,0.034930002,0.01308,0.48466998,0.72501,24.664273388578195,0.525,35.01143,energy,-0.33168507095511174,-0.49160786058397404,-0.025386324312471075,-0.1554200851844366,-0.8358153873064074,0.3032095790977574,-1.1649833970302315,-1.6116399166151418,0.8151513761747524,1.2247539292423713,0.3641125392894846,0.7778056598256589,1.3785115642832513,-0.2828930852838523,-0.22934196446436217,-0.18417950205706246,0.3641125392894846,0.7778056598256589
FTI,0.16438770329211602,37.898,0.02037812074093698,0.73163986,32.07743317031104,0.406,0.35814,0.095290005,0.1769,0.19038,24.00552218793468,0.09,24.085106,energy,-0.7483728829001637,-0.39339998682985206,-0.07399270513974003,1.1401963491144904,-1.091862914625541,-0.4107600849663977,1.2838107852656955,0.518608389634051,-0.7734842496080768,-0.9622707250049669,-0.21338465639263215,-0.7332433603154227,0.4378858738666855,-0.4052551916232519,-0.12080888349248275,0.016666050071675653,-0.21338465639263215,-0.7332433603154227
DINO,0.1757083217015713,32.261,0.02461551718139179,1.0309675,60.68408109047345,3.502,0.19504999,0.09156,0.11694,0.10266,23.67189413224014,0.532,10.230696,energy,-0.5701596821106986,-0.453443130468896,0.9506641757586218,2.00178355934982,2.2551988315709726,1.1806366608526262,0.04816253753239192,0.42195547210228573,-1.0829835455496057,-1.3211091790209712,-0.5058611883158541,0.802121391184251,-0.7548129671675157,-0.024312878940324262,1.812539683924473,-0.48349367873397486,-0.5058611883158541,0.802121391184251
CVX,0.20810996389650557,18.959,0.014993317037440416,0.3325944,50.19958484792376,3.219,0.12231,0.05861,0.21866,0.24195999,26.716176925149163,0.535,19.864788,energy,-0.06008150815058221,-0.5951308893276086,-1.3761073985863896,-0.008419477470964885,1.0284820068833243,1.0351698394486266,-0.5029505636541126,-0.4318540087621286,-0.5579290361571387,-0.7512711368863967,2.162922980959103,0.812542418909362,0.07456701818132778,-0.6771065986881935,0.6850774562869953,-0.5610011863649442,2.162922980959103,0.812542418909362
OVV,0.17164140638407152,43.734,0.022625462335306292,0.45151734,37.74529035474406,0.373,0.08411,0.08638,0.36176997,0.51265,23.49541772778925,0.297,16.150839,energy,-0.6341825092970638,-0.3312371721629263,0.4694433553654814,0.3338893186949468,-0.428706993041663,-0.427722647179585,-0.7923721110769878,0.2877298845187449,0.18077067960692608,0.3560474302132022,-0.6605700200794934,-0.014192447282770153,-0.24515952866982862,-0.16532544203150287,-0.17418010717543372,0.00804397081547134,-0.6605700200794934,-0.014192447282770153
DTM,0.20186282629914398,68.543,0.013636685660561398,0.07295346,31.134512140803267,0.048,0.09901,0.040349998,0.50437,0.70228994,23.223698647018697,0.11,26.199562,energy,-0.1584261697874537,-0.06698130014925918,-1.704158288961071,-0.7557721548163597,-1.2021874418598308,-0.5947781841276415,-0.6794825546214684,-0.9050122129564585,0.9168382060619111,1.131812397031349,-0.8987737713668212,-0.6637698421480167,0.6199152219672407,-0.6431885862992612,-0.8509125936012772,0.11603895887883331,-0.8987737713668212,-0.6637698421480167
TPL,0.3944828438080851,1.077,0.030519949380614992,0.01897204,40.75926217183878,0.327,0.36566,0.25811002,0.78177,0.82624,23.83562575966591,0.312,41.507004,energy,2.873866644509691,-0.785603036667219,2.3784317131482884,-0.9111527306373616,-0.07606344664411423,-0.4513674308706946,1.340785917114387,4.73764549074137,2.34871119962729,1.6388580867895681,-0.362325122513647,0.037912691342784424,1.9377027230299533,1.4888984403302536,-0.4795278693840568,2.516500173568154,-0.362325122513647,0.037912691342784424
KMI,0.11303378760617228,98.619,0.013119001956315273,0.07902193,36.53465737315801,0.212,0.109910004,0.04453,0.30065,0.42514,24.930017303575532,0.108,19.705883,energy,-1.5568044858787085,0.2533766186174404,-1.8293408573468153,-0.7383046194504415,-0.5703546042074061,-0.5104793900984684,-0.5968988890561404,-0.7966988491436446,-0.13471610629980135,-0.0019319714163072645,0.5970781346927753,-0.6707171939647573,0.060887200034287194,-1.0442562415360277,-0.6063795379187721,-0.38256145397897345,0.5970781346927753,-0.6707171939647573
CHRD,0.24779230962081894,17.982,0.024969648195633763,0.37828135,44.06408474678685,,0.10312,0.0537,0.34717,0.44724998,22.715697491090054,0.841,9.0587845,energy,0.5646120899003315,-0.6055375154293198,1.0362976031666098,0.12308622575998622,0.3106104918560015,0.0,-0.6483432205924627,-0.5590832819349443,0.10540909795636821,0.08851389089017665,-1.344115263975079,1.8754872468706743,-0.8557005176185744,0.33179072587920716,0.14456557253866256,-0.2533758784202156,-1.344115263975079,1.8754872468706743
PR,0.19702114985665312,26.246,0.021343990786123406,0.65495706,45.13842101463235,2.329,0.114029996,0.07537,0.57444,0.74165,23.596220388539457,0.551,13.625808,energy,-0.2346455621205238,-0.517512583899595,0.15956707661805478,0.9194719291276368,0.4363109875831779,0.5776946767293334,-0.5656838508359869,0.0024357302147329615,1.2785229236506856,1.2928236040579926,-0.5722009152586229,0.8681212334432868,-0.46253446901556927,-0.19753035646735465,0.644492531146716,0.502024601771856,-0.5722009152586229,0.8681212334432868
EOG,0.13651904911075693,25.891,0.01816743533622539,0.26503623,40.315160762895665,1.094,0.22507,0.11017,0.40717998,0.54245996,25.00352457034379,0.587,10.720622,energy,-1.1870911475496029,-0.5212939065875247,-0.6085648282041053,-0.20287948530353297,-0.1280246146024825,-0.05711636367328122,0.2756085518740198,0.9041829209304117,0.41516637880135215,0.47799179820999765,0.6615186099123377,0.9931735661446174,-0.712636203783689,-0.7723166274470775,-0.12934015452643222,0.5182374124539453,0.6615186099123377,0.9931735661446174
AR,0.2642303411293971,55.493,0.024184815375723832,-0.040308774,38.24853958174388,0.799,0.14216,0.06611,0.26017,0.40077,23.052043688164126,0.126,9.567335,energy,0.8233854275278074,-0.20598485248020185,0.846514947572256,-1.081787126962203,-0.36982535681518053,-0.2087513895184402,-0.3525574297184038,-0.23751194179754262,-0.34366426339975265,-0.1016229555062529,-1.0492558612159273,-0.6081910276140918,-0.8119204077504989,0.4879718408732872,-0.5534546244319413,-0.258839147605488,-1.0492558612159273,-0.6081910276140918
VLO,0.12117164005456453,40.148,0.023201958839000458,1.3123994,60.719176638586546,4.535,0.27637,0.105579995,0.12269,0.10103,25.438218753339285,0.517,16.157148,energy,-1.4286955186893309,-0.36943385711762056,0.608847614000454,2.811859520234114,2.2593051136799067,1.7116162598290643,0.6642819912141639,0.7852454463867069,-1.0533034095979081,-1.3277770618304343,1.0425952157902467,0.7500162525586964,-0.2446163992988859,-0.39642725393549916,2.2609269645810284,-0.2328882584568679,1.0425952157902467,0.7500162525586964
MPC,0.18328664559678587,133.328,0.02202022261493873,1.0385315,59.76596535591165,3.48,0.42099,0.087390006,0.13561,0.09989,25.433189937751234,0.537,13.588316,energy,-0.45085901238249243,0.6230834613649261,0.3230886177849074,2.023555840914663,2.147776596630716,1.169328286043835,1.7599925720596143,0.3139014383436296,-0.986613434555137,-1.3324404890714086,1.0381866820420498,0.8194897707261025,-0.46576208137495895,0.16510435558911368,1.7802202411964048,-0.06128997830582544,1.0381866820420498,0.8194897707261025
COP,0.22281694890868553,35.639,0.019498688556777742,0.34332836,45.84470145829717,1.07,0.1418,0.07533,0.3151,0.41546002,25.736214338740247,0.355,16.554234,energy,0.17144107994356023,-0.41746198106093246,-0.28665070196514947,0.022477243764593587,0.518947871907226,-0.06945277255559924,-0.3552849626260539,0.001399239190921519,-0.06012863421249151,-0.041530113893574194,1.3038343827573733,0.18728075540270736,-0.21043204846829053,-0.17755720102750724,0.15732411437207347,-0.11388611788529954,1.3038343827573733,0.18728075540270736
PSX,0.17277460615915335,62.884,0.01971376431648265,0.8742106,56.40164693231502,3.449,0.23452999,0.06036,0.08529,0.06522,25.351788403258603,0.531,14.39177,energy,-0.6163432754542765,-0.1272587792788228,-0.2346426210142853,1.5505731727776386,1.7541414692620236,1.153393757904174,0.3472819797380231,-0.386507526470392,-1.246353337353298,-1.4742659473561197,0.9668256616024761,0.7986477152758807,-0.39659431063450223,-0.3260815585824615,1.486036133314612,-0.6899612078604467,0.9668256616024761,0.7986477152758807
EQT,0.28088355587090186,19.595,0.019277780826944854,-0.12962961,35.469540858796336,-0.74,0.11078,0.06629,0.23372999,0.75268,24.136887696004386,-0.039,11.266822,energy,1.0855462561305158,-0.5883564633289512,-0.34006902819393386,-1.3388889766448029,-0.6949763617237582,-0.999823609097083,-0.5903073815019071,-0.23284773219039256,-0.4801413227674476,1.3379443079772417,-0.09822249434191686,-1.1813475524951915,-0.6656149226917565,0.052373588202543585,-1.0112296491552148,0.008661967879373622,-0.09822249434191686,-1.1813475524951915
AM,0.12785669504211594,185.545,0.013069325566971005,0.043276668,29.15978905407728,-0.08,0.19822,0.076069996,0.52005,0.72780997,22.981839213662322,0.083,24.289158,energy,-1.3234570057658623,1.1792787481131888,-1.841353246292497,-0.8411940838704693,-1.433235837371182,-0.6605723648333376,0.07218005584511415,0.020574219482325126,0.9977746463614972,1.236207838340538,-1.1108009287763707,-0.7575590916740147,0.4554523082302355,-0.6618438346483903,-0.9783340953583296,0.5816841900073686,-1.1108009287763707,-0.7575590916740147
MTDR,0.2905524252980939,69.104,0.026830578998599808,0.16931951,40.82360599966281,1.606,0.13592,0.059180003,0.492,0.62520003,22.576942073517067,0.268,8.698146,energy,1.2377570370535877,-0.06100574514100954,1.486294571571626,-0.47839130157842197,-0.06853502998674407,0.20606035914950313,-0.39983466678433943,-0.41708393393599325,0.8529872005449546,0.8164587248399112,-1.4657558233483658,-0.11492904862550882,-0.886747175035405,0.8876819544947349,-0.11362199080522095,0.2131318311661333,-1.4657558233483658,-0.11492904862550882
DVN,0.22150403854859388,28.488,0.021831836262461227,0.31936574,46.54762994245117,0.44,0.11522,0.05909,0.41077,0.47516,24.648086615769095,0.642,10.008696,energy,0.1507727781636718,-0.4936316670930069,0.27753437827818317,-0.04649696428291346,0.6011925671329634,-0.39328350571644727,-0.5566678089742222,-0.4194161164763952,0.43369721039601555,0.2026861255955549,0.34992233228072783,1.1842257411049841,-0.7739245094641268,-0.021774836883717303,0.05380403237786755,-0.08492514736476173,0.34992233228072783,1.1842257411049841
RRC,0.253228958535204,21.589,0.020507876760725727,-0.07173419,40.84946354471452,-0.164,0.19475001,0.10467,0.36101002,0.49666,22.881459644191246,0.086,10.232045,energy,0.6501977504674163,-0.5671171465973114,-0.04261603307639836,-1.1722423101251231,-0.06550962134275813,-0.7037497959214506,0.04588974497228942,0.7616654051563819,0.17684799798666645,0.29063672707006566,-1.1987991287290947,-0.7471380639489039,-0.7546968344172539,0.01348819026456887,-0.6471672424631106,0.3187599687963508,-1.1987991287290947,-0.7471380639489039
EXE,0.30367365675249947,19.207,0.0197014073842507,-0.21954387,31.0540515917631,-0.455,0.14893,0.08486,0.26323998,0.53097,23.691994441635508,-0.106,7.255392,energy,1.4443161287226394,-0.5924892892526604,-0.2376306859301332,-1.597698942987283,-1.2116015621902492,-0.8533287536195566,-0.30126465809398323,0.24834322561392236,-0.3278177549181888,0.4309895241207854,-0.48824016189976843,-1.4140838383560017,-1.0109510223084002,0.20473205117994855,-1.2208764195990296,0.012562584180633926,-0.48824016189976843,-1.4140838383560017
APA,0.27723987429620056,48.854,0.028969370620018583,0.6835594,48.399541294863695,0.263,0.26659,0.11598,0.56331,0.66729,23.40110436336157,0.092,8.914164,energy,1.02818612503178,-0.2767009125510929,2.003481854491817,1.001801146458861,0.8178716293672441,-0.4842645212235426,0.5901840138896685,1.0547332421389775,1.2210725039737476,0.9886372447256844,-0.7432502541635073,-0.726296008498682,-0.868150611324462,0.9183223556575015,0.4451360848675208,0.9636567511820194,-0.7432502541635073,-0.726296008498682
