Sector,Ticker,Risk_Score,Momentum_Score,Quality_Score,Size_Score,Growth_Score,PE,PE_ZScore,composite_z_score
industrials,ALLE,-0.2562855625925856,-0.0206893709698251,0.5108464267257742,-0.3161510782206536,-0.00662638782599,20.420982,-0.329357556220832,-0.07182602568222188
industrials,FBIN,0.7998643443823288,-0.4790236021658205,-0.3166102117127517,-1.2569726233736436,-1.0819084123161975,30.934958,-0.1110162081390653,-0.525846454263668
industrials,OSK,-0.0573888392773811,-0.2031274808905457,-0.5741765393354012,-0.7582590625638764,-0.3906556822867783,15.084311,-0.4401829889980105,-0.3596528699032844
industrials,GWW,-0.928655429354495,0.3455036992867095,0.7082620690156404,1.018761478247853,-0.1602381056103054,31.844582,-0.0921262534342488,-0.12892648730867795
industrials,CNH,0.6787210328452592,0.9194182501971534,-0.997889766896295,0.0907884370477554,-0.6914786296143959,51.4,0.3139766640940432,-0.20875551657396316
industrials,KRMN,2.368623523735028,-1.1492299128622512,0.1369508842162883,-1.3057671497446652,2.905595761834988,120.074066,1.74011537210481,1.8891256978625826
industrials,SITE,0.4214520361272005,-0.2277146651814358,-0.5221583195481276,-1.3822717287259438,-0.5186654471070411,24.607628,-0.2424144310338299,-0.3731039548576815
industrials,OTIS,-0.3906921611019838,-0.4302754034546713,0.3687510380783148,0.2416080331057112,-0.3522527528406995,16.88189,-0.402853074782544,-0.22902297362423027
industrials,WAB,-0.9261666205761224,0.6691010084036275,0.0760417818890974,0.8495344955761731,0.3005970477426405,39.23224,0.0612915598541823,0.036000431081689044
industrials,FIX,0.1353156657102371,1.4727915169491228,0.5864235095400273,1.0117341824079338,2.39995719079495,40.9834,0.0976575012551202,1.4458581338837047
industrials,KBR,0.2891828436089926,-0.2411792656323693,-0.6020088882603017,-1.2780988149796038,-0.7170805825784484,10.590362,-0.5335078056868356,-0.5003333168293805
industrials,SNA,-1.1698007536206405,-0.4872044614812223,0.576396459354219,0.0064566584877732,-0.5506678883121068,18.729382,-0.3644866286492944,-0.5505488365649264
industrials,AMTM,0.7571131302771432,1.3840557616441844,-0.8653722499701332,-1.2785173573792312,-0.9474981592549212,21.831327,-0.3000692424030736,-0.47048060036600536
industrials,FCN,-0.1991854249731532,-0.4827966321687851,-0.4078102328226703,-1.4353581355154512,-0.4802625176609623,15.994055,-0.4212905422804892,-0.5235238093848911
industrials,WM,-0.3990928886024063,-0.435134037470104,0.3001954327275273,1.3110288010195574,-0.563468864794133,29.341007,-0.144117425995781,-0.20316788680098147
industrials,CPRT,-0.186377619949851,-0.626090198427289,1.0919387767912605,0.2696916712999265,-0.6658766766503433,17.48718,-0.3902831550318795,-0.2733300862805613
industrials,KEX,-0.8044552758568139,0.4859884076098514,-0.1243531598038295,-0.8807276074649844,-0.3202503116356338,20.285936,-0.3321620257852527,-0.4858283596978809
industrials,LUV,0.2582023837426505,0.5980529240201856,-0.917911322896823,0.0780376511308579,0.2301916770914961,26.025,-0.2129801891054338,0.13428229704913888
industrials,GTES,-0.1728951841490222,0.8539320186999126,-0.1540433499353678,-0.9197357568301632,-0.3970561705277914,18.84892,-0.3620042101934221,-0.35384708551405253
industrials,PCAR,-0.6182560208219504,-0.522022912255097,-0.4843919717789211,1.0053810239064918,-0.7874859532295929,23.513918,-0.2651272578284229,-0.4783924775431751
industrials,WSO,-0.2316940147989439,-0.1871536728513048,-0.3097719793184644,-0.3571684561491177,-0.6850781413733827,25.782795,-0.2180100052484556,-0.47868866705485447
industrials,CNM,0.0078105353749225,-0.3368549582736672,-0.3288339985525136,-0.7927506382427114,-0.6594761884093302,17.140495,-0.3974826835698681,-0.46398642106862265
industrials,SARO,0.085255402005231,-0.6991266655971211,-0.4190650282686001,-0.8635557274816245,-0.5250659353480542,22.473684,-0.2867295606946734,-0.40214449443139116
industrials,AME,-1.0424839455092063,0.6512701437991375,0.6142756198212804,0.9897801841949226,0.1405848417173121,36.646446,0.0075929640211936,-0.013275015211483358
industrials,GE,-0.3172263118774055,-0.364485457690153,0.0811444730609464,2.5381965828466395,0.5310146244191136,37.444843,0.0241730929167169,0.5064094841122322
industrials,PH,-0.7050830916493682,0.1894890131157109,0.5133250269523012,1.6585675977255143,-0.192240546815371,34.134335,-0.0445754737107389,-0.021918851477471718
industrials,WCC,0.0385456742158863,1.1687044246637175,-0.7084539603959367,-0.0558148115005507,0.0125750768970494,24.86791,-0.2370092139436046,-0.01850064873782301
industrials,CR,-0.4696336338624231,0.1876283769704918,1.0622268332328797,-0.4080310655350397,0.8190365952647048,36.367203,0.0017939881568398,0.31995989454015694
industrials,LHX,-0.2036158470479493,-1.0281678598050867,-0.3049317786067036,0.7646614019381264,-0.2818473821895549,23.868952,-0.2577543475064989,-0.14588742621015016
industrials,SWK,-0.2327528115341943,0.8499321394048517,-0.602213929022444,-0.2958176511327559,-0.793886441470606,21.660145,-0.3036241400599955,-0.5225691738416015
industrials,GEV,0.0548669159703792,0.8156641078536692,-0.7143669249193025,2.3187114385403644,0.5822185303472187,27.622494,-0.1798053945736094,0.5680280925816859
industrials,PSN,1.0919124592188718,-0.572423227381753,-0.8804329932229711,-1.2895516910926257,-0.8514908356397244,28.650352,-0.1584601012843124,-0.38561718818872165
industrials,CXT,0.4887462682393204,0.0652902496404506,0.0010506058102175,-1.7152337384661946,0.5886190185882318,19.382715,-0.3509190108454964,0.20213313786265308
industrials,LSTR,-0.3885145712145668,0.179092689872184,-0.6539667065813813,-1.0508452416612195,0.3389999771887194,43.69042,0.1538735698560285,-0.11975851538537079
industrials,TDY,-0.8616192112447499,-0.2663195252939575,0.1089474519795121,0.3649911992748983,-0.192240546815371,29.328661,-0.1443738125695584,-0.2758261726790315
industrials,GNRC,0.6526757258894079,0.79433351035146,-0.2312765920288465,-0.3761224089894616,-0.1410366408872659,48.808964,0.2601692088394006,0.05636691415257064
industrials,AIT,-0.9897597076084198,0.2977846921317273,-0.0559299400682166,-0.3773581258556602,-0.1538376173692922,30.682365,-0.1162617495152315,-0.38632623254626064
industrials,PAYX,-0.0746370877509615,-0.7007916934295845,1.436385131823227,0.5609468101725561,-0.4418595882148834,19.7,-0.3443300254201804,-0.06831988546503583
industrials,WWD,-0.1868933994034992,0.1788820797072604,0.1185736202376763,0.0347115160226324,0.5374151126601268,36.632107,0.0072951892697442,0.2361203593623683
industrials,CSX,-0.74188679212279,0.1863414418839309,1.2657347313990297,1.360348303915263,-0.1730390820923316,26.884392,-0.1951333909188405,-7.041178153677663e-05
industrials,LDOS,0.510635769568105,-0.7733054683449891,-0.1577353802566351,-0.1771439228099408,-0.3586532410817127,11.493396,-0.5147547040130569,-0.09760205452950903
industrials,TTEK,0.0707920254155661,-0.163369237602125,-0.0780638079138262,-0.7057978930162173,-1.069107435834171,20.339506,-0.3310495497802913,-0.614976217148001
industrials,AWI,-0.5030878426349615,-0.4077896464032158,0.522818062538367,-0.8918809564304693,-0.1026337114411871,22.33517,-0.2896060494262624,-0.26892513891003356
industrials,GD,-0.9617580337816052,-0.9194538476918314,-0.4009401103061391,1.3969487218473244,-0.3010488469125944,20.283007,-0.332222851662022,-0.2804671760458122
industrials,PNR,0.3025166271674851,-1.2428556288494796,0.4284563666404543,-0.7036356791089363,-1.907571395406892,13.763638,-0.4676091047885726,-0.95628363714295
industrials,XPO,0.312431660926603,0.2642686623570562,-0.2293000659712253,0.0882043984012976,0.0253760533790757,52.375,0.3342242673204271,0.0954765088319492
industrials,CW,-0.1615370064390757,-0.7101082090617193,0.2469385536931698,0.0655119888694133,-0.4738620294199492,36.76944,0.0101471524429638,-0.2682253604418837
industrials,LII,0.4653143405325131,-0.7137344534065161,0.7897011462511051,-0.3727497685259376,-0.6274737472042645,15.999098,-0.4211858154465705,-0.19059381433286593
industrials,TXT,-0.5750397640959509,-0.6236067937344429,-0.5663401213128952,-0.3141611505087932,-0.6274737472042645,14.625719,-0.4497064647506196,-0.5677790822042532
industrials,ATI,-0.0764336200119773,1.2453296585970266,0.1487491381493993,0.2878164487953743,-0.1410366408872659,55.54252,0.4000034346759507,-0.009627302312273685
industrials,G,0.2315917666579567,-0.1317816068509969,0.0205198621282689,-1.091720118827889,-0.3650537293227258,9.681547,-0.5523809600726675,-0.2632374882703193
industrials,PWR,0.0411158729258146,0.8832324376030382,-0.605223672880979,1.4620364206666572,1.811112272621741,74.623695,0.7962578556946119,1.0749495090656154
industrials,XYL,-0.4615284990612093,-0.6586343369390059,-0.057059088079036,0.2105874076009549,-0.7234810708194616,24.16945,-0.2515139738918097,-0.47682127939008173
industrials,DE,-0.0039980005854662,1.300961556753342,-0.3184003335496961,2.0207361750770985,-0.5058644706250148,37.87648,0.0331368003155135,0.016767221028258988
industrials,DRS,-0.2660925643120628,-0.6120781617778032,-0.3599036363927288,-0.5747587236847249,-0.1730390820923316,30.781511,-0.1142028070849925,-0.27622022905207105
industrials,TKR,-0.4545856042452161,0.0909854030383869,0.0548416162468673,-0.7430625549099724,-0.3394517763586732,31.725542,-0.0945983300373962,-0.3797348316275844
industrials,ADP,-0.1652744411882799,-0.0149125052865943,0.3983867268415053,1.512664772852487,-0.3842551940457652,23.91659,-0.2567650599962441,-0.006950908924651245
industrials,GGG,-0.9525906480011812,-0.1312665456808829,0.9970467022734422,-0.3601711662804548,-0.6082722824812251,24.549519,-0.2436211674193498,-0.5258462516753953
industrials,DAL,-0.1513544744643953,0.6258589179582555,-0.6137468054635974,0.9593676208967212,0.3774029066347983,14.0742,-0.4611597343750422,0.238066364297498
industrials,LECO,-0.5467534131988946,0.215551382782181,0.4126529621287614,-0.2290913129448261,-0.051429805513082,27.108604,-0.1904772313141287,-0.1622084608379973
industrials,TTC,-0.7896055255687341,0.7386677772519611,-0.0557029501233595,-0.6358192186501116,-0.2818473821895549,26.059458,-0.2122646076572546,-0.41902896836158815
industrials,GXO,0.4598263658867798,-0.1292752877777331,-0.9466863170634204,-1.1537692066880345,-0.5442674000710938,39.6875,0.0707458407206885,-0.377818604173041
industrials,RBA,-0.1515627987954979,-0.1402468477064267,0.037659799907567,-0.1897542249314653,-0.1090341996822002,35.081898,-0.0248976484225318,-0.11976489929298868
industrials,DCI,-0.4773667247298572,-0.168405006034597,0.2191890601769487,-0.5467729073823339,-0.3074493351536075,22.666668,-0.282721905862837,-0.33766620807002157
industrials,LOAR,0.1831220679854513,-0.789226246259367,0.5287195115527271,-1.0445870895122622,1.7023039725245184,89.159424,1.098118033538962,0.7827709739619517
industrials,TT,-0.7461396070403742,0.2357685609556922,0.3132963792260024,1.4878823687992089,-0.1410366408872659,33.90698,-0.0492969032815436,-0.04457098962203477
industrials,AXON,1.149715692417088,-0.9808130353917612,-1.0437588873376216,0.5419892864711402,1.4398839546429791,175.31949,2.8873845261820854,0.983730215831615
industrials,HAYW,-0.2568584323743706,-0.7167358640031777,0.236578726164489,-1.7537041297678484,-0.4162576352508309,17.239437,-0.3954279775612273,-0.502145924683534
industrials,RBC,-0.5757472371658487,0.3716544372257187,0.5017036224708472,-0.1475987164559357,0.409405347839864,49.526787,0.2750760758042954,0.08101709560099041
industrials,DOV,-0.7502428553663402,-0.0100437639227664,0.1307767342193601,0.2669301441444115,-0.377854705804752,22.617895,-0.2837347636599246,-0.34294391875653124
industrials,LMT,0.0900996457602887,0.8780119801886329,-0.1555538419049368,1.636449491189039,-0.1474371291282791,18.763817,-0.3637715248368836,0.17272960097467152
industrials,TDG,-0.3681423308613301,-0.6095574010751813,1.8429705552163225,1.0362564471668927,0.6206214597932976,33.33128,-0.061252334232753,0.47884081358124847
industrials,BA,1.962384270397517,-0.5352947097396888,-1.4324535623557726,1.8356890219024091,-0.3074493351536075,67.65455,0.6515312066821639,0.4789739035198353
industrials,HEI-A,-0.4521644615946603,-0.6229309807008632,0.5288304160838347,0.477155431740374,0.6590243892393765,38.439392,0.0448266657794829,0.2962619914857072
industrials,RRX,0.4871979040201359,0.1010006445958247,-0.3326465554012824,-0.5261441756413846,-0.5506678883121068,32.04752,-0.0879118861485505,-0.2367075834210042
industrials,ETN,-0.2461806976548174,0.3785224452817135,0.062781166834134,1.9482879840489784,0.550216089142153,44.07282,0.1618147836752789,0.4756251434977137
industrials,LYFT,0.5769108711929442,-0.3835963492666296,-1.21853345531906,-1.0573012600022451,0.2109902123684567,2.1944444,-0.7078639167496181,0.013143300434939942
industrials,TRU,0.154201492792172,-0.5766255954940608,0.2361576197512539,-0.4142234399364973,0.1341843534762989,16.930748,-0.4018384518097905,0.058605918245024785
industrials,BAH,1.1748802033137833,-0.4690147305790494,-0.2173168523279262,-0.7149598152075111,-1.0883089005572106,10.949526,-0.526049128594322,-0.3504171704343406
industrials,HEI,-0.385916837664442,-0.5704152032122413,0.5288304160838347,0.7292742951887751,0.6590243892393765,51.29949,0.3118893957860598,0.34797720856970843
industrials,RSG,-0.8282858936122639,-0.0013097850131373,0.3285892709769435,1.0996564545549772,-0.5250659353480542,30.02432,-0.1299272203512375,-0.3126387204901049
industrials,EME,-0.1001058670416648,0.2254530937607631,-0.0620312948454518,0.5145250517317219,0.4478082772859428,23.696293,-0.2613399176864622,0.26352938640801604
industrials,MAN,0.5635551091970709,0.5649432980250985,-1.0649350947122784,-1.7576734418012752,-0.3394517763586732,25.036037,-0.233517758776792,-0.3187021394542277
industrials,TREX,0.4703208787629219,-0.3217651920236229,0.4131612158863849,-1.2771553005130538,-0.3202503116356338,25.928574,-0.2149826459143643,-0.17441411534259127
industrials,BR,0.1685152195627461,-0.2399648957957742,0.4721187880162347,-0.0227275651610483,-0.3394517763586732,16.78125,-0.4049430427709576,-0.09473056214965567
industrials,HXL,-0.3761681731358966,0.5494249368409432,-0.1351659763175723,-0.9589634736149572,-0.3074493351536075,42.598984,0.1312079667021911,-0.3747258305514628
industrials,RHI,0.4651372082124316,-0.3801998784672526,-1.415606632371008,-1.4239955186894608,-0.973100112218974,31.956522,-0.0898016209161345,-0.6690840381835846
industrials,EMR,-0.4184565175082529,0.4830260311978597,0.5749329646549477,1.3640166797844036,-0.3714542175637389,34.390244,-0.0392610697168305,-0.060484039426931896
industrials,BLDR,1.1045122625914188,-0.6927031802365784,-0.9366357513431884,-0.9892105433406784,-1.3827313596438149,62.64835,0.5475685899930123,-0.6151004635116426
industrials,HON,-0.2200427862369592,0.6960945572597136,0.1030894739631815,1.134794977375046,-0.5442674000710938,8.0788965,-0.5856628384670939,-0.1561114992341962
industrials,EFX,0.5153304344874886,-0.986118886779518,0.2120318554100598,-0.1298645828494775,-0.1410366408872659,24.772564,-0.2389892426381921,0.04257606790854093
industrials,MTZ,0.9857454090666576,-0.2687341917674358,-0.6763626026403942,-0.0747441371943635,0.6782258539624159,34.015923,-0.0470345087807313,0.528860718255027
industrials,BWXT,0.7029278091378289,-0.5485516317077588,-0.3918500999732417,-0.352510220014869,0.3325994889477063,35.677086,-0.0125375146080651,0.2614535560143036
industrials,HWM,-0.3307475704215568,-0.192870655132588,0.9360062448461234,1.4011176886396683,0.7230292716495077,49.709885,0.2788784303228025,0.5242385853089726
industrials,ROK,-0.4633928864685406,0.6907223989166845,0.389499961752039,0.8483067759744302,-0.3138498233946207,40.49581,0.0875318306323996,-0.12051175150538636
industrials,SSD,-0.7228176563764368,-0.1856717712749294,0.4783731305899906,-0.8713511565285821,-0.4162576352508309,19.050167,-0.3578249595200888,-0.4788065093017859
industrials,AOS,-0.4620203571901092,-0.36411017759189,0.4194637506114967,-0.7915369914777383,-0.8642918121217507,15.789916,-0.4255298504600079,-0.631061906607322
industrials,ESAB,0.7837639203173078,-0.8426073200632532,-0.2862120902367849,-1.3488512552100147,0.0061745886560362,20.652037,-0.3245592895916298,-0.0075878169804107385
industrials,MIDD,-0.1498833163081662,-0.3784234832947963,-0.0206521456213762,-1.2290087031240833,-0.1858400585743579,16.058916,-0.4199435886467799,-0.30317304592282396
industrials,UBER,-0.095773407551053,-0.080494121448218,-0.2298860942363329,1.7916045220215953,-0.0386288290310557,15.224445,-0.4372728580949069,0.16718832441695564
industrials,CHRW,0.3135958794643971,0.6182522066962312,-0.4524930331196735,-0.0677959965079404,0.4158058360808772,28.56371,-0.1602593759907128,0.2606230191147321
industrials,HUBB,-0.2575710173390624,0.0150778517509014,0.3367292074266007,0.2225274474221655,0.1597863064403515,27.17795,-0.1890371387055782,0.06734410797263836
industrials,ROL,0.3063285993681828,-1.031604804058237,0.5465402403663997,-0.2247262387042478,-0.3138498233946207,27.88889,-0.1742732094360752,-0.08548121618154562
industrials,MMM,0.4530539801897115,-0.1073749640207459,0.3865865905103838,1.3447020914368972,-0.6594761884093302,29.954378,-0.1313796899562218,-0.004124489530441338
industrials,ECG,0.6594260399592015,0.6111440314899885,-0.1754082803233496,-1.0090972359276895,1.3374761427867692,23.645876,-0.2623869160576053,0.7112987616475285
industrials,MSA,-0.6771849197155313,-0.0097804621936808,0.6262573391640731,-0.8894561784219314,-0.422658123491844,22.459597,-0.2870221022194427,-0.4557584377171788
industrials,UNP,-0.6929692441312197,-0.1919163971496863,1.541820390235764,1.9199581451030587,-0.0834322467181476,22.034817,-0.2958434118589333,0.14296390164100156
industrials,JCI,-0.7405067276216893,0.7028381451932173,-0.1717546702411176,1.3995642707329914,-0.2242429880204367,41.991524,0.118592983055115,-0.12336863989919426
industrials,CACI,0.2455308260189391,0.1109443159304321,-0.4233770876771999,-0.2903498432334463,0.3069975359836537,25.190653,-0.2303068834737658,0.14899445914156695
industrials,HII,0.2257442313172787,-0.5998152782951655,-0.6755858337247251,-0.5092393571646923,-0.1218351761642265,15.45544,-0.4324758374720571,-0.1363857114070045
industrials,ROP,-0.0898650309102338,0.1777431676997663,0.5963930921853617,0.547992566967792,-0.2754468939485418,14.55875,-0.4510971947408428,-0.03705696044187109
industrials,EXLS,0.3014108276086084,-0.0845422300087754,0.184736580283393,-1.133982347387837,0.1789877711633909,21.898088,-0.2986828319015386,0.03497964481775735
industrials,MSM,-0.9670718326628648,0.8400168245616618,-0.2699177942540451,0.0,-0.3202503116356338,30.10219,-0.1283101117735569,-0.41767276312253826
industrials,UAL,0.5302755422749746,0.2007173237543895,-0.7067373713057452,0.5846418269666642,0.2045897241274435,10.3885765,-0.5376982392671819,0.26687775961580795
industrials,CSL,0.0712617596718065,-0.0480447296989717,0.5053634206647537,-0.3354959381315448,-0.2882478704305681,18.48365,-0.3695896891990644,-0.12824192883169083
industrials,IEX,-0.9793923528283692,0.5315666740477473,0.3127673297137558,-0.0929720929640038,-0.4098571470098178,33.136627,-0.0652946488079585,-0.43823466450017173
industrials,RTX,-0.7151586927999922,-0.7622190705846011,-0.3354931811364727,2.3083378507184773,0.1085824005122464,32.916668,-0.069862487329058,0.11660009082250011
industrials,AYI,-0.157360306679491,-0.1842161522577543,-0.0475983064669927,-0.6216230847226712,-0.7170805825784484,20.49008,-0.3279226137718713,-0.48782764442950827
industrials,EXPD,-0.7676703304136102,0.9828876428898244,0.1267935656332912,0.2238849532047662,1.235068330930559,27.394659,-0.1845367921952331,0.4738806844707173
industrials,MLI,-0.63465562492342,0.2096275621109269,0.7969344451537127,-0.2940089695126983,0.8126361070236917,15.825066,-0.4247998984052311,0.26667392763536935
industrials,UPS,-0.1678927947840029,-0.2256841885934134,-0.3262567182659601,1.2887943216361046,-0.3330512881176601,17.465422,-0.3907349984688023,-0.07522492767062365
industrials,CARR,-0.1014769189060915,-0.4327527382084801,-0.4725853987604638,0.7871742225385954,-0.5698693530351462,39.46763,0.0661798504423449,-0.25751256614461154
industrials,ITW,-0.0222185571673888,-0.3116936887599886,1.141312908007573,1.2163042557950765,-0.4290586117328572,24.203197,-0.2508131576189064,0.023051372483791646
industrials,R,0.1799927740002687,-0.3580758098077872,-0.3520066676419152,-0.6746208171680964,-0.4994639823840017,18.769358,-0.3636564561502401,-0.32557776459566534
industrials,WMS,-0.0775829567795209,-0.2758737278875793,0.734279568753798,-0.5951486987805424,0.4990121832140478,21.884283,-0.2989695171964517,0.20272591276033808
industrials,FAST,-0.9054738081272024,0.1373564971991951,1.0542750128156435,0.9904166864206848,0.1213833769942727,42.698277,0.1332699618479934,0.036393771881276515
industrials,NDSN,-0.9639428507829358,1.2318227056344206,0.6752826775745636,-0.0191734564943111,-0.1602381056103054,33.21682,-0.0636292990176678,-0.2533235524734432
industrials,URI,0.3587302948810115,-0.0849344354939018,0.5588750455197203,1.0719166661910486,-0.0642307819951083,24.097761,-0.2530027230484213,0.24590951218143087
industrials,CAT,0.3847617498290256,1.0915205556980034,0.3420826584366627,2.662654935289039,0.7166287834084946,35.592186,-0.0143006135967011,0.8599534933314927
industrials,IR,-0.2681950800113601,-0.0446568343292579,0.0278785923899456,0.3964672255099443,-0.2754468939485418,31.691984,-0.0952952213902895,-0.1559022879600051
industrials,SAIA,0.0680809381698412,0.157383966692166,-0.1742422578941495,-0.6603391619696639,0.2749950947785881,32.276596,-0.0831547169622047,0.05908628641259181
industrials,ACM,0.804433075650068,-0.3248185361290632,-1.0115355784519584,-0.8002276024653626,-1.7283577246585242,20.684212,-0.3238911186851591,-0.8392283509020948
industrials,FDX,-0.4524277006346937,0.1241367950596974,-0.4363221849405406,1.1429642648766896,-0.0194273643080163,15.502447,-0.4314996537952749,-0.014064708000226326
industrials,NSC,-0.8914148579072011,-0.3576341323559832,1.04755601753965,1.1680628635017904,-0.0898327349591608,26.730103,-0.1983374754872462,-0.054919535513146836
industrials,VMI,-0.5519004957916018,0.2480184509395741,0.0972466419420725,-0.654492493770765,-0.4034566587688046,18.249113,-0.3744602657302505,-0.41860924981626313
industrials,CTAS,-0.7783588394506301,0.1486224238899869,0.959481827283316,1.2710890033981,-0.1218351761642265,39.090183,0.0583414944474846,-0.02165262005207583
industrials,ITT,-0.5433725245905012,0.0080114434199634,-0.1460836609388775,0.0,2.4767630496871083,40.12326,0.0797951695226671,1.0754814881470556
industrials,SAIC,0.259975054262747,0.5936267677223973,-0.4482199768485237,-1.111740579551373,-0.4162576352508309,14.954279,-0.4428833339649163,-0.30333300986662337
industrials,AGCO,-0.1637942180176579,0.5350940829141538,-0.7384587048400425,-0.7530854255504595,-0.8834932768447901,16.066105,-0.4197942963189907,-0.6271080902853314
industrials,FERG,-0.4499665255337264,-0.1625248281543757,-0.3721550333465072,0.7437367531319471,-0.5250659353480542,22.019783,-0.2961556195172978,-0.31879459449451786
industrials,NOC,-0.1049401464581766,-0.94337130775676,-0.1840997386768169,1.158798479780226,-0.4930634941429886,16.051792,-0.4200915311343541,-0.16155475722371207
industrials,VLTO,-0.5138435774849398,0.0961188986496714,0.4471974819073595,0.185777296929303,-0.3394517763586732,24.309278,-0.2486101976211033,-0.24306736897313144
industrials,J,0.0816006285640209,-0.1933691898116427,-0.6886059860972387,-0.1461052222860658,1.388680048714874,45.240803,0.1860700209667266,0.6328874917491129
industrials,SNDR,-0.3969902824839879,0.4605702398235292,-0.8399165999912344,-1.0728603104862524,-0.1538376173692922,49.765625,0.2800359702241755,-0.37794492410250397
industrials,FLS,0.3315866265272032,0.4883168568521814,-0.2028821478669035,-0.6196927338178083,-0.9218962062908688,25.74648,-0.2187641505932415,-0.45468050054581566
industrials,NVT,-0.0086081020934093,1.1947725340396955,0.1296235507878061,0.2935380328058947,2.559969396820279,44.79609,0.1768347672501986,1.3498481845293195
industrials,VRSK,0.148059535058452,-0.3094133363460339,2.181005493629351,0.140241797893093,-0.5378669118300806,25.783411,-0.2179972129165711,-0.041157814302335574
industrials,CMI,-0.1778240943784798,-0.417000152784739,-0.2473195559432516,1.1896977189244105,-0.2178424997794236,26.668558,-0.1996155665032131,-0.031880794151170594
industrials,JBHT,-0.2385943536383593,0.5318405866022106,-0.3760334477638006,0.1068559913011116,0.4222063243218903,31.825285,-0.0925269898439509,0.14329275985804962
industrials,ST,-0.1486484170545542,0.7397617463655587,-0.121929750436109,-1.001707059010229,-0.4994639823840017,67.03226,0.6386082517983213,-0.4092508020644399
industrials,FTV,-0.8113923263215469,-0.0365802916939816,0.0571184791704095,-0.1064651813278774,-0.3138498233946207,29.310162,-0.1447579770947737,-0.3825123441835108
industrials,ODFL,-0.2838932820200947,-0.1934311654889883,1.1476257480888532,0.5881459949742662,-0.1538376173692922,33.43077,-0.0591862480327602,0.012154178248715413
industrials,VRT,0.93281982618268,0.7638183866340135,0.4346925424483513,1.427349329445107,0.7230292716495077,54.471786,0.3777677452472338,0.8480736838989111
industrials,CLH,-0.537299948026469,0.5555908356206204,-0.0970057160492581,-0.1160440760802892,-0.0578302937540951,37.558113,0.0265253452423092,-0.18084908705956707
financial-services,FHB,-0.3854471690553475,-0.2930033366772161,-0.239046351505066,-1.558284093227374,-0.2126046629987226,10.704349,-0.4739719928994097,-0.7069076723714969
financial-services,PRI,-0.6447321254081765,-0.2765884616754151,0.3887662824141177,-0.7500540973590489,-0.1841163254346685,11.086285,-0.4492927360118982,-0.4753310523970278
financial-services,CBOE,0.1627539710278417,0.4563020545389254,0.7674989498222491,0.217841842897748,-0.0396397563598226,21.456743,0.2208069587619611,0.2583706807104608
financial-services,LAZ,0.6908774695250256,-0.7385321116148792,-0.1101457316681667,-1.4292657072925128,-0.271616219381406,17.67317,-0.0236731897960501,-0.21525974215975374
financial-services,TRV,-0.87309476674216,0.7385120510459188,0.193965158291566,0.9642285392930374,-0.2695813381268307,9.764723,-0.5346870640950678,-0.04171545574177584
financial-services,CBC,-0.683829393361469,0.7657639240406051,-0.0996601173559463,-0.8391356081684593,-0.1332442940702861,16.891891,-0.0741564779433262,-0.5454966212941836
financial-services,FHN,-0.3804784686694947,-0.1980815787866156,-0.2388805534009518,-0.5434221134286482,-0.1810640035528055,11.120773,-0.4470642521519413,-0.3858824872919148
financial-services,PFG,-0.7540789420106068,0.9892891278162492,-0.361282424694219,0.075096496314891,-0.2075174598622843,15.948718,-0.1351007428368291,-0.3292142257216943
financial-services,LNC,0.024059720550968,0.0099469318032738,-0.4300523283174224,-0.8160625863023065,-0.1444361409704502,3.4469175,-0.9429197127582812,-0.3148443837178785
financial-services,TFC,-0.3004324264786694,-0.1841385830681609,-0.2880273516067423,0.749354100255729,-0.1892035285711067,10.668202,-0.4763076750522124,0.03892887482230696
financial-services,SCHW,-0.2978656166405968,-0.0797382557667001,-0.0213367815017244,1.609165613842921,-0.0599885689055756,18.066544,0.0017451473045845,0.35817427677980895
financial-services,FISV,1.7108964576988424,-0.0715756786414556,-6.172893572274253e-17,0.0768659452507429,0.0,8.655172,-0.6063820448216694,0.7449308233954969
financial-services,PGR,-0.5252241349568343,0.234360640688187,0.3608632822071506,1.3422261875625006,-0.1983604942166955,10.560877,-0.4832426098199542,0.2333011976059604
financial-services,AON,0.0115880567341949,-0.6740475597568062,0.536735023697944,0.7786377847989261,-0.2502499662083655,15.223871,-0.1819376090058784,0.27351843519835056
financial-services,L,-0.9136481017039908,-0.2331121177661008,-0.2696513168850217,-0.0159134768719412,-0.2329534755444755,13.004982,-0.325313807206293,-0.4593460971556236
financial-services,USB,-0.4646907242013098,0.1418855524519438,-0.2445662230287208,1.1141064936557972,-0.1668198347707785,11.598393,-0.416202257800497,0.10203423861681525
financial-services,CB,-0.8981360462848137,0.209879612661359,-0.0086696862466822,1.3751980118200802,-0.2105697817441473,11.76311,-0.4055588694926648,0.031158495493068622
financial-services,FNB,-0.4209283331626216,-0.1327561067155937,-0.2464605612511874,-0.9964338985623764,-0.2034476973531337,10.244047,-0.5037149637213153,-0.5431762611194147
financial-services,PB,-0.5137689774347713,-0.4905025647138069,-0.1646116326509994,-0.7910674273027064,-0.0091165375411932,11.595447,-0.4163926171559665,-0.5034070227744633
financial-services,APO,0.2846458277226178,-0.2525391290738852,-0.394750696467316,0.9002084931767496,0.3764934602008247,42.357662,1.5713451358022767,0.3660096419355752
financial-services,LPLA,0.2946175871624453,-0.277579636211212,-0.1471369007653741,0.0786348236407754,0.0977147283240095,24.503204,0.4176577233319026,0.12644523808083596
financial-services,CINF,-0.7576220004286264,-0.0447743738303722,0.3903162603756744,0.0909457959640498,0.0488775782142025,7.524551,-0.6794384890987608,-0.2343681684185268
financial-services,BEN,-0.4531724838446194,0.9149707063114848,-0.2394471764192743,-0.2268913300333687,-0.1271396503065603,22.151722,0.2657138679625231,-0.27312969042866087
financial-services,PRU,-0.3034494711970487,0.2459065848191629,-0.4497757912062859,0.4610847483953253,-0.1291745315611356,10.429752,-0.4917154103922357,-0.05277774399080635
financial-services,ACGL,-0.7931843123109065,-0.0004184225370837,0.152938712932446,0.2900185761701871,-0.3794649258738966,7.442385,-0.6847477446321989,-0.2586302213761191
financial-services,MTB,-0.4630373883898502,-0.2324046995174717,-0.2131506146342046,0.2877488794521334,-0.2095523411168596,11.519323,-0.4213114615469245,-0.1650101989668639
financial-services,UNM,-0.7394774505187335,0.4968630619314944,-0.4357720337666269,-0.3535887399782743,-0.2695813381268307,20.497663,0.1588348438116172,-0.48947131563897117
financial-services,C,-0.3082824897724749,0.6584438520592574,-0.3410707616548726,1.806104412668465,-0.1149303627791085,14.104574,-0.2542623393178181,0.39142651282276886
financial-services,RJF,-0.5070515755283357,-0.1907689295710947,-0.2465077084373375,0.260557301902736,-0.1190001252882591,13.922467,-0.2660294035223289,-0.18707763476504632
financial-services,ARES,0.8938665546647044,-0.5835925111108508,-0.0409821138873228,0.448096030482155,-0.1749593597890796,54.5399,2.3585151880277926,0.47305041416570925
financial-services,MKL,-0.6298881381782182,-0.1589425597389523,-0.0478314991839176,-0.0207553766826614,-0.1434187003431626,9.451651,-0.5549165902782164,-0.2984694553833872
financial-services,VIRT,0.5556102303107929,1.022917566816633,0.36915083845941,-1.1765561745443458,0.0234415625320113,8.868168,-0.5926190504979806,-0.03477286875533322
financial-services,CFR,-0.6354711771401198,0.0917486510766715,-0.2222662208994319,-0.6528229052668504,-0.2105697817441473,14.581661,-0.2234347854064501,-0.517007796530508
financial-services,CFG,-0.2885969042584626,0.0202585537909007,-0.3364449355482595,0.1642977066610749,-0.1230698877974097,13.921397,-0.2660985428673229,-0.12961082447944683
financial-services,RF,-0.3568960509390705,-0.4357731309226646,-0.2424428573898072,0.0391871662931601,-0.2380406786809137,10.926828,-0.4595962430536851,-0.2109091358866716
financial-services,AJG,0.1581926442854459,-0.2685310839308152,-0.1489723635151117,0.7754740889182469,0.041755493823189,37.766556,1.2746852651124352,0.2783814556901515
financial-services,MKTX,0.4313969587381881,1.3714160860005045,0.8063118594319758,-1.0435391756744157,-0.2777208631451319,19.375887,0.0863499299144064,0.001648571338982956
financial-services,V,-0.5935958411346617,0.4360104114827358,2.0579271102664536,2.6962238869465933,-0.1261222096792726,31.164787,0.848103971222857,0.876464643001925
financial-services,TW,-0.2124426863965076,0.132011594340183,0.4268587217031047,-3.800713358124239e-05,-0.1810640035528055,24.066824,0.3894605014921906,-0.04060058668558668
financial-services,CME,-0.2946639259676442,0.2518124532193496,0.5882260999648826,1.1500117680427293,-0.2644941349903925,22.315163,0.2762748059860447,0.29867762279027465
financial-services,GPN,0.2610743082925493,-0.1448340048348405,-0.0846408087675776,-0.0062968791074343,0.4253306103106318,39.454105,1.3837282861454436,0.12929787571187748
financial-services,RGA,-0.7363283913162458,1.1321190298479746,-0.3954856510372451,-0.2385056143446077,-0.0844071439604791,11.137042,-0.4460130110269809,-0.40680078599812397
financial-services,AIZ,-0.7474034754554838,0.3969108965863057,-0.1914698421801883,-0.4056926885776113,-0.1769942410436549,12.607656,-0.3509875075699334,-0.46955543328551813
financial-services,MRSH,-0.1888111360868508,-0.3247740206032208,0.3781470718497612,1.0360008256128372,-0.2095523411168596,20.820732,0.1797103382488828,0.26205486482992735
financial-services,VOYA,-0.4986943583078388,0.5272189472212166,-0.4497589242919233,-0.7337267349063648,-0.3163836069820625,16.01356,-0.1309108985301914,-0.5097253510516614
financial-services,GL,-0.8247541128239146,0.2030720766301812,0.0929652650201263,-0.4219774935948669,-0.191238409825682,11.035975,-0.4525435775508228,-0.47534855745573595
financial-services,RNR,-0.7290995921152418,0.7798944909179767,0.0887647221059275,-0.3921379465927149,-0.4069358228106631,5.6274095,-0.8020245831837879,-0.42425152199030713
financial-services,AGO,-0.4120758202080393,-0.62875724695352,-0.2659107121660756,-1.562891611988925,-0.2777208631451319,9.176152,-0.5727182915927103,-0.74170347492578
financial-services,WRB,-0.643217914028983,0.0117484183263293,-0.0457953888953852,0.1103840946558665,-0.2604243724812419,14.04158,-0.2583327728678681,-0.2676039843446565
financial-services,COLB,-0.2786893479314489,-0.0457742226494105,-0.1797442563719354,-0.7779408189197667,0.0844880001692701,11.304348,-0.4352023313507471,-0.37715847869253144
financial-services,GS,0.9622296241390288,0.2227248667417381,-0.1844100118109232,1.953886538788684,0.159778606588556,13.907322,-0.2670080160269406,1.0052734246444393
financial-services,RITM,0.2820087528848182,-0.6814529778054768,-0.553971340870958,-1.1580842924046486,-0.173941919161792,15.135594,-0.187641734200306,-0.35692598698027195
financial-services,AXS,-0.5075295352948168,0.0001494435967554,-0.0879215200166795,-0.9060341645622464,-0.1973430535894078,6.781857,-0.7274285607725843,-0.5239753652364559
financial-services,MET,-0.3434113073703449,0.5340282841231812,-0.4542937565073413,0.7935659349522952,-0.1658023941434908,18.248064,0.013474281793664,0.039462693017828905
financial-services,WBS,-0.62917204717688,0.3254558319979007,-0.1858461654216017,-0.4319851536810525,-0.2136221036260102,12.633551,-0.3493142708048677,-0.43276413550726145
financial-services,CBSH,-0.5466640648657223,-0.2996944753980554,-0.1507665952206098,-0.8015434738548814,-0.1281570909338479,13.416667,-0.2987122826793167,-0.5221924013229585
financial-services,HLNE,0.7054582391697458,-0.5576055719763016,0.9273793492497469,-1.036490351157469,0.3022202944088265,13.2207,-0.3113749275582361,0.11750172700838575
financial-services,RLI,-0.2985978948150128,-0.5734607265222064,0.3677682870822514,-1.1441298606239736,-0.1179826846609714,11.8691,-0.3987101973656399,-0.4582959334582627
financial-services,BAC,-0.4309384073142738,-0.3318455070868264,-0.2802087118812943,2.246718630406193,-0.1017036346243691,12.687646,-0.3458188569100531,0.4483425667328686
financial-services,MTG,-0.6027456100361811,-0.6035437201681534,1.1375873677076558,-1.110144265802202,-0.3021394382000355,8.075,-0.6438705607692139,-0.48477594596077295
financial-services,WFC,-0.1818775850221029,0.0169674433133339,-0.2655942285551356,1.8912734489449785,-0.1759768004163673,11.703217,-0.4094289281746526,0.45260225331289755
financial-services,CPAY,0.2601042979373885,0.6846455996278159,0.7471143913591107,0.1241282202145484,-0.0538839251418497,23.869778,0.3767281357223846,0.2749919811184252
financial-services,THG,-0.8819445023272411,0.5464296402954452,-0.1683682301394412,-0.8421668431781235,-0.2288837130353249,10.439785,-0.4910671159545487,-0.6567342777777762
financial-services,HOOD,2.083649296257306,0.5607231194715416,0.0914038519999769,1.2058743914324974,0.055999662605216,51.605503,2.168905574446085,1.291810247546423
financial-services,OZK,-0.3927725872982637,-0.4301646691029635,-0.1186641265450597,-1.154188752691483,-0.2939999131817343,7.5841584,-0.6755868848064273,-0.5808416246326492
financial-services,MCO,0.0320026181499212,0.0901653587761685,1.7500671812361706,1.008258519943197,-0.1190001252882591,28.815355,0.6962925790845408,0.5653918425306145
financial-services,WAL,0.2535699663351005,-0.1672656161196185,-0.2459885153384952,-0.7680562916057867,-0.1342617346975738,8.553531,-0.6129497010502092,-0.18245330712502184
financial-services,CACC,0.4877039480635468,0.3438102448171988,0.3132922328147441,-1.0793902896477194,-0.1759768004163673,11.847389,-0.4001130799069158,-0.08459344075107782
financial-services,HIG,-0.7754971015394108,-0.3278945837391138,0.0139743224508319,0.3295765546113536,-0.1902209691983943,8.690341,-0.6041095573225154,-0.25386904093932944
financial-services,MS,0.4254826187260609,0.1305459441926337,-0.1619559793278804,2.047627491068306,0.0122497156318473,15.582437,-0.1587684329524887,0.7935690567125939
financial-services,WEX,0.8543810010725998,0.1747510464350158,0.2351855057991815,-1.046260557173125,-0.1281570909338479,16.836327,-0.0777468130510345,0.06768203815226234
financial-services,EWBC,-0.4170700577447475,0.1514621822556622,0.013583070993146,-0.1957318579528236,-0.1067908377608073,11.9049,-0.3963969370378025,-0.23878742186514157
financial-services,JKHY,-0.0660955386011351,0.1933792022280757,0.6447607120144201,-0.6082002069660378,-0.2248139505261743,20.52149,0.1603744542538346,-0.13666397333370775
financial-services,RYAN,1.3521015493262345,-0.4381831777635377,0.1273550832594132,-0.6533448023064724,-0.1973430535894078,50.68493,2.109421635904792,0.3550271390182511
financial-services,BLK,-0.3951075406605007,-0.0835247633218001,0.2075377000615874,1.6226257750821846,0.038703171941326,25.378658,0.4742262430818071,0.36241215792446524
financial-services,MORN,0.6291208308948792,-0.113086153761294,0.5501259180853462,-0.8773514464178084,-0.1749593597890796,17.727612,-0.0201553540762699,0.0542678049381569
financial-services,WTM,-0.7487923091180452,0.1022585688574289,0.1628236637264673,-1.1898479727802842,-0.0437095188689732,4.5974016,-0.8685797902348807,-0.6602630595157943
financial-services,BX,0.3293931886184878,-0.8465759495637832,0.7889501284647126,1.4266739102614237,0.0183543593955731,25.53303,0.4842011766943467,0.6611099373784416
financial-services,HLI,0.0634124768648633,-0.1444952771831747,0.2123155533448093,-0.709342050694846,-0.4303369572382789,21.413559,0.2180165723374546,-0.20543382687181747
financial-services,SPGI,-0.1182746168152405,-0.0069881253024986,0.5621413012261909,1.3154494606644769,-0.1668198347707785,23.863882,0.3763471585466045,0.41972438560461667
financial-services,MSCI,-0.212605168555259,0.1262149196534797,1.5331571062645266,0.4605930678200853,-0.1485059034796008,29.49945,0.740496205452472,0.26109554022131887
financial-services,WTW,0.0049041447392524,-0.4025080527096781,0.1307702918113418,0.1617856227292793,-0.1800465629255179,17.858118,-0.0117225509381484,0.03940062484287276
financial-services,HBAN,-0.2114745818393167,-0.4522590282331495,-0.2781152447079896,0.272774834603793,0.2116680785802259,11.738462,-0.4071515298435177,-0.042763752494732576
financial-services,SLM,0.726933609920129,-0.4543527820586326,-0.0479492771145405,-1.2827972219468728,-0.1902209691983943,6.2341595,-0.76281869759956,-0.12821674616294954
financial-services,EEFT,0.4005108595510554,-0.3869793196224715,0.0003740023037045,-1.7484556814615375,-0.240075559935489,9.979364,-0.5208177761054771,-0.4048516395242698
financial-services,NDAQ,-0.268008123177581,0.2697853826808215,0.6328280866085048,0.6746816205731014,-0.1210350065428344,26.825073,0.5676880988664148,0.18344554375667713
financial-services,WTFC,-0.3171759245461099,-0.2005460151325041,-0.1985571729692593,-0.6463702777147031,-0.1688547160253538,11.391166,-0.4295924812071105,-0.3840692698342805
financial-services,IBKR,0.175176698858813,0.6733725727702873,0.2028913757906864,1.4916693311853242,-0.0050467750320427,33.896824,1.0246378484933587,0.5868569902021806
financial-services,SEIC,-0.7273692531736963,0.4574024307075077,0.8678887703454028,-0.4476222625091807,-0.1230698877974097,18.10582,0.0042830135793371,-0.3163830161447125
financial-services,AFL,-0.8543711080022142,-0.0752617351356472,0.0983303891124863,0.7420839346357267,-0.2828080662815702,12.256579,-0.3736727728245752,-0.14715647604755064
financial-services,EVR,0.1827286151684157,-0.6280883378214528,0.8869939007240639,-0.6192301987373471,-0.0813548220786162,14.556246,-0.2250770063905839,-0.017943766032609464
financial-services,NTRS,-0.4870339234730227,0.3623442696110596,-0.1691512620733646,0.2766840081133422,0.0977147283240095,14.549828,-0.2254917132281275,-0.12269341332297548
financial-services,XP,1.5164813600840563,1.481790525333113,-0.1838678117157059,-0.5618258131416641,-0.1647849535162032,10.766666,-0.4699453045237157,0.48265262420871813
financial-services,BNY,-0.584257845018006,0.2341452455137193,-0.2199436401563302,1.1821089596122711,-0.139348937834012,17.156584,-0.0570530193970618,0.08177072553074857
financial-services,ICE,-0.2108025264571186,0.2143193536248776,0.4600902366447824,1.0724904849299155,-0.2237965098988867,21.473164,0.2218680215508834,0.2943414091118842
financial-services,SOFI,1.1860090977859183,-0.3944418513026884,-0.4607497559176194,-0.0553284287444021,0.1607960472158436,32.75,0.9505344277611848,0.4191184697035822
financial-services,AMG,-0.209025090591811,1.489304836405627,0.160281545909921,-0.6556096349012275,0.0315810875503125,13.001778,-0.3255208375440134,-0.20952281653928292
financial-services,EG,-0.6356817133902511,0.4823143593028196,-0.3168609787735886,-0.3472038721373796,-0.3876044508921977,7.7944508,-0.6619985868688374,-0.4378213997860957
financial-services,NU,0.549838298361515,-0.1255886128491939,0.2477533849324433,0.8107040434735914,0.25745290680817,16.88,-0.0749248292997038,0.5359719984123228
financial-services,ZION,-0.2092170817526229,-0.0257088739147123,-0.1063904078773268,-0.6818511920848992,0.0855054407965578,7.970738,-0.6506075760848837,-0.30691222706986077
financial-services,BOKF,-0.5531926800727053,-0.2804270288955355,-0.2559704163070262,-0.8187917965616147,-0.1698721566526414,11.91329,-0.395854807033597,-0.5482445039981155
financial-services,SSB,-0.3908213054889476,-0.3210289369747428,-0.1764943302891284,-0.6391575308683156,-0.2736511006359813,10.457982,-0.4898912947761785,-0.42374528398424105
financial-services,AGNC,0.5619885932996089,-0.5608981380055648,0.2767713550307794,-0.5545938726320295,0.0,4.512438,-0.8740698160781838,0.08551842533055176
financial-services,FDS,0.5765415682400412,0.1318007305317969,0.5992802344861319,-0.6435518272571131,-0.208534900489572,18.51509,0.0307284899584996,0.11707565945258075
financial-services,ORI,-0.6375420496775575,-0.5608094791138396,-0.0920046036381619,-0.6936305867124118,-0.1362966159521491,8.346757,-0.6263106533135682,-0.529472801923277
financial-services,BHF,0.3985551809045245,1.759230641690051,-0.0109055745149103,-1.5920238057074276,0.6094873638496957,4.1205616,-0.8993913839423108,-0.20328931206952575
financial-services,STWD,-0.1305043676943083,-0.9787795835509492,-0.7041943380481455,-1.1362904821110718,-0.1362966159521491,24.545454,0.4203877582160124,-0.5537476142735445
financial-services,ALL,-0.540199829013547,-0.1537164187092592,0.6263202977455338,0.7429091756804274,-0.1525756659887514,4.5148554,-0.8739136128514655,0.0698306601701348
financial-services,FNF,-0.1327494886312053,-1.1421489062778662,-0.3380718203545148,-0.58335847357652,-0.1658023941434908,14.36803,-0.2372388110236635,-0.3410918635109499
financial-services,OMF,1.0030682615176258,-0.2366814048137736,-0.1101195306410738,-0.9655107071295508,-0.3001045569454602,8.354449,-0.6258136254241344,0.07571247211213401
financial-services,BAM,-0.2116779080231409,-0.5590803161507313,1.3369838668994445,0.9301917194250848,0.3459702413821953,25.768787,0.4994349005800998,0.39720094413832635
financial-services,JEF,1.2011831668848625,-0.604193614602147,-0.2031982066257922,-0.6684686223335651,-0.1861512066892437,12.773744,-0.3402555304378144,0.23439298942957582
financial-services,STT,-0.5014045137170651,0.8551853192367015,-0.3002194562439545,0.6197969501202716,-0.0854245845877667,15.70054,-0.1511370646704054,-0.039889574043466276
financial-services,ALLY,-0.0969752853512456,-0.4204674935756265,-0.4010623445944677,-0.5056282891029896,-0.1607151910070526,8.893617,-0.5909746325626974,-0.2837518805198995
financial-services,FIS,0.6372992013729563,-1.099202561406129,0.1456389192084289,-0.1963405065487644,0.0234415625320113,5.124611,-0.8345135167856359,0.19122734066732408
financial-services,PYPL,0.7949642727527658,-0.3132588631850339,0.0774503200488815,0.5686652524154715,-0.2237965098988867,10.180233,-0.5078383825637907,0.49080415516331194
financial-services,BRO,0.2842449824800979,-0.6122638621973499,0.3435001235142906,-0.0524599711994614,0.0570171032325037,19.333334,0.0836003163185834,0.13533701516904312
financial-services,JPM,-0.4814889189866791,-0.0231276393171643,-0.1008623335301878,2.904471418652691,0.0366682906867507,14.186535,-0.2489663301074862,0.6788710291484545
financial-services,SF,-0.3533400939516717,-0.4936645407420958,-0.2689621536416018,-0.5675679199526009,-0.1434187003431626,12.507143,-0.3574822767132833,-0.39369169774417595
financial-services,AXP,-0.1116463941774926,-0.3398447729111526,0.0032954082211951,1.7621051940583947,-0.1424012597158749,18.520098,0.0310520879395558,0.4705284522694744
financial-services,FITB,-0.229191708748818,-0.030413376349619,-0.3078649514109804,0.5848097786117066,0.2544005849263071,17.030304,-0.0652127544305619,0.061086642693006905
financial-services,PNFP,-0.2316104164215638,-0.2326045244643446,-0.2620437133166714,-0.3391654648692991,1.121259999375382,12.893939,-0.3324889850438363,-0.1476904989570394
financial-services,SYF,0.0719270617865922,-0.0843916743920096,0.0155936868464855,0.045734785900543,-0.2665290162449678,7.362033,-0.6899397863601987,0.01968737994108984
financial-services,AFG,-0.8279175376215218,-0.2201486389351584,-0.0883322376386283,-0.5127744824041353,-0.2136221036260102,12.102654,-0.3836188229911221,-0.5481118341486044
financial-services,FIGR,2.7311230879395594,0.0813881014223305,0.0892731314273415,-0.9531406147480198,0.9564346177547832,30.69149,0.8175213127484307,0.9635802157477982
financial-services,PNC,-0.4544059809579758,-0.2013431460613848,-0.243251906489078,1.102466895969552,-0.0325176719688091,12.212087,-0.3765476772521211,0.10231390002763856
financial-services,KKR,0.451592834068628,-0.4866556721659216,-0.4250222005865807,1.0630010780226329,-0.1932732910802573,29.739416,0.7560018989672718,0.4226714877204107
financial-services,KEY,-0.3856543370577377,-0.1013403156801568,-0.3092107113708519,-0.013383348320289,-0.1698721566526414,11.736841,-0.4072562727203731,-0.23023731375669443
financial-services,TFSL,-0.5866763945505739,0.2873814286020829,-0.3165658927284376,-1.2312249839030862,-0.1179826846609714,45.0,1.74208300362734,-0.6723305525169954
financial-services,AIG,-0.6172463674505737,0.2255077414369427,-0.1542562048665604,0.4556261079682366,-0.2675464568722555,13.730627,-0.2784253773014443,-0.15841479183881166
financial-services,FAF,-0.273617067227209,-0.1889120503965324,-0.0941071947751522,-0.9868241846466564,-0.1200175659155467,8.424411,-0.6212929461208898,-0.4508335780094281
financial-services,BPOP,-0.4580514810503143,0.0090961379474684,-0.1969692665760794,-0.6183194110465626,-0.1953081723348325,10.567641,-0.4828055457736555,-0.4294126253069154
financial-services,CG,0.5911114032346839,-0.9704095944608864,-0.3404815874727011,-0.3399151837645808,-0.6073716263863294,41.3125,1.5038107282390587,0.006560328669227662
financial-services,KNSL,0.2195754836503017,-0.50726358763765,0.6209866776246767,-0.8531964210333951,-0.1017036346243691,13.125254,-0.3175422863641236,-0.10955200405994386
financial-services,AMP,-0.3926221374671534,-0.1721986925674365,0.3134575715189717,0.542967528255283,-0.1546105472433267,12.020264,-0.3889425525556619,0.0253737677054556
financial-services,FCNCA,-0.2395583404319913,0.3813296937068815,-0.2788712968943548,0.0516482953188745,-0.1861512066892437,11.046649,-0.4518538641223497,-0.12764689444484698
financial-services,TROW,-0.5864503762523111,0.141937987833337,0.6067022935105633,0.0146502045631519,-0.1637675128889155,10.446788,-0.4906146086339945,-0.1668520324658633
financial-services,CNA,-0.6848745209895162,-0.3423143797535266,-0.3376408855351254,-0.4589610445650231,-0.2421104411900643,9.885463,-0.5268853028664899,-0.5135256296633307
technology,ENTG,0.2215180293788478,0.0300394809694187,-0.002278501920882,-0.1658911876202193,-0.3549728697559223,77.41708,-0.0765488632443739,-0.0924812229206263
technology,PANW,-0.3537749804547375,0.2558226560682295,-0.2706240485994328,1.3974157626142722,0.1448940696753034,993.27496,1.073838181130366,0.16523690342409267
technology,RNG,-0.0313652745325671,0.719091018588832,-0.0643177619188661,-0.9567859170801558,-0.4766796028348294,59.76,-0.0987274965422479,-0.18884099006239277
technology,DLB,-0.8192093590783216,-0.5030109448173872,0.0002333584266483,-1.0312283726911555,-0.6766263786073199,24.589958,-0.1429037399861712,-0.509130027553243
technology,LSCC,-0.1996771514735869,0.3090232348902929,-0.2050695599003099,-0.330951989355698,0.7469077315120407,502.48,0.4573624420905723,0.11288016418257882
technology,VRSN,-1.0276778860189042,-0.1185329969822752,1.5685168930036115,-0.1184193112920663,-0.4745062683155633,30.389011,-0.1356196890580485,0.20766997950183835
technology,CTSH,-0.0246570828384463,-0.3012795119684817,0.0171077669293328,-0.1096125230021944,-0.5071062861045563,12.195329,-0.1584723352156313,-0.19742702388723976
technology,PAYC,-0.1406856311456993,-0.1353758800774035,0.2076961941894962,-0.6871693109172641,-0.3919195565834477,23.154255,-0.1447070919765149,-0.18221693268156905
technology,ADI,-0.9674057540665604,0.3211729504096268,0.3808409951537861,1.084695025622742,0.2557341301578797,47.171223,-0.1145399564026388,0.2913285759662858
technology,VNT,-0.6921920902502703,-0.4459992351522662,0.0318327666480836,-1.1859647528653376,-0.6527196988953916,13.083333,-0.1573569347596643,-0.49315096159412874
technology,OLED,-0.106257950682445,-0.6739034915162451,0.2792209951160818,-1.2939435165123432,-0.8526664746678819,18.608696,-0.1504166592546181,-0.45467502091491896
technology,COHR,0.722899920309589,0.1515662352673048,-0.1302238474455523,0.3540505636590884,0.1275073935211739,69.8568,-0.0860451490260122,0.1527176479306626
technology,PCTY,-0.4095540736063063,-0.4380736807556054,-0.025705247587944,-0.8166011890769247,-0.3658395423522533,28.977644,-0.1373924731844001,-0.34397486966853935
technology,APPF,-0.1996177085582025,-0.3488561793966808,0.2000639722004797,-0.8795437017597793,-0.1854527772531587,45.67654,-0.1164173917517207,-0.19676748176021228
technology,WDC,0.5139718759676566,0.6663364258032883,0.5512007993670036,0.9895648313468138,0.34701417996706,16.869339,-0.1526014237274013,0.5754093978463515
technology,PEGA,0.363052046353008,-0.2983168185924245,-0.1160031705187985,-1.034865495094484,-0.4006128946605125,18.696629,-0.1503062087292888,-0.3056901816645461
technology,CRM,-0.1698750327656395,0.2445052339720193,0.0616834071422725,1.074396155920696,-0.3701862113907857,20.626236,-0.1478824758095755,0.09928042654859831
technology,MTSI,0.1346476452113324,0.0703826967149325,-0.0055180775642991,-0.2129447955975777,0.173147418425764,90.9968,-0.0594917037271827,0.03899488024615563
technology,WU,-0.5084639849415207,-1.219093884399986,-0.0790921009959348,-1.6838177640045089,-0.6331596882219959,4.796748,-0.1677655147744042,-0.6942541280922484
technology,GLW,0.5429770529950778,-0.1110391443833653,-0.0245140179209326,0.8628516431679742,-0.2441328092733461,70.85714,-0.0847886460236361,0.10159282613390416
technology,IOT,0.1460980614770489,-0.2131073152709507,-0.465837593897485,-0.1973494407041496,0.0449206817890583,254.2,0.1455039085620291,-0.17869387062870806
technology,AMAT,0.0522809922876806,0.0883262602798894,0.3384672712198752,1.5296870748020217,-0.0659193786935178,44.237022,-0.1182255356717623,0.33867590888903865
technology,MANH,-0.2165572807295409,-0.2426164716609687,0.436540275879421,-0.5881088345007974,-0.4027862291797787,57.5942,-0.1014479058056446,-0.12368910517639922
technology,WDAY,0.2245025505966085,-0.1730573348431714,-0.168459959230896,0.2317783167234839,-0.3267195210054617,39.108833,-0.1246669304727822,-0.1068700942468379
technology,PTC,-0.3594044023554414,-0.4814561017039929,0.3982755810497038,-0.4254676054587453,-0.7526930867816368,13.608148,-0.1566977272670198,-0.2584236096993506
technology,APP,0.7803034844812862,-0.5238176922431553,1.7367503707802614,0.6808337492020846,0.5426142867010181,22.323597,-0.145750461501824,0.8011165507754687
technology,MRVL,0.5983742641684019,0.6909903177191623,0.0367144848379677,1.2104932566241222,0.1883607600606274,86.91119,-0.0646235401343422,0.4187027180506947
technology,ZBRA,-0.2989835492272541,-0.0147698116573308,-0.0356989770284322,-0.3370006104433494,-0.1615460975412306,34.248627,-0.1307717182760955,-0.14222020883419828
technology,DDOG,0.4054982208237165,1.1403813119794586,-0.4672411737982177,0.6854896585359083,0.1688007493872316,526.63464,0.4877025041507861,0.22300144611070039
technology,Q,-0.2297983966549975,-0.3988938755498137,0.0508914466749383,-0.0997431585554622,-0.1245994107137052,44.907143,-0.1173838128090804,-0.11967097775532105
technology,ANET,-0.3792531485774136,0.0715884731057382,0.4716144883521547,1.257091622432506,0.2144407742918219,64.02201,-0.0933740883398797,0.3634647008463844
technology,MCHP,-0.3973952512729896,-0.0561680385584888,0.0130665949190595,0.182136791693558,0.2209607778496204,116.074615,-0.0279920637642372,0.03799162288278787
technology,ZM,-0.6798728789781974,-0.5023064349678626,0.0337134150207279,-0.0956973164603989,-0.4984129480274915,8.207052,-0.1634819139836578,-0.29268532772187505
technology,DELL,0.1540031025334455,0.8107324344177022,-0.109408880222554,1.427841265106238,0.6491076781450617,31.349068,-0.1344137845626248,0.4988302709580274
technology,QRVO,-0.8253448945205353,0.523986287237033,0.0084128446804316,-0.6698329113276555,-0.6961863892807155,27.127964,-0.1397158117227322,-0.3020476630365122
technology,NOW,0.3459662245681609,-0.0516100478566743,-0.1168620176314578,0.8896695069997147,-0.0833060548476474,81.21818,-0.0717743930019245,0.10715789913465816
technology,ARW,-0.991511452191306,0.2538919948289922,-0.3808334861382898,-0.5896357986944082,0.0862140376551161,14.702073,-0.1553236743981209,-0.2587382929206832
technology,DV,-0.5962455000402797,0.4428266542741097,-0.1210350077430947,-1.6031807256979516,-0.5505729764898802,38.54286,-0.1253778355388236,-0.4305491846088373
technology,QCOM,-0.0916120035918092,0.2081077079927053,0.1641693622030179,1.0979719721690329,-0.6918397202421832,21.057207,-0.1473411435071213,0.05086187517838851
technology,FOUR,0.4917844947650296,-1.0880801776012914,-0.1479984503924056,-1.42202347215988,0.1362007315982387,57.412697,-0.1016758873563576,-0.33378095566255417
technology,ALAB,1.1782441476145762,0.3313226640117849,0.0922211365111236,0.4084688971682373,1.666228233161643,175.35468,0.0464681993998384,0.7269875648906441
technology,MSFT,-0.6965553738146429,0.1607938009708403,0.6835938632235681,2.863102524408662,-0.220226129561418,28.32137,-0.1382168031635886,0.5323259324817955
technology,DBX,-0.6848045348902346,-0.22812958288613,0.3458027678305211,-0.8582429290443458,-0.5853463287981394,18.701656,-0.1502998944355557,-0.29343132940514915
technology,SWKS,-0.3523803739128184,0.2563580342542256,-0.101709625907794,-0.5258285461403416,-0.6722797095687875,44.290157,-0.1181587940768734,-0.29497526699705195
technology,DXC,0.0868611451996637,0.2151732858517902,-0.3002662642082965,-1.7204172299490987,-0.7157463999541114,15.041666,-0.1548971198025975,-0.5059922119231495
technology,MKSI,0.2393521312230984,-0.3187851425206959,-0.0278912146596888,-0.327585268581543,0.010147329480799,42.389774,-0.1205458194334166,-0.07673977353559842
technology,DT,-0.4525640783477685,0.4564585093559046,-0.2019112145447231,-0.3682802393056191,-0.2528261473504109,115.48,-0.0287389453572535,-0.16951781059847218
technology,MDB,0.4214025009695343,-0.4847433617756698,-0.4992122523648544,-0.061738708152782,0.0579606889046555,498.01428,0.4517531586591679,-0.17496546972482008
technology,SSNC,-0.8805406872139493,-0.5453808050540611,0.0843136269275734,-0.3228953403648125,-0.3810528839871167,22.146551,-0.1459728447220878,-0.3087846215144234
technology,ADSK,-0.3948173445786775,-0.8121323736603397,0.1957910191054431,0.2022579585122298,-0.2549994818696771,26.322418,-0.1407276386691225,-0.14557290286136354
technology,GWRE,0.4659739496082631,-0.8165176309440314,-0.2567103709954328,-0.5827195984566258,-0.2723861580238068,87.4724,-0.0639186177579866,-0.31320033721145984
technology,ESTC,0.297475630038537,0.0717591684596454,-0.530868620921829,-0.6983302023794614,-0.2767328270623391,25.401663,-0.1418841768680876,-0.30175887497560105
technology,MPWR,-0.3045637943435129,-0.0403742578346038,0.2586774950012373,0.449913971772066,0.4296008916991756,82.651535,-0.0699739902778798,0.22471013472745152
technology,SMCI,1.276345436328677,0.1597546099076982,-0.2147281610198476,-0.0846398975688682,1.4206414324845626,12.559633,-0.1580147417276396,0.4750346697257723
technology,HPE,-0.390398270528659,0.6701809931679237,-0.1986291299304678,0.597398514072393,0.1275073935211739,31.78607,-0.1338648768661972,0.12049436839896613
technology,AVT,-1.0432621605686532,1.3928164265932432,-0.3624162533474551,-0.7936855380850772,0.4317742262184417,24.925184,-0.1424826706742627,-0.023196451609686655
technology,ENPH,0.8820739894943017,-0.6550330363606989,-0.2328847140516775,-1.170160441960722,-1.0308799052477102,31.41905,-0.1343258818564326,-0.5288889522271397
technology,MSI,-1.1407839383324552,-0.6080282307754371,0.213396203604465,0.5146188504652826,-0.3158528484091307,35.198895,-0.1295781095080147,-0.16303995759682227
technology,SNPS,-0.566783406727953,0.0072808972113717,-0.1460557105596954,0.5870483803457834,0.3165874966973332,72.49,-0.0827376498698685,0.06605062223539954
technology,BSY,-0.1413881233787326,-0.6298851302193045,0.0941483404602747,-0.6968371367882857,-0.3267195210054617,34.72826,-0.1301692628064165,-0.2764883365248894
technology,HPQ,-0.367890896759306,-0.0780693723327165,-0.2355446164430092,-0.0581675497302078,-0.3332395245632603,11.938932,-0.1587943893175369,-0.22633743312015014
technology,NCNO,-0.0270161077530303,-0.457491396976176,-0.2393267485122713,-1.659432693971484,-0.4266929088917068,58.483868,-0.1003304152393192,-0.514267751828163
technology,SNX,-1.0561053103854212,-0.0959790858034016,-0.3738582523624286,-0.2539004519308217,0.2144407742918219,15.748008,-0.1540099006134175,-0.23131681414792474
technology,HUBS,0.8993372496400118,-0.4408097006182911,-0.3811201637429421,-0.6470732258502767,-0.1745861046568277,72.94662,-0.0821641004757176,-0.22898363428115595
technology,AVGO,-0.5382059842706213,-0.4597076604690787,0.7168265996444172,2.374434096463782,1.2532946745010651,44.851852,-0.1174532625036886,0.7925094031332656
technology,NTAP,-0.7467135657589524,0.0784917079372332,0.1896451766337668,0.1683549778250287,0.0449206817890583,29.672318,-0.1365199098892479,0.02393858956642374
technology,TDC,0.0077842729765621,0.1491375503963018,0.0188886275064387,-1.4594282472184197,-0.5940396668752043,6.0334725,-0.1662120948898029,-0.35290331857270346
technology,EPAM,0.4461501357471468,-0.0334910495582756,-0.1125576681883014,-1.022097983289524,-0.5071062861045563,14.525469,-0.1555455024328208,-0.28197764678061654
technology,IBM,-0.284058177183311,-0.54409656995623,-0.0278366410586499,1.1293586168531202,-0.580999659759607,19.531971,-0.1492569557442928,-0.11013532273101674
technology,CDNS,-0.5500707256379078,-0.0389428545923474,0.2848859277130797,0.6388843894516618,-0.078959385809115,64.48926,-0.0927871868585231,0.0957932103505832
technology,NTNX,0.1070618109948298,1.9294587450871228,2.794798176861444,-0.2919065602290557,-0.2593461509082095,13.540386,-0.1567828414846328,1.061730375379905
technology,TER,0.1884831160535831,0.4067484439731521,0.4454363582828692,0.4173044676081368,1.6531882260460455,55.221764,-0.1044278655762677,0.7339701265704659
technology,ADBE,-0.2384756635301459,-0.6204631816101918,0.5207367105974507,0.6673095897323493,-0.3245461864861955,13.0189905,-0.1574377538256123,0.054143429572926734
technology,INGM,-0.8561592307133493,-0.2018068876566738,-0.3943626035185482,-0.9635664397350862,-0.3093328448513321,14.730768,-0.1552876312991214,-0.48072558599056214
technology,CCC,0.3096776749441757,-0.5093114639057665,-0.0075756202133717,-1.2330266501465994,-0.3919195565834477,95.14285,-0.0542839500904177,-0.3376045994037951
technology,TXN,-0.7686640039783915,0.0836491401635798,0.5195225004515988,1.254811637880392,-0.1093860690788417,42.566868,-0.1203233759215079,0.24776312550580248
technology,ACN,0.099313793360288,-0.1173318549132876,0.0077583134866486,0.7641173187159754,-0.4831996063926281,14.148919,-0.1560184778267316,-0.019530777481075266
technology,FFIV,-0.6151364450868659,0.3003614481685941,0.0922458900594127,-0.1251004762529455,-0.3680128768715195,35.444267,-0.1292699036433097,-0.1143703857349223
technology,CDW,-0.3443622663316632,-0.415423112009697,-0.2238101620864909,-0.395011642319085,-0.3875728875449153,15.422382,-0.154418911596335,-0.33695282420077066
technology,OKTA,-0.0352800279704168,0.8059679502540974,-0.3108991421056231,0.0962278335943767,-0.3745328804293181,125.215576,-0.0165103226151249,-0.06577441115590951
technology,TOST,-0.1769433403594677,-1.0129814071183236,-0.1945959209212421,-0.3683369373271055,-0.1028660655210431,38.65333,-0.125239076830112,-0.31815927461469573
technology,AMD,-0.0429330123965616,1.1680647972532685,-0.0437200503114692,2.065955859171395,0.4839342546808306,153.70854,0.0192790038264795,0.6029728387228352
technology,FICO,0.792040312233402,-1.3925552768077802,1.205882047550198,-0.5289137034973619,-0.046359368020122,17.888586,-0.1513211720972927,0.162012798011838
technology,INTU,0.3371851267307219,-1.1240494041211908,0.2063304031804441,0.5136042809667823,-0.3071595103320659,16.285292,-0.15333503110992,-0.07347977479694019
technology,CIEN,0.4894851302739136,-0.0120403489451436,-0.0734249861234613,0.2814199551970907,0.1992274326569584,79.41761,-0.0740360456510121,0.12756954250533112
technology,ON,0.3196783268738892,-0.1847489101997204,0.147856019089032,-0.022941181960617,-0.4049595636990449,50.907288,-0.1098471750587234,-0.05902035354661399
technology,AFRM,0.2092523568011509,0.8440886585179744,-0.1987268549894963,-0.1704799698121583,0.1122940518863105,12.541667,-0.1580373083879158,0.09450824226947534
technology,FSLR,0.0371594819895803,-0.9076552312342318,0.3512191289507606,-0.2990272889932435,-0.6853197166843845,10.906601,-0.1600910754451994,-0.25527921456848235
technology,IPGP,0.5887080244467181,-0.4117674102210515,-0.33635584610015,-1.3306492747422345,-0.3636662078329871,120.43077,-0.0225204022928218,-0.4007573196328499
technology,CRCL,1.424684337549687,-0.0216793743429102,-0.3805730388386392,-0.1954872846059681,-0.4614662611999661,16.769386,-0.1527269722854881,-0.11504480297849241
technology,ONTO,0.2889510617170471,0.0185677759308319,0.0149501083392881,-0.2993244886028874,0.162280745829433,113.586716,-0.0311170538307232,0.03900650527587438
technology,AKAM,-0.0988792404730335,-0.3983800482451726,-0.077808063815086,-0.4230926868306685,-0.4875462754311604,38.3935,-0.1255654430407078,-0.2923543901220203
technology,FLEX,0.1029846983879637,-0.2497040718191404,-0.2942713760142795,0.1591475942909117,-0.1571994285026982,43.820717,-0.118748446364531,-0.13651287702405507
technology,JBL,-0.6141995924354388,-0.6809404999260863,-0.2786132476403731,-0.0203143475479467,0.0166673330385977,29.421537,-0.1368349098686938,-0.25848095535267196
technology,CRUS,-0.5018051687775876,-0.1114378730492268,0.1516417447680465,-0.9786935196781508,-0.3245461864861955,14.666259,-0.1553686595017128,-0.26294039133325114
technology,ORCL,0.5055715112707491,-0.4429077590071153,0.3535250699939221,1.54474909659507,0.0384006782312597,21.520376,-0.1467593680716618,0.3448559656537046
technology,TYL,-0.2082743800781927,-0.4751760746951021,-0.1283302672068122,-0.5173250738767358,-0.4266929088917068,41.865967,-0.1212037608015171,-0.3299357720090283
technology,ALGM,0.4411133875830755,-0.3252632993428697,-0.2245798778753582,-0.9075365524812196,-0.0072393466733303,519.2857,0.4784716774575798,-0.20870308648682062
technology,FTNT,-0.9968709069548908,0.4251293727567102,0.337667144141019,0.8570301582886726,-0.0485327025393882,62.06944,-0.0958266645313241,0.1732145494168291
technology,KEYS,-0.7967270419100454,0.3594627833305473,0.0448738152131678,0.4105905323424673,0.1883607600606274,48.798927,-0.1124954365764001,0.09136732891619627
technology,CSCO,-1.070406995115475,-0.3156446369231794,0.1160151898862233,1.5562487661526103,-0.2223994640806841,32.128357,-0.1334349384021007,0.04207934163605928
technology,PLTR,0.210538991778171,0.1701230954407646,0.5328146205269569,1.5905399353442935,1.4119480944074978,158.51695,0.0253187319205829,0.8400419938231525
technology,UI,0.1397586785005381,-0.3693729278186994,0.9614500915799838,0.0591765326073533,-0.0941727274439784,35.76119,-0.128871824289268,0.24303629014605904
technology,DOX,-0.6228768695831379,-0.3625329888453936,0.0110961580086134,-0.9828833855768906,-0.5462263074513478,13.581947,-0.1567306377126336,-0.4194163578520566
technology,IT,0.2343913356427144,-0.2260436204031266,0.0537554425661427,-0.5781882064503981,-0.6179463465871324,16.775179,-0.1527196958375876,-0.24622765665050225
technology,KLAC,0.1231169152363606,-0.0553894839447316,0.6343773436371434,1.2515277112542675,-0.2745594925430729,53.699722,-0.1063396659068979,0.31842262123985654
technology,PATH,0.4734485277561708,0.6622302857715378,-0.2594271228031999,-0.914972496997887,-0.3136795138898645,19.164179,-0.1497189304251512,-0.15039948632502315
technology,AMKR,0.7312429265596477,-0.023270529281571,-0.1353257163517813,-0.5188539298817051,-0.0485327025393882,23.488789,-0.1442868918691545,-0.05444848873179804
technology,GEN,-0.5116095490713425,-0.8289097769497958,0.393980032468131,-0.5112630805830344,-0.4679862647577646,12.8771925,-0.1576158628812643,-0.26546920583858674
technology,GFS,0.2994347116365599,-0.3182279594013377,-0.0147718716551481,-0.0906307500031188,-0.4788529373540957,37.4375,-0.1267662516360569,-0.16259026515190597
technology,CGNX,-0.3232433513764989,-0.2845001622216276,0.0243911421950766,-0.6637807350092803,-0.2376128057155475,57.216984,-0.1019217177461291,-0.23730060810538847
technology,KD,0.9228653057909838,-0.5509057806386646,-0.3050143570301543,-1.512694709619489,-0.6766263786073199,30.432432,-0.1355651489848073,-0.4866711205938627
technology,DOCU,-0.1803282754364751,0.1331436117890143,-0.1628222659622551,-0.5404479657573075,-0.4006128946605125,40.69697,-0.1226721098031253,-0.24165566619575177
technology,APH,-0.5837808787187558,0.1139415579746199,0.3101555290028566,1.1313023376809606,0.5904276461248744,42.15,-0.1208469937850288,0.37932607953691827
technology,GLOB,0.4939482294629682,-0.4068617472177638,-0.1621136333291482,-1.8061739928644105,-0.6049063394715353,13.244276,-0.1571547781302069,-0.49395090030891553
technology,LRCX,0.1350938858870565,0.0745583797212691,0.5693012071708489,1.5373786148512996,0.0470940163083245,56.15556,-0.1032549468910139,0.4498129705050414
consumer-cyclical,GAP,0.0821125161735245,1.2100015902542067,-0.1849654757401214,-0.3576363387601107,-0.7534755137510619,7.093168,-0.384404521533256,-0.4124003272005469
consumer-cyclical,LVS,1.0153170953350517,-0.843240295048716,0.5747382028827263,0.4919283887234258,-0.6470249618436623,14.885827,-0.2516939198458159,0.17523645151553333
consumer-cyclical,EBAY,-0.6101470540622139,0.9107481693010072,0.284220572163014,0.9913298126591944,0.6221931570522553,22.279411,-0.1257796483158247,0.5854468769407721
consumer-cyclical,PLNT,0.9136073130789356,-0.8881127106757574,0.5252002933597015,-1.0568384756497256,-0.2212227542140641,13.842624,-0.2694598836602396,-0.2531167417485558
consumer-cyclical,ETSY,0.3968891876690008,0.1678170663465416,0.1939000237128625,-0.5107330043872774,-0.082018186335157,21.929447,-0.1317396079405103,-0.13180473309333618
consumer-cyclical,LEA,-0.700428442250101,0.4704591077344518,-0.3040184475185863,-0.3734749542853451,-0.3440503141072174,10.9897585,-0.3180447758053135,-0.367407851482379
consumer-cyclical,BBY,-0.2524383591577905,0.8050985193219772,-0.1295019921055598,0.2786622860116365,-0.2949192901499561,14.682196,-0.2551617980799611,-0.04644854079862034
consumer-cyclical,POOL,-0.0041062231286153,-0.8756757606527753,0.0786840313861969,-0.5938961529479599,-0.4095583460502325,14.918893,-0.2511307989963861,-0.32477047451796687
consumer-cyclical,LEN,-0.1282352601858034,-0.3508987901306959,-0.3511693707996162,0.3244912856642406,-1.3021052812738134,15.720615,-0.2374773067794088,-0.4073594630258823
consumer-cyclical,MTN,-0.145981023089304,0.1123858714301816,-0.7267750549262484,-0.7348154914301708,-0.3849928340716018,29.564655,-0.0017104294933646,-0.5787237122393767
consumer-cyclical,BIRK,0.2323856508047777,-0.4531875348570452,0.19297135326171,-0.6658820077320425,0.4993655971591021,15.887255,-0.2346393929601085,-0.008860732921533021
consumer-cyclical,PHM,-0.7165562244537993,-0.1636647069113107,0.0602554542562512,0.4140353605168987,-1.3758018172097055,12.102189,-0.2990998532839431,-0.33483578554918464
consumer-cyclical,DDS,-0.394198401664441,1.032564324620248,0.0663093166706856,-0.1553497663831322,-0.6224594498650317,15.5269985,-0.2407746359980512,-0.2665552586725989
consumer-cyclical,LEN-B,-0.1724979419814887,-0.3274463448144402,-0.3511693707996162,0.3094136327491667,-1.3021052812738134,15.471953,-0.2417120722987011,-0.41562444281579397
consumer-cyclical,VGNT,0.5468545840975468,0.882332357951462,-0.0700744412225633,-1.0613730853930972,0.2946529973371798,6.657778,-0.3918193036851113,-0.25984678844870923
consumer-cyclical,HRB,1.4455467775360902,-0.7255854829304679,2.5496922497436927,-0.7170537140243907,-0.3440503141072174,7.1792617,-0.3829383279363724,0.37414479704183135
consumer-cyclical,DPZ,-0.3067312033947827,-0.3486163082373936,1.045812866565007,-0.1967013446944983,-0.2375997621998179,17.120571,-0.2136357652598913,0.09642596439009815
consumer-cyclical,LAD,-0.163538495686032,-0.3866422407465006,-0.3408991961051358,-0.5278812664242898,-0.4095583460502325,9.577617,-0.342093838921357,-0.4176401239468883
consumer-cyclical,VFC,0.3483173765264167,0.4039867260266329,-0.363289766642574,-0.6412852216260228,-1.0155076415231223,20.985075,-0.1478224592928884,-0.6261724258231287
consumer-cyclical,BKNG,-0.2241575536650181,-0.3145297148318016,0.8681018243692562,1.7169473975807683,0.0735633895295038,18.08102,-0.1972791192575319,0.8354433068487532
consumer-cyclical,DASH,0.3411233578946993,-0.547245593691064,-0.34693041975547,1.3886753191065866,2.325401987570648,98.15508,1.1663987578517037,1.1840633953698925
consumer-cyclical,LKQ,-0.3310064705058106,-0.3683283452415276,-0.2781909491865454,-0.6077975437429219,-0.8353605536798308,12.683333,-0.289202850231834,-0.5800543367918894
consumer-cyclical,VIK,-0.1466711506722698,-0.0208978322688137,0.5935135707376717,0.763467345470283,0.7613977249311625,26.197325,-0.0590567589529455,0.6584826490800845
consumer-cyclical,BWA,-0.4059337711975017,0.4964907300924577,-0.1261452028017157,-0.035916721995032,-0.5651399219148934,30.055,0.0066402477253392,-0.25548790712990915
consumer-cyclical,RL,-0.6768554418404022,0.2822808572392314,0.2311633797061932,0.3805263849899273,0.5566851251092404,22.416035,-0.1234529132123196,0.32962946112204256
consumer-cyclical,LOW,-0.3962094709325268,-0.7361909735000163,0.1983597951308368,1.5884527902906187,0.0899403975152576,15.818884,-0.2358037652941182,0.6142776343871513
consumer-cyclical,BYD,-0.7188645028814921,-1.0971789081701349,0.3914485775444873,-0.7429222453478553,-0.589705433893524,2.9758604,-0.4545231253279645,-0.40505776594454773
consumer-cyclical,QSR,-1.030091608778162,0.6106688586144823,0.2520002376327873,0.7088347324045668,-0.2130342502211872,17.859297,-0.2010551080102727,0.1767810227069541
consumer-cyclical,DUOL,1.3792371808766797,-0.3327016177838444,-0.0527918958700641,-0.5022659186190428,0.9087907968029464,16.832151,-0.21854761777887,0.19700177242132966
consumer-cyclical,WEN,2.586728588183305,-0.7028737755969306,0.1627054276841802,-1.7937268106208006,-0.450500866014617,9.666666,-0.3405773159515126,-0.5683915021100058
consumer-cyclical,BFAM,0.3424803814708806,-0.6741681240417193,-0.0810820032983361,-1.0818042242317538,-0.0574526743565263,20.22857,-0.1607058966060773,-0.39963306828816264
consumer-cyclical,EXPE,0.2879099214876654,0.681497525995471,0.2070852721938209,0.6862088560478633,0.5566851251092404,16.55311,-0.2232997439793703,0.4963570017748485
consumer-cyclical,LULU,0.4354437269022482,-0.6607652407089727,0.3093644067353082,-0.142057341663664,-0.9418111055872302,7.9759536,-0.3693704993673936,-0.25070505661468345
consumer-cyclical,WHR,0.9353403229916676,-1.0198450505546606,-0.4625328049345443,-1.4150932571153134,-1.1465237054091524,10.092106,-0.3333319843667602,-0.9297697205483116
consumer-cyclical,FIVE,-0.3193334286389861,1.958700398428871,-0.0199357653138564,-0.0455647580982595,1.2854619804752834,19.692377,-0.1698373747896592,0.3783753594970818
consumer-cyclical,M,-0.2811213040959119,0.9575277506900942,-0.3418586221016733,-0.5855920713067145,-0.4914433859790014,8.52809,-0.3599675017695855,-0.4716787249435967
consumer-cyclical,WSM,-0.653269215426013,0.4128276865806075,0.4814938183454137,0.561885184228471,-0.0410756663707725,23.378462,-0.1070625814590326,0.2638102330749158
consumer-cyclical,BURL,0.0886252110262607,0.1030349842269309,-0.1010085401589079,0.2042728044291747,0.3110300053229336,23.98474,-0.0967375411653591,0.15415088850324732
consumer-cyclical,ROST,-1.0993371158177347,1.0966504820517085,0.2262305131252812,1.3426924280250605,0.4993655971591021,28.325243,-0.02281787334002,0.6225733472265107
consumer-cyclical,FND,0.2484328615506423,-0.480495974222523,-0.32609151558908,-0.7363968706885493,-0.3440503141072174,22.02404,-0.1301286694989052,-0.4389066639243257
consumer-cyclical,MAR,-0.8056082613713701,0.7605823077566303,1.0356573047663076,1.5056992566862075,0.3192185093158105,37.43895,0.1323904502338761,0.8453019033619869
consumer-cyclical,WING,1.34018390657703,-0.443852882356242,0.7375721767704878,-1.14011262953837,-0.0656411783494032,24.910166,-0.0809773441289943,-0.14935775567892862
consumer-cyclical,RCL,0.0920172525357703,-0.3011763735776449,0.3837824979702809,1.3034073705180975,-0.0574526743565263,16.102966,-0.230965789816355,0.5451697330357813
consumer-cyclical,MAT,0.0334512065819802,-0.2705197515785737,-0.2471675822669862,-0.9641511558378132,0.2700874853585491,9.447761,-0.3443053135788165,-0.3134404298562825
consumer-cyclical,WH,-0.3787719690710178,0.2330884917257497,0.5703439634678718,-0.6687915158985069,-1.040073153501753,26.028984,-0.0619236411556269,-0.4566563134737994
consumer-cyclical,KMX,0.2671170250924663,0.8193193228429951,-0.4590341793310444,-0.3769077118350141,0.8596597728456851,25.995285,-0.0624975421265619,0.049515393233348706
consumer-cyclical,SCI,-0.7746979341792803,-0.1872798357242147,0.0872668018825434,-0.1616518602860789,-0.2949192901499561,20.039474,-0.1639262407705901,-0.18311744156319001
consumer-cyclical,MCD,-0.7275196283878421,-0.7352622016437528,0.8882956700375275,1.936953118963744,-0.2867307861570792,18.760357,-0.1857098690159211,0.766961883801695
consumer-cyclical,WYNN,-0.0919953174273534,-0.8080844691076882,0.0903213074270285,-0.3429564357535683,-0.0246986583850187,18.777779,-0.1854131687365173,-0.11337977545073605
consumer-cyclical,CCL,0.1556256786486043,-0.1237537103823345,0.1381332927864345,0.7189192873491408,-0.3031077941428329,10.810574,-0.3210963250657216,0.20064741391749835
consumer-cyclical,SN,-0.3321916581094205,1.2268800907392554,0.132928866667468,0.5224292096099034,1.228142452525145,36.759182,0.1208138599727256,0.5977391271479592
consumer-cyclical,GME,-0.2143576059438429,1.3107579038259016,-0.1446197215578109,-0.0239738970593891,-2.120955680561502,15.601265,-0.239509862074257,-0.7497419523381983
consumer-cyclical,MGM,0.4452321765733021,0.6815943406184655,-0.3011528881516877,-0.3651534688045927,-0.5078203939647552,19.166666,-0.1787903423356157,-0.34055734977664487
consumer-cyclical,YETI,-0.3198168397010942,0.5822428544724463,0.1754186905797342,-1.1080557876383257,0.1063174055010114,17.991228,-0.1988082956717339,-0.333796506276604
consumer-cyclical,SGI,-0.0145630291738565,0.0088158244006787,-0.0983299330315425,0.0136396395155911,-0.8353605536798308,24.646826,-0.085462079037627,-0.2933596818002247
consumer-cyclical,CAVA,0.7264815226285325,-0.3313148076112059,-0.2728753613930552,-0.53937375203618,1.973296315876942,96.60714,1.140037018068652,0.4318330318287421
consumer-cyclical,MRP,-0.9410550702435968,-0.4723431795201514,0.3059474091511892,-0.8302921693516752,2.038804347819957,9.241993,-0.3478095853669213,0.38520563751104725
consumer-cyclical,YUM,-0.8756356764091567,0.4544783938029207,0.9178579791499688,0.8103498010086205,0.4092920532374562,17.368153,-0.2094193923649681,0.5940053770110616
consumer-cyclical,SBUX,-0.8819008020017529,0.1340556126926448,0.0454182342262202,1.61534580127759,-0.7043444897938005,54.312138,0.4197443472625147,0.294525985719691
consumer-cyclical,CHWY,0.6494023824703389,-0.7289837476033755,-0.1287793991115461,-0.4279626727401838,0.0080553575864887,28.000002,-0.0283567951385261,-0.1386180768516792
consumer-cyclical,MHK,-0.298041745885836,0.2162909473754528,-0.2386025234425393,-0.3183136939024464,-0.0328871623778956,16.519205,-0.2238771531731016,-0.20329537784114543
consumer-cyclical,GRMN,-0.5642511220589166,0.4247905270509139,0.4360931984860892,1.112274642415234,0.3437840212944412,29.941545,0.0047080855051717,0.5784649147498243
consumer-cyclical,TPR,0.1274488883139797,-0.1015914315495872,0.9793319678170987,0.4420995130972969,0.1390714214725189,15.823935,-0.2357177457147778,0.45757891949553
consumer-cyclical,CMG,-0.0323482951968999,-0.0381430956523386,0.3099624499943919,0.873590346461042,0.1718254374440265,29.583332,-0.0013923563032358,0.44116887539042293
consumer-cyclical,MUSA,-0.3547181665781333,0.3606989457547604,0.1713739723647093,-0.2481236772201143,2.751204195200246,15.527727,-0.240762229491706,0.829240990081253
consumer-cyclical,ABNB,-0.653097250250908,0.3437248214580616,0.0951848156241973,1.5334897231998876,0.7613977249311625,36.594532,0.1180098362668458,0.7715022592692722
consumer-cyclical,GM,-0.6777887972722269,0.4100255233327871,-0.395283732611813,1.2875904236317286,-0.4341238580288631,34.375,0.0802107452011996,0.16919799203019287
consumer-cyclical,CHH,0.3653391451673545,0.0609656983813126,2.093555201697068,-0.7713830786137446,-0.008321650399265,14.505667,-0.2581681236236917,0.2777905799329698
consumer-cyclical,ADT,-0.5514289158542042,-0.7969064971961749,0.3406479172714923,-0.8077601375197401,-0.4259353540359862,8.444444,-0.3613920105269618,-0.3760051424987708
consumer-cyclical,GNTX,-0.8509867519916178,-0.3203998212506407,0.2009593766529133,-0.7843918511001808,-0.6715904738222929,11.5026455,-0.3093102036435307,-0.5026961427566176
consumer-cyclical,TXRH,-0.6516187927313548,-0.9772118541159028,-0.0339738769885437,-0.170231128576567,0.3192185093158105,25.014399,-0.0792022344846884,-0.009012509048211062
consumer-cyclical,PAG,-0.8617528732017931,-0.1398785668570855,-0.3282322066124422,0.018813555893809,-0.0983951943209108,14.559592,-0.2572497696708246,-0.1659456572140718
consumer-cyclical,CHDN,-0.1158614918167536,-0.3357005945823825,0.3534406194382077,-0.6768899910246325,-0.1884687382425565,12.936752,-0.2848870720142796,-0.21960759898998145
consumer-cyclical,NKE,0.0818356389128651,0.6396306512231854,-0.0814906421693356,1.0727020696294365,-0.6797789778151698,16.857143,-0.2181219988268059,0.14322301518552144
consumer-cyclical,THO,-0.0962124171654995,-0.6476813374707935,-0.4573112509811462,-0.9748361042135922,-1.2775397692951826,20.750751,-0.1518130456934749,-0.8839047087030307
consumer-cyclical,COLM,-0.6887387868922473,0.6182675700956654,-0.2021980051314696,-1.122170922367082,-0.4668778740003707,15.268617,-0.2451749266215602,-0.6456639554485595
consumer-cyclical,NCLH,0.8019154276601611,1.1697371679579434,0.0214502570254442,-0.4912351908308036,-0.1884687382425565,8.884849,-0.3538918218832451,-0.175314411817625
consumer-cyclical,AS,-0.1536538332500332,1.0937638895957384,-0.1270317628477488,0.1620417205799076,2.038804347819957,28.427084,-0.0210834999526498,0.680691605947949
consumer-cyclical,LOPE,-0.385543156121757,0.2360440139337199,0.6883131250639863,-0.8968636779765174,-0.0410756663707725,18.307972,-0.1934140795484714,-0.18224404111248307
consumer-cyclical,TJX,-0.874177818747004,-0.3186675613693036,0.2787676407787592,1.848713409298618,-0.1475262182781721,24.50185,-0.087931050436252,0.6177143445744285
consumer-cyclical,NVR,-0.646320517857863,-0.0630792263539157,0.3375596533467039,0.1904865598570851,-1.4822523691171048,15.999974,-0.2327197649728443,-0.37378839533394514
consumer-cyclical,APTV,0.31060053580823,-0.7545254358241383,-0.0887096840762642,-0.2758952993598407,-0.4013698420573556,19.643835,-0.1706640551342132,-0.2308149534066924
consumer-cyclical,HOG,-0.1537409322035866,-0.2179130897534982,-0.37636389017685,-1.2325030784982458,-1.0728271694732603,13.497238,-0.2753418789938501,-0.8913159083923926
consumer-cyclical,TOL,-0.5976876283943958,0.0046193776963657,-0.0414236346075091,-0.0251466117783413,-1.3839903212025824,10.955284,-0.3186318837023578,-0.5104776927342032
consumer-cyclical,CROX,-0.2721430679839769,0.7247979321646159,0.3645131552498734,-0.6280459866864765,-0.376804330078725,10.88219,-0.3198766897075663,-0.2704484852843295
consumer-cyclical,ORLY,-0.7580623942595178,-0.1772022157706188,0.3764307591309475,1.2815605810534665,0.0735633895295038,27.28754,-0.0404901710118239,0.5217216469137589
consumer-cyclical,ARMK,-1.0024625057279508,0.2501379531641702,-0.3073522417315133,0.0725570316998456,0.1718254374440265,37.978725,0.1415829306216151,-0.06259847461650009
consumer-cyclical,HAS,-0.3302239612259076,0.3095714170108949,0.7471872160812507,-0.0282202383465484,0.7368322129525319,15.685152,-0.2380812490368131,0.39729678544636826
consumer-cyclical,DHI,-0.6087624038060517,-0.1244052895140715,-0.0918091315965945,0.8308165456522596,-0.589705433893524,13.22846,-0.2799192241722221,0.03771010520821978
consumer-cyclical,OLLI,0.2947891904420824,0.4117525118573001,-0.0994714941593909,-0.7043835086339838,0.1554484294582727,19.161076,-0.1788855411969328,-0.20359844036979496
consumer-cyclical,AN,-0.1945883627737274,-0.2647104954110397,-0.2234946106396401,-0.687034203834652,-0.6388364578507855,7.2990265,-0.3808987085113499,-0.5209986006179019
consumer-cyclical,HLT,-1.021006123799067,0.516838269680154,1.0147533626725695,1.3086658863888168,-0.3849928340716018,47.409836,0.3021967102558882,0.5261339910490752
consumer-cyclical,TSCO,0.0242709127918886,-0.6165301643558095,0.0076593416212543,0.1821710729937812,-0.4013698420573556,16.3822,-0.226210376785759,-0.06340786874892071
consumer-cyclical,DRI,-0.7945872498846848,-0.0989835898914537,0.0641728422738705,0.4083008906960587,-0.1720917302568028,18.94608,-0.1825469677421459,0.05145857152598139
consumer-cyclical,ONON,0.3390813666534764,-0.0320493845928723,0.069520361077274,-0.1978944958670188,0.5157426051448559,20.852114,-0.1500868127454087,0.13830981408243878
consumer-cyclical,AZO,-0.3562895755886444,-0.3591049169883636,0.2842357933572851,0.9680317919453856,-0.1311492102924183,19.76271,-0.1686395891880459,0.34740928258775694
consumer-cyclical,HD,-0.5910588708639334,-0.7449164875818122,0.3683513056314837,2.3572267916461307,-0.1229607062995414,19.922268,-0.1659222833000243,0.846749679098313
consumer-cyclical,TNL,-0.4883997422272569,-0.2164463791285404,0.1585614524979432,-0.9282684715644612,-0.229411258206941,17.282124,-0.2108844841074104,-0.3958566713359042
consumer-cyclical,DECK,-0.0588114351619478,-0.4136899320177421,0.5881375488249162,-0.1426256980871195,-0.1229607062995414,11.052334,-0.3169791020403133,0.053774961536963053
consumer-cyclical,BBWI,0.7258385129099091,-0.2849738546512254,0.2376922925874874,-1.0549771736544251,-0.7780410257296926,4.178478,-0.4340422977573106,-0.5186569815583192
consumer-cyclical,H,-0.6046219043630003,0.1223188898627785,-0.1326944803505977,0.1157987120704532,-1.130146697423399,200.70885,2.912910766399152,-0.4012736288666179
consumer-cyclical,ULTA,-0.28331984689077,0.576304888283416,0.2982219309882306,0.4557444911516768,0.1390714214725189,19.962353,-0.1652396274224039,0.2635095437939784
consumer-cyclical,BROS,0.4968940580021879,-0.5064296725303998,-0.1485431883602735,-0.4876706239093915,2.071558363791465,53.555553,0.4068595475327061,0.49811374115348067
healthcare,MCK,-0.3066148467757906,-0.3055528729103732,-0.1431332028062694,1.0229140462562714,-0.1703958710229785,22.908773,-0.2217676118887843,-0.1971169805326126
healthcare,GEHC,-0.1641199592117671,-0.7469700270056766,0.0694516407989215,0.1201006583586939,-0.2283316747956745,15.062212,-0.2769041656626482,-0.17252206425847041
healthcare,SHC,-0.2157730328378817,1.804348362488638,0.4983066383173707,-1.1591143996865332,-0.1246570785708502,32.438595,-0.1548030470101895,0.3040509672496827
healthcare,MDLN,0.1064033275574789,0.649091968138378,-0.1482180054624722,0.4604483721171819,-0.0514750106474448,43.375,-0.077954643948612,0.04774354484797719
healthcare,BDX,-0.5189193324506665,-0.2774810047159732,0.091907746150699,0.49268691324448,-0.2405286861162421,31.458698,-0.1616886295772973,-0.188024583260515
healthcare,STE,-0.488126218017295,-0.7943046669878857,0.1609858851234036,-0.151817083228694,-0.1825928823435461,25.642248,-0.2025599116839413,-0.21399666848205293
healthcare,GMED,-0.1393051951747617,-0.7617416684745487,0.2491507121479367,-0.6800355128660512,-0.2252824219655326,19.354006,-0.2467464021956534,-0.11452883238006067
healthcare,MEDP,0.0735629383062879,0.2168125378690376,1.1867731656334353,-0.2718076054696992,0.119283147840501,36.63028,-0.1253487337886905,0.4856281479010582
healthcare,BIO,-0.2281553321857866,0.2371067318758317,-0.0810225224738047,-0.6768615724794803,-0.408237591774046,46.062195,-0.0590721460468741,-0.17298577739960563
healthcare,SYK,-0.3038330431205596,-0.7398316619563325,0.2285720006887475,1.0669975788264856,-0.1185585729105664,28.89717,-0.1796880851751392,-0.10850753130706822
healthcare,EW,-0.7629694462306444,-0.5094626643236108,0.213122091802888,0.5077329386648022,0.009510045955393,51.380955,-0.0216980535303848,-0.1638075665421478
healthcare,MDT,-0.425703984151379,-0.3708653090580518,0.1337078585885678,1.0996365096432812,0.0125592987855349,21.465174,-0.2319115556995054,-0.08616849745390681
healthcare,TECH,0.1331999382407094,0.1523722406575165,0.1498039275644582,-0.589173737826315,-0.3655480521520596,62.47414,0.0562520180074417,-0.005534068423878633
healthcare,MRK,-0.7194077157523512,0.42279470816385,0.3907921009479924,1.9747544105153956,-0.2496764446066677,116.248,0.4341125002643479,-0.028600429953044352
healthcare,BIIB,-0.5930506841051029,-0.1008140878769344,0.161949672853884,0.2111018239814955,-0.3015137427190799,40.12078,-0.1008215376134906,-0.1789260720507867
healthcare,ELV,-0.295838847893233,-0.2963348415215953,-0.1340036097274484,0.8996264322362515,-0.3624987993219177,17.181618,-0.2620114320322527,-0.24508174840709385
healthcare,BMRN,-0.3831434917632978,-0.8845755731240659,-0.0434721917260132,-0.573021770979468,0.2016129742543321,162.16216,0.7567441030546395,-0.16914773499564142
healthcare,EHC,-0.4024458332053351,-0.2412367770192786,0.2516963456885265,-0.5496653002295677,-0.1124600672502826,20.626486,-0.237804884765767,-0.07660492457223497
healthcare,BSX,0.4923095316210429,-0.7957180612466211,0.1735337306409972,0.6861136061298113,-0.1764943766832623,17.672066,-0.2585651308405225,0.03351915359120183
healthcare,THC,0.0315461985358748,0.4183272575577921,0.2816152199174584,-0.1481460730819067,-0.1978391464942555,9.95947,-0.3127603335656512,0.10157527844114521
healthcare,NVST,-0.26172235893719,-0.3573017387312136,-0.0838859786067377,-1.4089252477046692,-0.1886913880038299,40.46552,-0.0983991036901449,-0.2049948062707379
healthcare,BMY,-0.7074197353149971,0.1773095958247869,0.5472359045328946,1.2065671282533044,-0.2313809276258164,13.835919,-0.2855211342858467,-0.006566819689864331
healthcare,TMO,-0.2851592183033962,0.4881884712433456,0.1250242966320714,1.7057725045415588,-0.0850167917790056,36.62778,-0.1253663008966801,0.033543274053546235
healthcare,HALO,-0.0121478620521539,0.3275372657635382,1.7796240879654606,-0.51664463434428,1.049305261033778,32.375366,-0.1552473472786215,0.9405685387484723
healthcare,HCA,-0.1526359963349518,-0.0498770088097474,0.1813710406238805,0.9674947083228432,-0.1399033427215597,14.470668,-0.2810608525941086,-0.007900978088180643
healthcare,NBIX,-0.3569819951086885,-0.4806944073317079,0.3050717629246728,-0.4123979951275413,0.7992665289621429,20.736841,-0.2370294374848863,0.17732441869405308
healthcare,CAH,-0.4763679050911293,-0.0836623321259982,-0.1612467232659105,0.5336587430549604,-0.2283316747956745,30.945757,-0.1652929855530323,-0.23685454507359707
healthcare,UTHR,-0.3823697706235542,-0.0155390366427082,0.5028556449364587,-0.0576901104457079,-0.4631241427166001,19.415623,-0.2463134291984532,-0.04824499892325136
healthcare,SOLV,-0.3515997415543717,-0.0959091007653768,0.0760463371872963,-0.3827383501514279,-0.3381047766807826,10.776283,-0.3070207166942993,-0.16765351843591209
healthcare,HUM,0.3133876201834614,0.0899941241219774,-0.1744411531967181,0.4465153900000077,0.3937159025532713,36.270912,-0.1278739563743054,0.14001812337034397
healthcare,OGN,0.8440676158578496,-0.1673537879545688,0.1959252928444533,-1.4436065686921724,-0.4753211540371677,17.564102,-0.2593237769393219,0.09781123176668612
healthcare,CAI,0.8846933830768543,0.5016183081648112,0.1430274607465894,-0.791203109817729,0.9791724459405144,3.197286,-0.3602771401953023,0.586785847600544
healthcare,UNH,-0.2477914906225533,-0.2912985751024744,-0.0801541740760741,1.9120582829545845,-0.3929913276233366,23.591259,-0.2169718897834047,-0.2115612168925744
healthcare,IDXX,-0.1726715686873375,-0.4630402838669979,0.9547478266881724,0.3664722576205875,-0.1094108144201407,37.459827,-0.1195196370960824,0.20370489657160262
healthcare,PEN,-0.7023239067703604,-0.5018489826906252,0.0111679754701911,-0.5161082874137114,0.0491503327472375,78.21621,0.1668690754759214,-0.21875477698181975
healthcare,COR,-0.1484039646031461,-0.4158821811119856,0.3192114619502965,0.6125653545347283,-0.2496764446066677,22.8327,-0.2223021649312241,-0.040545622909878114
healthcare,UHS,0.0071937830974091,-0.2402471832924966,0.1119692917681801,-0.664388804311684,-0.1521003540421272,7.174145,-0.3323323755902002,-0.040072274857568646
healthcare,ILMN,-0.0859810437112754,1.1387278000506675,0.2962402815574366,0.369840729070912,-0.1185585729105664,50.77551,-0.0259524206091111,0.1987290005855389
healthcare,VEEV,0.3560380211936682,0.2989396516188861,0.2337797995334783,0.4529376825410351,0.1314801591610686,45.672,-0.0618139851276884,0.24505459789866252
healthcare,INCY,-0.5213195952791784,0.0098742966297367,0.5097291438984278,-0.0155871570267008,0.7443799780195888,15.458599,-0.2741188163687652,0.26102328084672605
healthcare,PFE,-0.7589821522825217,0.1915760189979244,0.2411249003690835,1.3872076319864262,-0.325907765360215,37.526318,-0.1190524152651454,-0.14708376044911742
healthcare,VRTX,-0.6651504616221795,-0.1330019811014431,0.4594778954291473,1.2354105066686067,-0.0240317351761677,30.681335,-0.1671510374845718,-0.00851558394063377
healthcare,QGEN,0.0294071377586395,-0.1383519955213777,0.2302576421346658,-0.7594841997942812,-0.3960405804534785,22.213198,-0.2266553083447547,-0.04985284698886665
healthcare,CHE,-0.4766915155795141,-0.2776475010061685,0.2473744423030813,-0.992728900222326,-0.1368540898914177,25.768877,-0.201670109556891,-0.11210248174975497
healthcare,DGX,-0.804260948938933,-0.1316593089993359,0.0927466977892804,0.0177023983709607,-0.0941645502694313,24.742039,-0.2088855391704563,-0.2012880648543028
healthcare,INSP,1.3072604895267153,0.2498342057605359,-0.0547398483669187,-1.8778464207927024,-0.6369315540346879,16.167833,-0.2691351402615823,0.12432221436947039
healthcare,CI,-0.440756967790902,-0.3209887148131035,-0.0874950870376128,0.7804905838353865,-0.2008883993243974,11.2372875,-0.3037813103602068,-0.2228365604344834
healthcare,REGN,-0.3577980347741463,-0.3630233586528654,0.2051427602377388,0.8423670078015656,0.1040368836897916,18.759773,-0.2509219843084675,-0.021806542567172373
healthcare,ABBV,-0.6070741274456096,0.8550169983089652,0.4420282199556931,2.163578710026208,-0.0941645502694313,74.52706,0.1409459968998611,0.11636187823325489
healthcare,PODD,0.662633326034295,0.2455782999254379,0.2198666317801592,-0.7584637738585662,0.3113860761394402,24.524435,-0.2104146083572514,0.3425324075858115
healthcare,COO,-0.1185650791025923,0.1608262426539665,0.0114085689568779,-0.6305120025213736,-0.3868928219630528,19.426115,-0.2462397035596421,-0.11835187488405786
healthcare,RGEN,0.155113094258332,0.0647707570110235,-0.0783120318350435,-0.6236922195108582,-0.0423272521570191,263.32877,1.4676260081828254,-0.0008367819535286758
healthcare,ABT,-0.1767194831619522,-1.120856657257996,0.1087234576547576,1.4248925678745512,-0.0087854710254583,31.98382,-0.1579986796245933,-0.13395515630715185
healthcare,ISRG,0.1717171725269428,-0.0410956564790488,0.3725973916835065,1.305822539352447,0.1589234346323456,47.172855,-0.0512677123829442,0.2231473352937955
healthcare,WST,-0.3738401872719182,0.2969234137833316,0.2861863296437191,0.0282481767514748,0.0156085516156768,47.411766,-0.0495889222481746,0.05299877384665112
healthcare,CORT,1.3059820179127877,-0.0817945539882718,-0.2401583371266662,-0.5210447916100361,0.5614248082110753,256.06668,1.4165964404784974,0.3662990074162606
healthcare,RMD,-0.2231036711961412,-0.2732860406960046,0.462462626174406,0.1773956428872259,-0.1429525955517015,21.178162,-0.2339283440188398,0.03433282491162346
healthcare,ZBH,-0.4156562621281829,-0.5188965171195888,0.1087393318865876,-0.2925033106157125,-0.2588242030970934,21.56068,-0.2312404500132402,-0.2024971898003917
healthcare,CVS,-0.4363749190544787,0.0600459534933031,-0.1777804392437192,1.094355869463901,-0.1886913880038299,22.609499,-0.2238705633593864,-0.19740726383919074
healthcare,A,-0.2685230344372283,0.346179567654332,0.2582430843467177,0.4900661714404433,-0.158198859702411,34.461998,-0.1405849114071275,0.03138676110410429
healthcare,IQV,0.0376285494552735,0.3474104726866926,0.0984835692652305,0.4206764573627891,-0.1399033427215597,33.439056,-0.1477729644396017,0.053142547784346766
healthcare,ZTS,0.362140239976433,-0.6800732497674672,0.7749502294803617,0.1030159590820171,-0.4112868446041879,11.391518,-0.3026975568206855,0.15351612082518082
healthcare,DHR,-0.2359519909474214,0.3844447809237003,0.140945805846237,1.3554248912517732,-0.2374794332861002,39.491978,-0.1052400306687428,-0.008919333353930163
healthcare,RVTY,-0.1569932308517215,0.7818869525823532,0.0689180902240795,-0.2873818711708381,-0.3655480521520596,73.50481,0.1337628064428784,-0.018414566011449515
healthcare,ALGN,-0.2208389867941149,-0.6846855195890839,0.1166473846294262,-0.6603948411355967,-0.2740704672478029,25.234375,-0.2054259712987722,-0.1831706553006032
healthcare,JAZZ,-0.5926736700631885,-0.1297551412127178,0.377382409635232,-0.3815609843251369,0.0674458497280889,15.846681,-0.2713918250076238,-0.01200386931291682
healthcare,DVA,0.1529019452485364,0.0304855520276694,0.5350288463562314,-0.6026775790449013,-0.2466271917765258,14.836302,-0.2784915998090282,0.14970328940217695
healthcare,ALNY,0.6475176890758049,-0.1165564576931488,0.68250827334915,0.2030766183331424,1.634761804421021,42.911304,-0.0812129630311662,0.8317711447291799
healthcare,JNJ,-0.905173655060256,-0.1674105686228705,0.3622766628133459,2.402931215766549,-0.2039376521545393,30.676708,-0.1671835506880392,-0.1403510609280517
healthcare,RPRX,-0.8575984568022069,-0.2507647363348976,0.5045112366564191,0.2188031816208319,0.0979383780295078,31.376345,-0.1622673111950071,-0.031043682860013074
healthcare,AMGN,-0.5291870819548582,0.1523673850647338,0.8370191438617507,1.63815444698076,-0.1155093200804245,26.180746,-0.1987759706766493,0.1697594050362707
healthcare,LH,-0.7253639087894349,-0.2893692296457311,0.0251866620448989,-0.0038909076495879,-0.2283316747956745,25.505795,-0.203518745518548,-0.26369682104988224
healthcare,DXCM,-0.3057664149815082,-0.1375196139823961,0.3864980485233474,0.1927998296555602,-0.0057362181953164,34.242065,-0.1421303461117258,0.04419870335315364
healthcare,LLY,-0.3568408334220483,-0.2231482735757599,1.1746017641885105,2.760055031710825,1.049305261033778,39.84435,-0.1027639678781262,0.6161220792666039
healthcare,DOCS,1.2643070697807406,-0.3888898306284782,0.3138412189319862,-1.1914990186446792,-0.1825928823435461,33.341175,-0.1484607588784571,0.2941290953018953
healthcare,HSIC,-0.6525283987750496,-0.3651768139641003,-0.0973302111847037,-0.7334780509335137,-0.2008883993243974,24.481049,-0.2107194749761476,-0.2990421691183927
healthcare,EXEL,-0.5008469109698284,0.3462908306499401,0.7989357537359191,-0.4095691310123978,-0.0819675389488637,18.367924,-0.2536754457879276,0.17443970549558369
real-estate,DOC,-0.1076166452802796,0.6283616028915981,-0.5259323346535499,0.0501269869315047,-0.1160878136858818,57.05714,-0.0929397518282363,-0.25076421761915246
real-estate,DLR,-0.3045254885749146,-0.0365438687080145,-0.4540977319671864,1.6849587815000298,0.2428485700697647,86.04412,0.0743636401274241,-0.0650053858936715
real-estate,REG,-0.6552157225653462,0.0181058960463602,0.2449078574010064,-0.005072977274058,-0.1580910075296278,24.202019,-0.282568791707991,-0.040812208340047534
real-estate,WELL,-0.5933622429495548,0.8764530528183682,-0.8916638720085595,2.656403932232718,0.4184982897799748,103.711716,0.1763352404287407,-0.14527425259714455
real-estate,AMT,0.9803945284818696,0.3726843400914072,0.9566117789770984,1.8334893831617696,-0.2382789230495063,22.51582,-0.2923009822367126,0.6308995673791779
real-estate,O,-0.5199713449673944,-0.6235728474390546,0.4051383601513532,1.4151166817902845,-0.1447263549429813,40.22222,-0.1901054179066683,0.1175190973415744
real-estate,SUI,-0.4452930732693396,-0.0687226542549255,-0.3860351424333014,0.038066622606602,-0.3241945468208047,142.02565,0.3974707680816838,-0.3353638224376313
real-estate,EXR,-0.2890679925121076,-0.2281526301448306,0.3573462852374421,0.81034341753543,-0.2554620478037659,29.09513,-0.2543273513262902,0.07695054360077955
real-estate,LAMR,0.9854499849143225,0.4561726959811822,1.2145668901927404,0.0851922099814694,-0.2039126735409869,26.297445,-0.270474676439961,0.6458076275491011
real-estate,HIW,0.3174508156601024,0.8246618480565998,-0.1814515237626429,-1.505115614178522,-0.1848203127029206,19.218544,-0.3113317836176771,-0.14732358789780467
real-estate,EGP,-0.7171841283870503,0.6657293722440663,0.3344254920268004,-0.2545896888504624,-0.1542725353620145,35.576576,-0.216918559497081,0.0020524210399476494
real-estate,MAA,-0.3785525023975196,-0.5119177654103562,-0.0687476704394374,0.0387808908333209,-0.3089206581503516,34.52786,-0.2229714061198811,-0.20111644440725826
real-estate,WY,-0.1137708028835938,-0.605316734955048,-1.186172638857253,0.0176461150197498,-0.3451961437426776,29.765625,-0.2504574729260805,-0.6650687767858233
real-estate,FRT,-0.3618174209292653,-0.3914796675252725,0.2392949788352725,-0.3761003856195599,-0.1905480209543405,21.876768,-0.2959893818987695,-0.04972277928690946
real-estate,UDR,-0.1327353569509828,-0.2447799319417245,-0.1430559579515506,-0.0966684111161809,-0.3299222550722245,21.234177,-0.2996982075142761,-0.19927586070255876
real-estate,CBRE,0.2335295520776785,-0.1970931919384582,-0.8586361721076803,1.0731913274207878,-0.0320814259983901,29.39817,-0.2525783033089305,-0.2884593860674778
real-estate,OHI,-0.5699343930302103,1.0231005405732434,1.2035674244014944,0.0961583334108669,-0.1141785776020752,16.480429,-0.3271352901252428,0.4546442989575248
real-estate,HST,-0.3327571857396538,0.9157928880575392,-0.1657768612651604,0.1497971306506349,-0.2592805199713792,15.026845,-0.3355249027614151,-0.15223357500298768
real-estate,EPR,-0.0598728101592191,-0.0625807285434551,0.7966410886933204,-1.211765464695807,-0.125633994104915,17.932907,-0.318752060960253,0.22023890697430454
real-estate,ZG,0.9694313671528914,-0.7955237445344011,-1.2966500128835232,-0.8193205069999276,0.0137402400129689,120.434784,0.2728553332533524,-0.5009381185740872
real-estate,AVB,-0.6457660790793263,-0.0893345098033735,-0.0016450170941988,0.7052876504414248,-0.2841005890608654,25.248285,-0.2765300856859121,-0.14403052135680786
real-estate,VTR,-0.3999835727603687,0.2197732344804418,-0.6288523465816402,1.241510554325337,0.0862912111976209,157.44443,0.4864629360763524,-0.22064061545103314
real-estate,CSGP,1.0153631805233962,1.5911042122559964,-1.2630863022997731,-0.207301469352038,0.0232864204320021,152.22221,0.4563219859139452,-0.3330812286282863
real-estate,EQIX,-0.0815100761923884,0.6969353074177077,-0.0133613314780331,2.118343016459063,-0.0091705929927105,64.928116,-0.0475110461541165,0.1456113719451855
real-estate,NNN,-0.4085104021797308,-0.6533705991712581,0.944135217431218,-0.5788113650562464,-0.1810018405353073,20.341585,-0.3048499573423882,0.22950557961880386
real-estate,Z,1.0161813580278978,-0.8187687949029746,-1.2966500128835232,-0.841338887931443,0.0137402400129689,117.95651,0.2585515442282272,-0.4961898354150332
real-estate,BRX,-0.1703377703231815,-0.2097271261920186,0.3799471094506415,-0.4939317742408734,-0.2459158673847327,19.714287,-0.3084705167510262,0.024751191913129703
real-estate,FR,-0.5062750202828514,0.4568710020532697,0.4959083160654215,-0.5336214666093196,-0.1676371879486609,22.216417,-0.2940290386765936,0.07390355591476602
real-estate,VICI,-0.3518684980845805,-0.6881931874983485,1.1990379403414542,0.6645608547590427,-0.2191865622114399,8.903101,-0.3708691553419919,0.4166063888275612
real-estate,PLD,-0.5423060415644819,0.3656719129183151,0.2448802647019379,2.366867075270445,-0.0931769806802023,28.917595,-0.2553520254279334,0.16394792670556252
real-estate,SBAC,0.2698314609807973,-0.2731993194594151,1.2186419243377942,0.2430504829521666,-0.2841005890608654,17.291576,-0.3224536142668174,0.49195821014769364
real-estate,INVH,-0.3970105635365625,-0.481811165223902,-0.2013673266416253,0.1495373482889972,-0.1351801745239482,24.155962,-0.2828346176865269,-0.20104830818339672
real-estate,ELS,-0.1937067242055456,-0.3420282468953829,0.5936899884231336,-0.1521638631993129,-0.2058219096247935,28.315536,-0.2588269135624487,0.14289788790876426
real-estate,JLL,-0.0973627452733919,0.0383624227055211,-0.5348301658570215,0.0425149115083784,-0.1218155219373017,14.925257,-0.3361112355557246,-0.2809686802494371
real-estate,BXP,0.5387048516162808,-0.0819558676073585,-0.3147630338704768,-0.2119849607642273,-0.2573712838875726,33.211956,-0.2305663747122637,-0.14966977014116656
real-estate,GLPI,-0.1133337072395419,-0.1700477303743393,1.7899118136414205,-0.1818894141789219,-0.1561817714458211,11.10234,-0.3581758653055281,0.6984465313017125
real-estate,CCI,0.2037396845743734,-0.555170655945238,0.6040853971770882,0.8140387386468587,-0.4215655870949429,27.427984,-0.2639495741547916,0.19632551109725982
real-estate,ADC,-0.5976381790526827,-0.6987673771747591,0.4174473634949365,-0.5111590397099968,-0.0072613569089039,36.30978,-0.2126867452068218,0.025129067239971256
real-estate,PSA,-0.2631644243283168,-0.172430116440306,1.1559978002925089,1.444982142202348,-0.2650082282227991,26.98855,-0.2664858438434808,0.4702937473125489
real-estate,SPG,1.0152472343585597,-0.1183464030207327,2.434829373037847,1.832658893398072,0.0442880173538751,14.16796,-0.3404821067819732,1.34594081778326
real-estate,IRM,0.1782862186848362,0.1887133714420525,-0.1232742987961174,0.9472428336213796,0.0251956565158087,79.25,0.0351501959758156,0.05031601297795177
real-estate,EQR,-0.6330214333410654,-0.0922234001039274,-0.0391840908068191,0.6356880047534775,-0.2879190612284787,28.675674,-0.2567483145165278,-0.16423492104288961
real-estate,KRC,0.1547386893248185,-0.4203897238282896,-0.3790660603878721,-1.3131915884402974,-0.4425671840168158,23.265736,-0.287972711734514,-0.3782125402964769
real-estate,CPT,-0.2670477871893726,-0.5324272440268442,-0.3670056503621985,-0.1985248246741155,-0.343286907658871,32.459732,-0.2349079662375089,-0.340854093086093
real-estate,WPC,-0.4707686059228966,0.150684794589836,0.7525188768076552,0.0916474353326982,0.0232864204320021,22.13356,-0.2945072622496346,0.276003451135304
real-estate,CUBE,-0.1970545206551504,-0.1655083130499627,0.4605849287150388,-0.4893382735563938,-0.2993744777313185,25.564627,-0.2747042628641474,0.041977558746465464
real-estate,KIM,-0.5049676135958534,-0.2178262375206698,0.0119441749319312,0.1041188491409834,-0.234460450881893,26.12941,-0.2714445196408487,-0.1458043650116071
real-estate,AMH,-0.4842848162558292,-0.3013945659558817,-0.2407235628047609,-0.0852707982017862,-0.2745544086418323,24.119047,-0.2830476790235149,-0.2809524042950583
real-estate,STAG,-0.4608003647276186,0.5082479597155816,0.2393256874045667,-0.6885624490413365,-0.1733648962000808,27.546156,-0.2632675239227844,-0.04069251482547676
real-estate,ESS,-0.4480013325831728,0.1153504968850332,0.1025122821597487,0.3374044002441418,-0.2688267003904124,42.026524,-0.1796915638480818,-0.07833280369132307
consumer-defensive,FRPT,0.7076820391298494,-0.4154947921101328,-0.3999685727480361,-1.2907847721859271,0.4850337602710245,14.911918,-0.5003847562397071,0.22249066013933239
consumer-defensive,KO,-1.0525881903415597,0.5201547924360471,1.0041793217069703,2.131544276978962,-0.0733465686263501,25.849852,-0.1366877327122441,-0.05117125288818527
consumer-defensive,PRMB,0.641155600426448,-0.4176243938372794,-0.2823038357033094,-0.652501629132774,-0.2573582679220759,63.499996,1.115216448477766,0.002015576598624449
consumer-defensive,WMT,-0.4930348532851904,-0.0033025247230991,-0.5086358506957745,2.692957122021471,-0.1241084167079296,38.77612,0.2931233446738777,-0.03106012368273551
consumer-defensive,BRBR,2.3047247194167717,-1.0650044444223552,0.5317592087048884,-2.080031828667986,-0.2319773438812861,5.453901,-0.8148730893538167,0.47802482384719025
consumer-defensive,POST,0.1492452724499576,-0.3543371206882251,-0.3340402993798818,-1.1671071437365197,-0.6126912044931325,13.540892,-0.545972714201308,-0.3398932352059336
consumer-defensive,SJM,-0.3966290314650298,0.5794517657889626,0.0679215230085494,-0.2255065548957569,-0.1812154957997065,56.623814,0.8865766590410116,-0.15392433663940008
consumer-defensive,LW,0.523043076490085,-0.7406240096914992,-0.2088943576320392,-0.7816464982069515,-0.1431441097385219,20.04327,-0.3297622740532454,-0.037210353745355286
consumer-defensive,COKE,-0.0384217104319588,1.0571375134978145,0.6660651958309896,-0.231236537054672,0.17411744077135,25.303476,-0.1548552701033859,0.2079870571761404
consumer-defensive,CART,0.0506457949912678,0.1569827049333476,0.0383438055806561,-0.3765230339603507,0.3962005261282603,23.56284,-0.2127331227439987,0.14657324989942755
consumer-defensive,BJ,-0.4351429107854508,0.408121940559359,-0.4495012423844863,-0.2876892382180979,0.4977242222914194,20.86168,-0.3025493395973316,-0.0005297103010187243
consumer-defensive,DG,0.2122233769715208,0.6165513857495165,-0.4910295156183836,0.2852713822859226,-0.1685250337793117,15.529871,-0.4798372134606168,0.05645820830744089
consumer-defensive,SFM,0.8284090821414601,-0.4720722288141168,-0.0665599488493203,-0.7282257101740798,-0.2002511888302989,12.686424,-0.5743846124902776,0.09668910504123666
consumer-defensive,CPB,0.0911350203071381,-0.4270030374546623,-0.2973885226350401,-0.7597623487500621,-0.9997502961151764,15.137405,-0.4928870925361104,-0.4666136046713559
consumer-defensive,MNST,-0.6887561810743622,-0.0202908934827137,1.1888882315833638,1.0738560407702418,0.7832596177503043,38.537033,0.2851734676437081,0.24882546532414496
consumer-defensive,HSY,-0.2011508156537279,-0.0202169610133218,0.4939402034947882,0.4129156461840966,-0.0796917996365475,21.560875,-0.2793004207096071,-0.015555404082670199
consumer-defensive,CL,0.5178059888663201,0.0032045442977262,2.1628855646346685,0.94714100737253,-0.187560726809904,33.590553,0.1206981606124053,0.4120800050723723
consumer-defensive,MKC,-0.0873254313477605,-0.7276740319219379,0.0111292575239793,-0.2381441329208092,0.5611765323933938,8.055555,-0.7283655445059216,0.07169622026131765
consumer-defensive,DLTR,0.4920065682624155,0.4225155144465432,-0.0766059035742936,0.1388140795234064,-0.0543108755957577,13.887941,-0.5344329948797083,0.20233778864206453
consumer-defensive,SYY,0.0322673723956513,-0.0052958077033531,-0.0874602888351973,0.5289432206371724,-0.2002511888302989,21.300547,-0.2879565818037274,-0.022990658482732913
consumer-defensive,CASY,0.1557443498051196,-0.4516022825419203,-0.3273338558100373,0.1737044982858321,1.0434140891683992,29.30925,-0.0216593593652429,0.3606408583157378
consumer-defensive,PEP,-0.4899634295311537,-0.2461667086594122,0.358228091565423,1.599977123624659,-0.0923822616569424,16.608126,-0.443984178133872,-0.05453427474989569
consumer-defensive,PG,-0.8871440670191731,0.3929135267611212,0.62919679721334,2.0664778240073653,-0.403298581156617,21.94562,-0.2665072724498832,-0.1676403055271222
consumer-defensive,HRL,-0.4038733306553952,-0.8223891972867557,-0.5109337449417104,-0.3277209033408773,-0.6507625905543171,32.16129,0.0731737653346562,-0.5407698088743768
consumer-defensive,BF-A,-0.1591983278322363,0.2315695129408881,0.5959098090170512,-0.2473577677200013,-0.5873102804523427,17.309677,-0.4206569199375146,-0.20264504499160885
consumer-defensive,ELF,1.763080450757492,0.3721913411295203,-0.3246402722851984,-0.7545769402067731,1.7540799623105123,103.03061,2.429648099831034,1.1824790716472526
consumer-defensive,TGT,-0.5611532421206782,1.3889909376233958,-0.4290900467557159,0.978966841485552,-0.1621798027691142,16.237307,-0.4563142732475771,-0.06139541225580466
consumer-defensive,CELH,1.507980857202983,-0.4699669731365318,0.1845095769461162,-0.6499236797453699,0.17411744077135,118.91304,2.957754460445688,0.49945026115394897
consumer-defensive,PFGC,-0.3140188381757219,-0.4633077307906331,-0.8744954291763409,-0.1391176818176977,-0.0352751825651655,40.135967,0.3383395899312316,-0.27097342481176506
consumer-defensive,REYN,-0.5935737159694142,-0.5604725354663549,-0.0301408977520991,-0.9418793380458969,-0.4604056602483939,13.512501,-0.5469167427715085,-0.5171480629980281
consumer-defensive,INGR,-0.8407041790554436,-0.6290147221678657,-0.1095394265118531,-0.7447786483053018,-0.4413699672178016,10.482493,-0.6476674778613711,-0.5945991010357824
consumer-defensive,STZ,-0.1376376201944608,-0.5399924316542019,0.9635159990585932,0.0672435770537936,-0.7078696696460941,10.767619,-0.6381867589678131,-0.25682740747178134
consumer-defensive,MDLZ,-0.7107888579111492,-0.0217537158511833,-0.1074857727202127,1.0041550348260109,-0.2383225748914835,21.179487,-0.2919819454298231,-0.25807325794027247
consumer-defensive,BF-B,-0.0761754418966988,0.200791422548063,0.5959098090170512,-0.2639635438793529,-0.5873102804523427,16.903227,-0.4341717807158606,-0.17841832853990552
consumer-defensive,TSN,-0.4675461165458628,-0.2294569309658694,-0.8659014081273775,0.0093756615010677,-0.504822277319776,31.191357,0.0409225426521036,-0.45300404637105274
consumer-defensive,CHD,-0.8502293023469147,0.1084476596080361,0.1731791339958982,0.1693580195306031,-0.3969533501464195,30.198719,0.0079163564710338,-0.39468639895034824
consumer-defensive,ACI,1.227156810800591,-0.2350550351602929,-0.8406489540314308,-0.7935800536642633,-0.4857865842891837,72.5625,1.4165535867806418,0.07695890158392121
consumer-defensive,PM,-0.4381692100126171,0.6980570565970113,1.469837850253965,1.9782435883006044,0.1614269787509551,26.175585,-0.1258567912780873,0.2989366339720753
consumer-defensive,SEB,0.0460282913287864,0.0329547604630958,-0.7634843650739139,-1.0723170466022387,0.6309740735055656,5.9797344,-0.7973886135422673,0.07471445250949557
consumer-defensive,KVUE,-0.5631628711313255,0.207903240695363,0.1622239272744262,0.4609462008327026,-0.3081201160036554,21.02381,-0.2971583582269459,-0.22762682918179877
consumer-defensive,COST,-0.8605461094753117,0.0537578754396142,-0.3591548435447491,2.191470421549229,0.2058435958223372,43.850674,0.4618572377042599,-0.06475316895354688
consumer-defensive,FLO,0.6934265657848866,-0.9915824395602998,-0.568101316195591,-1.8880203413045888,0.0,21.346155,-0.2864400711126738,-0.08632398567404262
consumer-defensive,USFD,-0.3818579084756716,-0.1711369445717097,-0.5925123825356158,0.0899143779917532,-0.2129416508506938,28.815624,-0.0380729075669204,-0.2785555783627091
consumer-defensive,CLX,2.0313769967245308,-0.9221229442061856,0.8428173326049998,-0.4070353348980018,-0.6253816665135273,16.983229,-0.4315116358222962,0.4352786350199388
consumer-defensive,KMB,-0.20072698840507,-0.3765459392859209,0.8139352758951379,0.4289566667966488,-0.4604056602483939,19.254942,-0.3559749525319561,-0.15621100520445866
consumer-defensive,ADM,-0.7544081073186101,0.8919716614252181,-0.8584892117419594,0.5450341468877324,-0.0416204135753629,21.688524,-0.2750559663769829,-0.2199279220289462
consumer-defensive,PPC,0.1272569596256503,-0.2637139249378288,-0.4281219430717064,-0.7011578010818654,-0.6761435145951068,11.79476,-0.604033314227424,-0.32894088816754313
consumer-defensive,SFD,-0.2786391094614202,-0.8765399154667217,-0.2934955612796025,-0.6058196368106848,-0.6444173595441196,6.9591074,-0.7648235016095053,-0.5033967156041761
consumer-defensive,KR,-0.0079586283807791,0.4283646023559346,-0.610248893677979,0.4752101172770044,-0.3715724261056297,32.932583,0.0988200133708546,-0.10818680748653715
basic-materials,CTVA,-1.0984484885288517,0.448406592354712,0.096815594717181,1.1049232234681834,-0.7015730754207649,47.060608,0.1818571643162448,-0.17344063748241167
basic-materials,SW,-0.0034809766956975,0.1163788934694462,-0.5971841217107079,0.4079326934189013,-0.6073766695892266,47.419353,0.1882353251749825,-0.43787940686452087
basic-materials,AMCR,-0.2601722549069178,-0.0511025475868338,-0.389200102562166,0.2530609516723391,0.4083063150290975,17.588234,-0.3421349254993005,-0.018130421943702953
basic-materials,SLGN,0.1111262498001667,-0.9666932871199028,-0.323474308122871,-1.1828171589784209,-0.3739334029632409,13.735178,-0.410638767966023,-0.45148495686945467
basic-materials,VVV,1.3109420618006349,-0.3734817480691675,0.3610052126708662,-1.1433684206705577,0.3345873887261545,37.209877,0.0067200978925906,0.238783315038438
basic-materials,NEU,-0.3385694403637094,-0.0032337431906358,0.6062640547743227,-0.4828122883054461,-0.3657424111518028,19.45632,-0.3089220500419259,0.08454537246840177
basic-materials,ECL,-0.6364784133842875,0.1384229391065479,0.2506608843510156,1.4471398877352883,-0.2551640216973885,36.856377,0.0004351883786915,0.018857470071675132
basic-materials,CRH,-0.1699580803047634,-0.5906158744953057,0.0537710040061019,1.157950691022136,-0.4230793538318695,14.628976,-0.394747849850877,-0.23962959803937728
basic-materials,NEM,-0.0567206976061173,0.6901259675456451,1.9656078335575435,1.8419327965681376,-0.0340072427885598,14.768246,-0.3922717555142413,0.9064256745415782
basic-materials,AU,0.4400511850920991,0.7522537594996329,2.544357676876784,1.0301955812254784,0.453356769992007,12.695946,-0.4291153707494698,1.3397534408184841
basic-materials,ESI,0.1551016409209823,0.9136135269685516,-0.2873065315561319,-0.4234128103091973,1.657432566273407,48.373333,0.2051962246886163,0.6742265027364709
basic-materials,VMC,-0.5998262966561997,-0.5833308122412971,0.2094545039916238,0.6802876338971684,-0.55003972690916,28.881935,-0.1413431606844975,-0.2455361474412606
basic-materials,BALL,-0.514662417094382,-0.2701457977433308,-0.2596926126543524,0.0237570983208878,0.1543855688745164,16.24058,-0.3660949918247441,-0.11388477336250827
basic-materials,RS,-1.018275647211888,0.3477474543172411,-0.2573266820079588,0.2666407517130357,0.4328792904634118,22.526346,-0.2543397710735585,0.08684953666766575
basic-materials,JHX,0.0365352620594647,0.0790361607792648,-0.0831166982077136,0.015658731231285,1.964594759202336,115.045456,1.3905661261159354,0.7172420808571204
basic-materials,CCK,-0.3589452325835157,-0.2545151846633631,0.0674924655300804,-0.1988133484591567,0.0233296998915068,15.166907,-0.385183924363688,-0.026868460322968916
basic-materials,NUE,-0.8344372822295464,0.9573858145197818,-0.0272569783383785,1.1251142057165162,0.289536933763245,18.86602,-0.3194170488709351,0.25111752454836
basic-materials,ATR,-0.8141911785576313,-0.6707201109377697,-0.0797056459488677,-0.5424714273327484,-0.3944108824918362,22.272058,-0.2588607811738991,-0.3380855227825761
basic-materials,CRS,0.1333970637914225,-0.2214908149878138,0.6516653598593887,0.2500301020474824,-0.1363946404315361,36.889942,0.0010319436483775,0.17387519362621923
basic-materials,SOLS,0.7434381358870087,0.3134236959114776,0.1101207430255031,-0.4131904004679145,-0.1978270790173218,42.666664,0.1037368235831746,0.05136720325011353
basic-materials,LIN,-1.0625060568346638,0.2678961806826445,0.6046234568146686,2.3501823480032096,-0.2715460053202647,30.583117,-0.1110976870305397,0.1688471988153472
basic-materials,ASH,-0.3350584535471831,0.2303531835580209,-0.403249078574484,-1.326429260115172,-0.3534559234346457,43.538464,0.1192366372018941,-0.27559377422446935
basic-materials,FCX,-0.2708817021673789,1.4655090080364654,0.6396534036193975,1.6778596801723915,-0.9513983256696268,34.653465,-0.0387305898025891,0.1710226398261748
basic-materials,RPM,-0.5684900836151209,-0.6340214540138502,0.0559257678529197,-0.1175508762741174,-0.3575514193403648,19.085106,-0.3155218984161624,-0.2502873110746881
basic-materials,SON,-0.3643317799116697,-0.8634657840025497,-0.2223974182874508,-0.9465108235836354,-0.705668571326484,7.66405,-0.5185779196698413,-0.5326409522188618
basic-materials,LPX,-0.2159517805724171,-0.7777306461904269,-0.6619733109760553,-1.00455912324973,-1.1479821291441412,83.83118,0.8356045979635301,-0.850906904442991
basic-materials,DD,-0.8897960713328948,0.8053213049023024,-0.3528782037472735,0.1687863540681638,-0.4886072883233742,55.746784,0.3362894986353476,-0.20778424400831322
basic-materials,PKG,-0.7239806173285869,-0.2485977009575113,0.0644440321023663,0.3004452351016217,-0.050389226411436,29.774027,-0.1254825737026775,-0.063652019084818
basic-materials,AVY,-0.4269798540889513,0.1201837832808605,0.1980030913397298,-0.0945103634201235,-0.2060180708287599,18.65246,-0.3232139520556261,0.005808576833712697
basic-materials,GPK,1.0375494065598303,-1.315580061793457,-0.5709120353133113,-1.4553117333800687,-0.6810955958921696,13.923078,-0.407298076317758,-0.6947140232401494
basic-materials,CF,-0.3252140916469226,0.9364226780713776,1.5746239518131746,0.1635181316520507,0.0683801548544163,8.545994,-0.5028977549277583,0.8079887787591773
basic-materials,SMG,-0.0331927656702488,-0.7937827537422223,0.0290439182558894,-1.3817630910189511,-0.6073766695892266,19.964144,-0.2998933997194752,-0.37535476890990493
basic-materials,SCCO,0.1371170051849519,1.622014704331857,2.856158452529201,2.1375947629921703,1.0103442131697975,30.38081,-0.1146945220772962,1.8291881199896267
basic-materials,EXP,-0.1483814330330885,-0.9353308228807324,0.5583941202488294,-0.8745575816667597,-0.545944231003441,13.476754,-0.4152333123966308,-0.16835425193688885
basic-materials,PPG,-0.4631873815012212,-0.2842087231386687,-0.0495736594363037,0.4102128809383185,-0.3575514193403648,15.230658,-0.3840504893808859,-0.21884769230346698
basic-materials,AXTA,-0.21765890832731,-0.1798499924635986,-0.0407704470702081,-0.6398316480556129,-0.5254667514748458,19.73006,-0.3040552010169337,-0.2600541647352669
basic-materials,MLM,-0.4633781135548749,-0.5895441884691476,0.1073096154862241,0.7427887715784601,0.207627015648864,31.156494,-0.1009035637989953,0.0019545756776320022
basic-materials,AA,0.6305690518073206,0.5814679132644938,0.043744529179566,-0.2279690875078285,0.6335585898436451,8.731809,-0.4995941326892147,0.3821910003274961
basic-materials,SHW,0.4842413460468966,-0.1546232131923372,0.7942832104913548,1.4638642626533238,-0.3452649316232076,29.849491,-0.1241408921989805,0.1900295839465938
basic-materials,STLD,-0.5539205946857848,0.8308247007928786,-0.0800377088085951,0.6820335680560792,0.7154685079580262,20.128065,-0.2969790329516453,0.37272766400955115
basic-materials,EMN,-0.590907593462378,-0.1075908479670514,-0.3485905637619163,-0.5757039280097908,-0.2469730298859504,16.885416,-0.3546303923585356,-0.2782545995745363
communication-services,NYT,-0.3040160451018822,0.2256867232189047,0.342177178843883,-0.4315672935374303,-0.1713243817802156,26.0,-0.2240994439936874,-0.04862974268386624
communication-services,T,-0.4315578364217338,0.0140848755450714,0.3543364469074955,1.0831316798473136,-0.1956969886933448,8.052805,-0.3065720323060386,0.0697570946469818
communication-services,PINS,0.4928690286586194,-0.6169528957971581,-0.212076636257655,-0.4096140411471508,-0.1526387164801499,53.971428,-0.0955625853953062,-0.08557200571967993
communication-services,NWSA,-0.6663157101384729,-0.0633441969170899,-0.0185903036939304,-0.2098473988795991,-0.1726784154976117,27.815535,-0.2157565318772444,-0.21957538483732564
communication-services,ROKU,-0.2814268259277647,2.4615603960868917,-0.081056255775891,-0.0031378409794912,-0.1426188669714191,64.52543,-0.0470638722541311,-0.06552465785738669
communication-services,CHTR,1.1441151671299856,-0.7906517119811255,0.5187976335353606,-0.2477737397954479,-0.2065292584325133,2.8857663,-0.3303160800805843,0.2659456595953819
communication-services,TTD,0.908276200357224,-0.7165176886919623,0.2248343173063071,-0.7463416565494178,-0.1938013414889903,0.14488095,-0.3429112465721672,0.08255094994751545
communication-services,NWS,-0.6843872930575685,-0.2107259585083403,-0.0185903036939304,-0.1545750044805523,-0.1726784154976117,30.796116,-0.2020598940603256,-0.22142602395995448
communication-services,SIRI,-0.4772838183200347,-0.0883801880650574,0.2229066144437615,-0.5203977494491456,-0.1992174763585745,10.351999,-0.2960065662144166,-0.14764940232715368
communication-services,CMCSA,-0.2824543746602155,-0.8224696124790705,0.1951276803155159,0.6636536501692366,-0.2051752247151172,6.9743595,-0.311527803485814,-0.02076107413612264
communication-services,MTCH,-0.4974481035482296,0.528665082831662,0.8047124422234202,-0.4818174681350438,-0.2051752247151172,14.23759,-0.2781511438549239,0.0526604520717794
communication-services,NXST,0.5448587372981679,-0.3953613846384112,0.2427074795502106,-0.8250271889365997,-0.0334837493492964,30.542534,-0.20322517720844,0.0763736100392521
communication-services,FWONA,-0.6267110052554691,-0.4408701135733117,-0.0300274491876771,-0.0377790336899678,-0.1523679097366707,104.481476,0.1365457966856317,-0.2010005627406968
communication-services,SPOT,0.0103922361448228,-0.1381540013614647,0.4400987012488327,0.8051049541154265,-0.1642834064497561,26.95686,-0.219702393599319,0.16145795815370578
communication-services,EA,-0.7805662820574909,0.2538785201541102,0.2496869873530652,0.4585422533845276,-0.1507430692757955,59.743587,-0.069037833595349,-0.07175764643370453
communication-services,META,-0.2029226682478669,0.950565868734215,1.066194852809674,2.3875702715251497,-0.1260996556191871,27.859392,-0.2155549961884856,0.5237158207872258
communication-services,GOOG,-0.6204457364718353,0.9241211664639928,0.906936279770195,2.829271764643835,-0.1363903118713972,17.096838,-0.265012066512369,0.4326308504640072
communication-services,VZ,-0.5604496797206883,-0.1340949060147301,0.4079286794894145,1.1542025684515076,-0.2038211909977211,11.9453125,-0.2886848266145509,0.062293576414405555
communication-services,FWONK,-0.6122198007981996,-0.4618291925016173,-0.0300274491876771,0.0099156620674793,-0.1523679097366707,115.5,0.1871791237131567,-0.19393170233980755
communication-services,TMUS,-0.2083364350965289,-0.5046538414775738,0.4647640085664594,1.107681746207599,-0.1805318110585089,17.058577,-0.2651878869512409,0.1420922177988972
communication-services,FOXA,-0.2120745453501691,-0.1976218726252808,0.3504566342355494,0.081251461697811,-0.1258288488757079,16.315105,-0.2686043573343709,0.028709476219718928
communication-services,TIGO,0.1664557566581094,0.775213438685145,0.5671161949328984,-0.2402180412724894,-0.0410663381667143,21.730673,-0.2437182450398568,0.19501673893957414
communication-services,IRDM,0.5403461856756512,1.3190753220900595,0.6152968465140113,-0.8143532886932269,-0.1916348875411566,55.057472,-0.0905718968948971,0.18490603428501873
communication-services,GOOGL,-0.6048434839264972,0.9451952397151272,0.906936279770195,2.834568287407143,-0.1363903118713972,17.273092,-0.2642021280467533,0.4367466674233377
communication-services,VSNT,0.0118058256121442,-0.8327803494861069,0.3433796305939614,-0.8905702777262611,-0.2119453933020975,5.816514,-0.3168484407915773,-0.076900715580774
communication-services,OMC,-0.450055883329543,-0.3802339750803258,0.0212466940183422,-0.064459714294353,-0.0302340684275458,198.99998,0.5708858519584097,-0.1077178961484744
communication-services,FOX,-0.2632901876282375,-0.1510696017456493,0.3504566342355494,0.0232232689038448,-0.1258288488757079,14.661458,-0.2762033469394293,0.014192847063181926
communication-services,NFLX,-0.0156738741070714,-0.4668375949107512,0.8995352034862774,1.381641558000696,-0.1656374401671521,21.880503,-0.2430297325504767,0.35228997634803944
communication-services,TKO,-0.5667135075781758,-0.1153618912537789,0.2461040224838755,0.2185055878118883,-0.1526387164801499,62.839165,-0.0548127510694851,-0.06657759196898577
communication-services,DIS,-0.6920850266343793,0.1038668875086069,0.0992701694746255,1.1265876870065406,-0.1835106852367802,21.628866,-0.2441860778570917,-0.05079798152702109
communication-services,RDDT,0.7211655696661486,0.0085868315794873,0.7827536519869414,0.1011702201203114,-0.0364626235275677,33.12558,-0.1913553285022848,0.38659985183204937
utilities,NI,-0.3527570461774317,-0.4753288390569185,-0.0400389871938769,-0.2931808305583285,-0.1602869585525344,20.74468,0.338969135149151,-0.20696669189412908
utilities,DTE,-0.0446375073688172,-0.5638518749460585,-0.6656796962925955,0.0760750325560159,-0.4983164994930562,19.272152,0.0604236432043454,-0.43050603132447535
utilities,AEP,-0.4645103169442319,0.125963073318891,0.0055352500549279,1.2126370073460282,-0.027291729330034,20.668991,0.3246516962007503,0.1707325263237806
utilities,SRE,-0.4103668751611822,0.3373787130373081,-0.0905603414527502,0.9251376453135356,-0.4207359491132643,22.66279,0.7018015522945305,-0.05110381989639825
utilities,EXC,-0.2447591850644169,-0.4115555885153721,-0.3669259903030576,0.6787809981273785,0.1334108393138206,14.8529415,-0.7755205036846434,0.03397318718643423
utilities,NRG,2.861252503069425,-0.907795610938154,-0.3683415023557264,-0.2052452127164375,0.1943669860407999,24.908855,1.1266704039326718,-0.0009412043258317659
utilities,DUK,-0.5907092751489073,-0.1975175566063517,0.3196190765629906,1.600742855993709,-0.3542383345020141,17.222055,-0.3273756226836845,0.08649531748765422
utilities,SO,-0.4097830529969906,-0.3458336434716221,0.4408549977659252,1.6859748268386074,-0.4096530133447226,19.973494,0.1930904939613795,0.08506918213657695
utilities,AWK,-0.4153214255797527,0.3610466388339511,0.9382552349031276,0.0943604439408752,-0.0716234724042008,22.438475,0.6593698076855321,0.18906902539683976
utilities,FE,-0.3858826192253952,-0.0456141323385952,-0.057965669942471,0.0629334116801361,0.0724546925868412,23.2957,0.8215237085501579,0.010438817841820564
utilities,CWEN,0.5045200660768182,1.977840486487711,0.0407887032808904,-1.449818234465606,0.8427187285004892,34.034885,2.852963225429481,0.4675518409533212
utilities,OGE,-0.8061281603445637,0.5443482799682489,0.1790990025215801,-1.131278377793674,-0.6368531965998274,20.097345,0.2165183253661858,-0.41048862859530033
utilities,EIX,1.1639033526335767,0.3395740219640177,0.7129033691575758,-0.1713141353572202,-0.6423946644840983,5.5277777,-2.5394817581646203,-0.10245482437924146
utilities,ATO,-0.7756103298390252,-0.0337779487494285,0.8871921553147366,0.1273022730031518,-0.1492040227839927,18.646008,-0.058018646863,0.08004597982599729
utilities,IDA,-0.6059779251408204,0.1000610686303674,-0.0698057097980781,-1.3934739820836892,-0.1824528300896178,21.679932,0.515882734369243,-0.3294319432222529
utilities,CMS,-0.220216210516314,-0.9510907187094482,-0.2989572864443907,-0.2251177133931101,-0.4429018206503477,19.0,0.0089429836014297,-0.43775844039141004
utilities,PCG,1.007801370902264,-0.4645239519751027,-0.0484842132421775,0.5284737819713841,-0.4096530133447226,8.81295,-1.9180538909682423,-0.14039143882235533
utilities,ETR,-0.277574491142223,0.3603708828921668,0.0032077997629495,0.8373370362496647,-0.0882478760570134,25.386189,1.2169635826375809,0.1218080400055566
utilities,UGI,-0.1838572851504883,0.6977693535171614,-0.5500794625349292,-1.3792022385006335,-0.6645605360211816,11.850498,-1.343466988738906,-0.5548981966624921
utilities,MDU,-0.5421524990897505,0.5342362347794696,-0.6701795863865896,-2.1979942699877157,-0.0328331972143048,19.935484,0.1859004682716663,-0.43791199520871926
utilities,ED,-0.8757590257567357,0.6098565516815307,-0.2454878377840612,0.5617494905764594,0.3162792794947586,17.006655,-0.3681209932062904,0.2317245112491336
utilities,LNT,-0.396988271701325,-0.1977149686107436,-0.1747677771728533,-0.4518845561801911,-0.359779802386285,20.353699,0.265010612807931,-0.3190318458102027
utilities,PNW,-0.2446957076548167,0.190383657522516,-0.2337293085056793,-0.9079560159262144,-0.0217502614457632,17.857965,-0.20708598215894,-0.18137796475917622
utilities,WTRG,-0.5994830427950079,0.6313491259122057,0.5652141336955964,-0.9253867118948268,-0.2434089768165971,20.097435,0.2165353498942594,-0.09530845296594852
utilities,VST,2.037448679045361,-0.1758057144145675,1.0401390264430144,0.81172919603028,-0.7199752148638902,23.330524,0.8281110659460689,0.04632595191457483
utilities,CNP,-0.2182548674059868,0.140441578227683,0.0465452567365735,0.0219522514694845,0.1777425823879873,22.035929,0.5832236334868657,0.10625134283486198
utilities,NFG,-0.4319340636034863,-0.5014139020070184,2.038419309738175,-1.4513195222258009,-0.3542383345020141,10.56546,-1.5865466054781254,-0.08584377111361477
utilities,CEG,1.167734916770499,-0.4201692834931482,-0.3762999537971096,1.615784272577422,0.8593431321533018,24.806643,1.1073358365610075,0.5860509247573522
utilities,AES,0.3266214445062759,1.411770304412512,-0.3164394775276652,-0.9796309837981184,0.6875576277409056,5.580524,-2.529504192996577,0.31563908728429757
utilities,PPL,-0.4438005054523741,0.0334382421168098,0.0410430823412704,0.047263948991678,-0.1824528300896178,19.461538,0.0962481684680142,-0.08759560829453461
utilities,EVRG,-0.6864188905556278,0.503475517026511,0.1742400792027749,-0.3339501424682295,-0.1713698943210761,19.959288,0.1904032667856875,-0.06515107924085937
utilities,WEC,-0.5736887552596462,-0.1305494753662619,0.0068555059767306,0.390804198779495,-0.2711163162379514,19.916996,0.1824032518825213,-0.11076106042780304
utilities,NEE,-0.1270555652483639,-0.0002022543047846,0.3811010761358517,2.2994989299393045,0.2719475364205918,17.058558,-0.3583029478662954,0.5525488570112956
utilities,D,-0.4059909746459886,-0.57612558432711,0.2799927090762097,0.977633731880604,0.5601038664026758,20.941175,0.3761384089692041,0.3807700784226757
utilities,XEL,-0.396476280083099,-0.134162610458984,-0.1087164879446732,0.7469493400151955,-0.6978093433268067,19.30959,0.0675054685600807,-0.2755745921105077
utilities,AEE,-0.4968283106910916,-0.1432006029146909,0.265437749152934,0.1757798103984665,-0.7587654900537861,17.496479,-0.2754651883276239,-0.3265149788781105
utilities,PEG,-0.2843518908719288,-0.882921591766706,-0.1025412033452689,0.4173186440818832,-0.908385122929099,16.835,-0.4005914972780533,-0.5184080587594317
utilities,ES,-0.2077820468202707,-0.7799918194239673,-0.0193049469248159,0.018265091788466,-0.2877407198907639,16.578814,-0.4490520056007282,-0.2492835664156963
energy,SLB,0.1496144408905514,-0.154259384818973,-0.6860398105466462,0.6621046925689806,-0.8721903966502348,23.765854,0.4104020986357049,-0.12904402860189934
energy,XOM,-0.6119848374949831,0.3286310207456037,-0.7088774119402289,2.6128153007924744,0.4860168835225534,20.972937,0.1699653807238835,0.6536092372760759
energy,BKR,0.1826672857981048,-0.9070790152995856,-0.7316943509742451,0.4142159171435867,-1.129242413869637,18.0,-0.0859689040538656,-0.37311623718622655
energy,WFRD,0.9122249818232744,-0.7053070165091361,-0.4244208471033545,-1.5763684130133888,-1.3307156165551146,15.518737,-0.2995759435742094,-0.8536099019343659
energy,OXY,0.3272718092662188,1.2712492302752405,-0.0245030228024317,0.4270250158219478,0.8090687430009916,16.318583,-0.2307187784400866,0.4283037350124679
energy,TRGP,0.9547421089475132,-0.1150516370530321,0.9328269882524356,0.4682544516250547,-0.8999798039171972,25.842257,0.5891555389929585,0.4536507168471657
energy,HAL,0.4391616897238606,-0.2465009819881225,-0.5949601057953027,-0.2180793633208842,-0.9173481834590488,16.649214,-0.202255407534362,-0.38667825963622476
energy,WMB,-0.4159873680130905,-0.556183902660043,0.1252076602737093,0.7844707650280943,-0.7749274712158662,27.079681,0.6956829314021558,0.12271267031838284
energy,LNG,0.5291729248901564,0.0332291078279198,0.9481919228589692,0.4311993276624251,-0.2573497608686912,20.365631,0.1176836045707945,0.5036327181429877
energy,OKE,-0.5071728097823279,-0.7106081644658248,-0.6497759633637872,0.4021847313042504,0.7882266875507697,14.98594,-0.3454433868219911,-0.18979507290640252
energy,FANG,-0.2828930852838523,-0.2293419644643621,-0.1841795020570624,0.3641125392894846,0.7778056598256589,35.01143,1.3785115642832513,0.06202389391450805
energy,FTI,-0.4052551916232519,-0.1208088834924827,0.0166660500716756,-0.2133846563926321,-0.7332433603154227,24.085106,0.4378858738666855,-0.16576383975266615
energy,DINO,-0.0243128789403242,1.812539683924473,-0.4834936787339748,-0.5058611883158541,0.802121391184251,10.230696,-0.7548129671675157,0.02614345884620878
energy,CVX,-0.6771065986881935,0.6850774562869953,-0.5610011863649442,2.162922980959103,0.812542418909362,19.864788,0.0745670181813277,0.6454061119451404
energy,OVV,-0.1653254420315028,-0.1741801071754337,0.0080439708154713,-0.6605700200794934,-0.0141924472827701,16.150839,-0.2451595286698286,-0.2515355941024346
energy,DTM,-0.6431885862992612,-0.8509125936012772,0.1160389588788333,-0.8987737713668212,-0.6637698421480167,26.199562,0.6199152219672407,-0.4818445011615035
energy,TPL,1.4888984403302536,-0.4795278693840568,2.516500173568154,-0.362325122513647,0.0379126913427844,41.507004,1.9377027230299533,0.8140409208310717
energy,KMI,-1.0442562415360277,-0.6063795379187721,-0.3825614539789734,0.5970781346927753,-0.6707171939647573,19.705883,0.0608872000342871,-0.15890480219220057
energy,CHRD,0.3317907258792071,0.1445655725386625,-0.2533758784202156,-1.344115263975079,1.8754872468706745,9.0587845,-0.8557005176185744,-0.3347620138474559
energy,PR,-0.1975303564673546,0.644492531146716,0.502024601771856,-0.5722009152586229,0.8681212334432868,13.625808,-0.4625344690155692,0.1698038112965098
energy,EOG,-0.7723166274470775,-0.1293401545264322,0.5182374124539453,0.6615186099123377,0.9931735661446174,10.720622,-0.712636203783689,0.4287373043380346
energy,AR,0.4879718408732872,-0.5534546244319413,-0.258839147605488,-1.0492558612159273,-0.6081910276140918,9.567335,-0.8119204077504989,-0.5566097684214009
energy,VLO,-0.3964272539354991,2.2609269645810284,-0.2328882584568679,1.0425952157902467,0.7500162525586964,16.157148,-0.2446163992988859,0.6759192309822011
energy,MPC,0.1651043555891136,1.7802202411964048,-0.0612899783058254,1.0381866820420498,0.8194897707261025,13.588316,-0.4657620813749589,0.6920978822985129
energy,COP,-0.1775572010275072,0.1573241143720734,-0.1138861178852995,1.3038343827573733,0.1872807554027073,16.554234,-0.2104320484682905,0.4159517043007284
energy,PSX,-0.3260815585824615,1.486036133314612,-0.6899612078604467,0.966825661602476,0.7986477152758807,14.39177,-0.3965943106345022,0.3591835227439586
energy,EQT,0.0523735882025435,-1.0112296491552148,0.0086619678793736,-0.0982224943419168,-1.1813475524951915,11.266822,-0.6656149226917565,-0.29450468197539886
energy,AM,-0.6618438346483903,-0.9783340953583296,0.5816841900073686,-1.1108009287763707,-0.7575590916740147,24.289158,0.4554523082302355,-0.408644818889731
energy,MTDR,0.8876819544947349,-0.1136219908052209,0.2131318311661333,-1.4657558233483658,-0.1149290486255088,8.698146,-0.886747175035405,-0.3818335124275668
energy,DVN,-0.0217748368837173,0.0538040323778675,-0.0849251473647617,0.3499223322807278,1.184225741104984,10.008696,-0.7739245094641268,0.18914852204604835
energy,RRC,0.0134881902645688,-0.6471672424631106,0.3187599687963508,-1.1987991287290949,-0.7471380639489039,10.232045,-0.7546968344172539,-0.44324030458488634
energy,EXE,0.2047320511799485,-1.2208764195990296,0.0125625841806339,-0.4882401618997684,-1.4140838383560017,7.255392,-1.0109510223084002,-0.4670182428742701
energy,APA,0.9183223556575016,0.4451360848675208,0.9636567511820194,-0.7432502541635073,-0.726296008498682,8.914164,-0.868150611324462,0.17666635442251113
